    <poll filename = "${contribution_provider_dir}/CEEMEA-CZK-Close.xml"/>
	<poll filename = "${contribution_provider_dir}/CEEMEA-CZK.xml"/>
	<poll filename = "${contribution_provider_dir}/CEEMEA-HUF-Close.xml"/>
	<poll filename = "${contribution_provider_dir}/CEEMEA-HUF.xml"/>
	<poll filename = "${contribution_provider_dir}/CEEMEA-ILS-Close.xml"/>
	<poll filename = "${contribution_provider_dir}/CEEMEA-ILS.xml"/>
	<poll filename = "${contribution_provider_dir}/CEEMEA-PLN-Close.xml"/>
	<poll filename = "${contribution_provider_dir}/CEEMEA-PLN.xml"/>
	<poll filename = "${contribution_provider_dir}/CEEMEA-RUB-Close.xml"/>
	<poll filename = "${contribution_provider_dir}/CEEMEA-RUB.xml"/>
	<poll filename = "${contribution_provider_dir}/CEEMEA-TRY-Close.xml"/>
	<poll filename = "${contribution_provider_dir}/CEEMEA-TRY.xml"/>
	<poll filename = "${contribution_provider_dir}/CEEMEA-ZAR-Close.xml"/>
	<poll filename = "${contribution_provider_dir}/CEEMEA-ZAR.xml"/>

