  <component name="CEEMEA-ZAR-Close" lazy="true" class_name="com.rbsfm.fi.pricing.ecn.pricefeed.mpf.unified.ConfigurableContributionProvider">
    <monitor>
      <tradingsystem>
        <monitor_id value="15393"/>
        <monitor_number value="6"/>
      </tradingsystem>
      <tradingsystem_test>
        <monitor_id value="15405"/>
        <monitor_number value="6"/>
      </tradingsystem_test>

      <record_type value="ODD LOT BOND" comment="indicates this is a close"/>
      <odd_lot_flag value="Y" comment="indicates this is a close"/>
      <access_type value="ISIN"/>
      <load_indicator value="M"/>
      <load_type value="2"/>

      <send_packet_14 value="true"/>
      <lines_per_page value="15"/>
      <source_id_city_code value="LDN"/>
      <source_id_bank_code value="RBS"/>
      <function_name value="GDCO"/>
      <currency_flag value=""/>
      <special_flag value=""/>
      <time/>
    </monitor>
    <chainSubscriber name="MessageSubscriber">
      <subscription>
        <source_name>ceemea-ecnpricefeed-offshore</source_name>
        <type>EcnFeedPriceDetails</type>
        <att name="country" value="SOUTH AFRICA"/>
      </subscription>
    </chainSubscriber>
    
    <quote>
      <security_identifier msgField="instrumentId"/>
      <transaction code="A" type="price"   name="Ask"      msgField="midPrice" scaling="100"/>
      <transaction code="B" type="price"   name="Bid"      msgField="midPrice"  scaling="100"/>
    </quote>
  </component>
