  <component name="CEEMEA-TRY" lazy="true" class_name="com.rbsfm.fi.pricing.ecn.pricefeed.mpf.unified.ConfigurableContributionProvider">
    <monitor>
      <tradingsystem>
        <monitor_id value="15392"/>
        <monitor_number value="4"/>
      </tradingsystem>
      <tradingsystem_test>
        <monitor_id value="15406"/>
        <monitor_number value="4"/>
      </tradingsystem_test>

      <record_type value="BOND"/>
      <access_type value="ISIN"/>
      <load_indicator value="M"/>
      <load_type value="2"/>
      <clear_monitor_on_empty_chain value="true"/>

      <send_packet_14 value="true"/>
      <lines_per_page value="15"/>
      <source_id_city_code value="LDN"/>
      <source_id_bank_code value="RBS"/>
      <function_name value="GDCO"/>
      <odd_lot_flag value=""/>
      <currency_flag value=""/>
      <special_flag value=""/>
      <time/>
    </monitor>
    <chainSubscriber name="MessageSubscriber">
      <subscription>
        <source_name>ceemea-ecnpricefeed-offshore</source_name>
        <type>EcnFeedPriceDetails</type>
        <att name="country" value="TURKEY"/>
        <!--<att name="marketStatus" value="ON"/>-->
      </subscription>
    </chainSubscriber>
    
    <quote>
      <security_identifier msgField="instrumentId"/>          
      <transaction code="A" type="price"   name="Ask"      msgField="askPrice" scaling="100" >
      </transaction>
      <transaction code="Z" type="size"    name="AskSize"  msgField="sellSize" value ="0">
        <predicate name="IsEnabledPredicate"/>
      </transaction>
      <transaction code="B" type="price"   name="Bid"      msgField="bidPrice"  scaling="100">
      </transaction>
      <transaction code="Z" type="size"    name="BidSize"  msgField="buySize" value ="0">
        <predicate name="IsEnabledPredicate"/>
      </transaction>
      <transaction code="Y" type="yield"   name="BidYield" msgField="bidYield" scaling="100">
      </transaction>
      <transaction code="X" type="yield"   name="AskYield" msgField="askYield" scaling="100">
      </transaction>
    </quote>
  </component>
