<?xml version="1.0" encoding="UTF-8"?><metadata>
  <groupId>org.simpleframework</groupId>
  <artifactId>simple-xml</artifactId>
  <version>1.7.3</version>
  <versioning>
    <versions>
      <version>1.7.3</version>
      <version>1.8</version>
      <version>2.0</version>
      <version>2.0.1</version>
      <version>2.0.2</version>
      <version>2.0.3</version>
      <version>2.0.4</version>
      <version>2.1</version>
      <version>2.1.1</version>
      <version>2.1.2</version>
      <version>2.1.3</version>
      <version>2.1.6</version>
      <version>2.1.7</version>
      <version>2.1.8</version>
      <version>2.1.9</version>
      <version>2.2</version>
      <version>2.2.1</version>
      <version>2.2.2</version>
      <version>2.2.3</version>
      <version>2.2.4</version>
      <version>2.3</version>
      <version>2.3.1</version>
      <version>2.3.2</version>
      <version>2.3.3</version>
      <version>2.3.4</version>
      <version>2.3.5</version>
      <version>2.3.6</version>
      <version>2.4</version>
      <version>2.4.1</version>
      <version>2.5</version>
      <version>2.5.1</version>
      <version>2.5.2</version>
      <version>2.5.3</version>
      <version>2.6</version>
      <version>2.6.1</version>
      <version>2.6.2</version>
      <version>2.6.3</version>
      <version>2.6.4</version>
      <version>2.6.5</version>
      <version>2.6.6</version>
      <version>2.6.7</version>
      <version>2.6.7</version>
    </versions>
    <lastUpdated>20100305202744</lastUpdated>
  </versioning>
</metadata>