<?xml version="1.0"?>

<!--  
============================================================================

The clientmux is an socket based message "multiplexer" that performs the 
following functions in the centralised pricing architecture.

One-Many message distribution: 
Allows many clients to receive messages without loading backend centralised
pricing servers.

Many-One message distribution:
Takes messages from many baskend centralised pricing servers and combines
into a single stream of messages for the client.

Throttling:
Throttles the bytes / second message transfer rate according to client -> server topography

Message routing:
routes messages from client based to backend centralised pricing server.

The clientmux dynamically creates sinks based on the associated host attributes
of the clientmux in question.  It achieves this by reading the host attribute

<hostattribute name="dynamic_sink_prefix" value="<some value>"/>

from the server_details.xml server block and then queries each of the host 
attributes to deduce whether they relate to a DyamicSink

eg

<hostattribute name="<dynamic_sink_prefix value>.<sink name>.<optional suffix>" value="<some server value>"/>
<hostattribute name="<dynamic_sink_prefix value>.<sink name>.<optional suffix>" value="<some server value>"/>
<hostattribute name="<dynamic_sink_prefix value>.<sink name>.<optional suffix>" value="<some server value>"/>

Having deduced that a host attribute refers to a DynamicSink, the DynamicSinkFactory will
create a new SocketClientSink instance and if appropriate apply the sink configuration
parameter overrides as specified in the DynamicSinkConfiguration component.

Having created the SocketClientSink, it is then added to the DynamicSinkCollection keyed by sink name

Mux messages received by the clientmux will be routed by the DynamicSinkCollection to
the correct SocketClientSink instance unless specified that the message should be
routed via SOAP.  The logic for routing messages is as follows.

1.  If the message contains a destinationType/Name then the SocketClientSink
    can be located in the DynamicSinkCollection and routed accordingly.
2.  If the message has no destination name the sinkcollection will query
    The predicates on each of the sinks in a bid to deduce whether the
    sink handles the given message type
3.  If the routing still cannot be derived, then each of the stale message maps
    of the stored SocketClientSinks will be queried to determine what message types
    have been received by the SocketClientSink instance.   


If you want to chain clientmux instances together, you just need to add a
ClientMuxSink host attribute to server_details.xml along with the corresponding
dynamic sink prefix and set the deliver.all.sinks property in all.properties to
be true.  This will then force all messages to be routed to the next clientmux.
Also check that the ${message.predicate} == AlwaysTruePredicate as without this
messages will end up being routed to the SOAP handler delegates when it should
all just be forwarded down the socket.
============================================================================
-->

<app app_name="@{server.group} @{server.type} @{server.instance}">
  <xi:include href="../includes/Logging.xml"/> 
  <!--  
  ============================================================================
  Properties referred to by subsequent components.
  ============================================================================
  -->
  
  <component name="SystemProperties" class_name="com.rbsfm.common.properties.ConfigurableProperties">
    <property name="server_name"        value="@{serverName}"/>
    <property name="basedir"            value="${deploy.dir}/"/>
    <property name="bindir"             value="${basedir}/bin"/>
    <property name="configdir"          value="${basedir}/config"/>
    <property name="logdir"             value="${log.dir}"/>
    <property name="logFormat"          value="\${time} \${logname} [\${thread}] \${message}"/>
    <property name="logFile"            value="${server_name}.log"/>
    <property name="serverDetailsURL"   value="http://localhost:8080/work/development/head/cpenvironment/local/local-all_server_details.xml"/> <!-- http://lonms05242:8080/uat-all_server_details.xml"/--> 
    <property name="serverDetailsURL2"  value="http://localhost:8080/work/development/head/cpenvironment/local/local-all_server_details.xml"/> <!--  -->http://lonms05242:8080/uat-all_server_details.xml"/-->
    <property name="systemUserName"     value="${system.account}"/>
    <property name="systemUserPassword" value="${system.password}"/>
   
    <property name="socket_queue_replaceable"          value="@{socket.queue.replaceable}"/>
    <property name="socket_queue_sendingthread_accept" value="@{socket.queue.sendingthread.accept}"/>
    <property name="no_delay"                          value="@{no.delay}"/>
    <property name="send_buffer_size"                  value="@{send.buffer.size}"/>
    <property name="recieve_buffer_size"               value="@{recieve.buffer.size}"/>
    <property name="sso_socket_token"                  value="@{sso.socket.token}"/>
    
    <property name="message_protocol"                  value="@{message.protocol}"/>
    <property name="binv2.check.subs.pre.conversion"   value="@{binv2.check.subs.pre.conversion}" />
    <property name="binv2.update.cache.size"           value="@{binv2.update.cache.size}"/>
    <property name="message.type.repository.remote"    value="${message.type.repository.remote}"/>
    <property name="message.type.repository.location"  value="${message.type.repository.location}"/>
    
    <!-- following properties are defined to enable globalisation changes where autoquoter will handle book subscription messages from clientmux instead of ecnspreads -->
    <property name="globalisation.enabled"             value="@{globalisation.enabled}"/>
    <property name="globalisation.disabled"            value="@{globalisation.disabled}"/>
    <property name="aq.bookstatus.host"                value="${aq.bookstatus.host}"/>
  </component>

  <component name="MessageTypeRepository" class_name="com.rbsfm.fi.pricing.external.message.MessageTypeRepository">
    <desc>Manages Message Type metadata</desc>
    <external enabled="${message.type.repository.remote}" url="${message.type.repository.location}"/>
    <!--
    Add entries to overide system message type information here. The following line is a template
    <message_type symbolicName="A_MESSAGE_TYPE" literal="aMessageType" intern_id="true|false" combinable="true|false"/>
    -->
  </component>

  <component name="BINV2ProtocolConverterProperties" class_name="com.rbsfm.fi.pricing.mux.socket.BINV2ProtocolProperties">
    <checkSubscriptionsBeforeConversion>${binv2.check.subs.pre.conversion}</checkSubscriptionsBeforeConversion>
    <updateCacheSize>${binv2.update.cache.size}</updateCacheSize>
  </component>

  <!--  
  ============================================================================
  Hostname resolver - URL resolver that allows HostSelectors to map logical 
  servers and connections to physical hosts and ports
  ============================================================================
  -->
  
  <component name="HostnameResolver" lazy="true" class_name="com.rbsfm.fi.pricing.mux.failover.HostnameResolver">
    <serverDetailsURL>${serverDetailsURL}</serverDetailsURL>
    <serverDetailsURL2>${serverDetailsURL2}</serverDetailsURL2>
  </component>
  
  
  <xi:include href="../includes/sso.xml"/>
  
  <!--  
  ============================================================================
  exports public static final instance variables as system properties
  ============================================================================
  -->
  
  <component name="ClassConstants" class_name="com.rbsfm.common.properties.ClassConstantsProperties">
    <class name="MessageTypes" package="com.rbsfm.fi.pricing.external.message"/>
    <class name="MuxAttributeNames" package="com.rbsfm.fi.pricing.mux"/>
    <class name="MessageTypeRepository" package="com.rbsfm.fi.pricing.external.message"/>
  </component>

  <!--  
  ============================================================================
  System properties determined at runtime using Hostname Resolver
  ============================================================================
  -->
  
  <component name="ServerSystemProperties" class_name="com.rbsfm.fi.pricing.util.ServerSystemProperties">
    <logProperties>true</logProperties>
    <hostnameResolver>HostnameResolver</hostnameResolver>
    <server_name>${server_name}</server_name>
    <host>${host:primary}</host>
    <property name="out_port" value="%socket_port%"/>
    <property name="remote_out_port" value="%socket_port_remote%"/>    
    <property name="savy_port" value="%proc_socket_port%"/>
    <property name="jmx_port" value="%jmx_port%"/>
    <property name="soap_url" value="http://localhost:%bootstrap_port%"/>
    <property name="availability_check_port" value="%availability_check_port%"/>
    <property name="dynamic_sink_prefix" value="%dynamic_sink_prefix%"/>
    <!-- Following switch will load properties from server_details.xml rather than defining them in the template -->
    <useServerAttributes>true</useServerAttributes>
  </component>
  
  <!--  
  ============================================================================
  Global settings component
  ============================================================================
  -->
  
  <component name="FIConfig" class_name="com.rbsfm.fi.pricing.external.detail.FIConfig">
    <db_name>FiDb</db_name>
    <databaseDeadlockRetries>2</databaseDeadlockRetries>
    <precision yield="8" point="8" price="8" spread="8"/>
    <tolerance bestprice="4"/>
    <rounding closingprice="0.00005"/>
    <pricingCache priceYield="false" forwardPrice="false"/>
    <jaxpDocFactoryClass>com.rbsfm.common.xml.tiny.jaxp.DocumentBuilderFactoryImpl</jaxpDocFactoryClass>
  </component>
  
  <xi:include href="..\includes\AllBeforeControlManager.xml"/>
   
  <component name="TaskScheduler" class_name="com.rbsfm.common.thread.TaskScheduler">
    <threadGroupName>Scheduling</threadGroupName>
  </component>
  
   <!-- please do not move this component below the control -->
   <component name="UserBookPermissions" lazy="true" class_name="com.rbsfm.ficommon.permission.UserPermissionSink">
     <permissionSink>AQAdminSink</permissionSink>
     <scheduler>TaskScheduler</scheduler>
     <delay>10000</delay>
   </component>
   
   
  <!--
  ============================================================================
  Debug Control that monitors the number of messages received.
  ============================================================================
  -->

  <component name="MessageCounter" class_name="com.rbsfm.fi.pricing.remote.MessageDebugger">
    <storeAllFromSource></storeAllFromSource>
    <maxSize>0</maxSize>
    <bucketPeriodSecs>30</bucketPeriodSecs>
    <bucketCount>120</bucketCount>
    <sinkCollection>DataSinkCollection</sinkCollection>
    <minBytesToLog>5000</minBytesToLog>
  </component>
 
  
  <!--  
  ============================================================================
  Message Predicates
  ============================================================================
  -->
  
  <!-- Predicate used to force message to be handled by SOAP delegates.  When SOAP is removed from the upstream
       server it is just a case of removing the entry from this predicate to force the message to be handled by
       the DynamicSinkCollection -->      
  <component name="GridMessagePredicate" class_name="com.rbsfm.ficommon.mux.predicate.ConfigurableMessagePredicate" lazy="true">
    <predicate>
        <and>
          <!-- following destination types still processed via SOAP -->
          <attribute name="destinationType">
            <and>
              <notequals>SP</notequals>
              <notequals>EB</notequals>              
              <notequals>ES</notequals>              
              <notequals>EI</notequals>
              <notequals>AT</notequals>
              <notequals>EA</notequals> 
              <notequals>AQ</notequals>
              <notequals>CHB</notequals>
              <notequals>JS</notequals>
            </and>
          </attribute>
          <!-- not clean, but annoyingly the rates-etdpricing-master shares the same destination name as the actual pricing -->
          <attribute name="destinationName"><notequals>rates-etdpricing-master</notequals></attribute>
        </and>    
    </predicate>
  </component> 
  
  <!-- Delegate used for when clientmux is configured to connect to another clientmux -->
  <component name="AlwaysTruePredicate" class_name="com.rbsfm.ficommon.mux.predicate.ConfigurableMessagePredicate" lazy="true">
    <predicate><true/></predicate>
  </component>         
  
  <component name="MarkServicePredicate" class_name="com.rbsfm.ficommon.mux.predicate.ConfigurableMessagePredicate" lazy="true">
    <predicate>
      <or>
    	<attribute name="action"><equals>CloseMarkQuery</equals></attribute>
      </or>
    </predicate>
  </component>  
    
  <component name="RiskServerSinkPredicate" class_name="com.rbsfm.ficommon.mux.predicate.ConfigurableMessagePredicate" lazy="true">
    <predicate>
      <and>
        <or>
          <attribute name="type">
            <or>
              <equals>riskbucket</equals>
              <equals>riskinstrument</equals>
              <equals>riskbasket</equals>
              <equals>StripHedge</equals>
              <equals>Book</equals>
            </or>
          </attribute>
        </or>
        <attribute name="RiskBookId"><matches>^[^\.]+$</matches></attribute>
      </and>
    </predicate>
  </component>  
    
  <component name="ResettableSinkPredicate" class_name="com.rbsfm.ficommon.mux.predicate.ConfigurableMessagePredicate" lazy="true">
    <predicate>
        <type><equals>Book</equals></type>
    </predicate>
  </component> 
    
  
  <component name="TradeHistoryPredicate" class_name="com.rbsfm.ficommon.mux.predicate.ConfigurableMessagePredicate" lazy="true">
    <predicate>
      <attribute name="action">
    	<or>
          <equals>TradeSearch</equals>
          <equals>TradeHistory</equals>
          <equals>SaveTrade</equals>
        </or>
      </attribute>
    </predicate>
  </component>
    
  <component name="PNLStaticPredicate" class_name="com.rbsfm.ficommon.mux.predicate.ConfigurableMessagePredicate" lazy="true">
    <predicate>
      <attribute name="type">
        <or>
		  <equals>pnlcounterparty</equals>
		  <equals>pnlbook</equals>
		  <equals>pnlsalesperson</equals>
		  <equals>pnltrader</equals>
		  <equals>pnlbroker</equals>
		</or>
      </attribute>
    </predicate>
  </component>   

  <component name="PNLSinkPredicate" class_name="com.rbsfm.ficommon.mux.predicate.ConfigurableMessagePredicate" lazy="true">
    <predicate>
      <and>
        <attribute name="type">
          <or>
            <equals>pnlposition</equals>
            <equals>pnlpositionsummary</equals>
            <equals>pnldetail</equals>
            <equals>pnlinstrument</equals>
            <equals>pnltradesource</equals>
            <equals>pnltradeversion</equals>
            <equals>pnladjustment</equals>
            <equals>pnlserverinfo</equals>
            <equals>pnlforwardsettledpositionvector</equals>
          </or>
        </attribute>
        <attribute name="PosBookId"><matches>^[^\.]+$</matches></attribute>
      </and>
    </predicate>
  </component>  
  
  <component name="RiskAggregatorPredicate" class_name="com.rbsfm.ficommon.mux.predicate.ConfigurableMessagePredicate">
    <predicate>
      <and>
        <attribute name="type">
          <or>
            <equals>riskbucket</equals>
            <equals>riskinstrument</equals>
          </or>
        </attribute>
        <!-- Aggregates have a . delimited list of books -->
        <attribute name="RiskBookId"><matches>.*\..*</matches></attribute>
      </and>
    </predicate>
  </component>

  <component name="PNLAggregatePredicate" class_name="com.rbsfm.ficommon.mux.predicate.ConfigurableMessagePredicate">
    <predicate>
      <and>
        <attribute name="type">
          <or>
            <equals>pnlposition</equals>
            <!-- <equals>pnlpositionsummary</equals> -->
          </or>
        </attribute>
        <!-- Aggregates have a . delimited list of books -->
        <attribute name="PosBookId"><matches>.*\..*</matches></attribute>
      </and>
    </predicate>
  </component>
  
   
  <component name="PNLDataPredicate" class_name="com.rbsfm.ficommon.mux.predicate.ConfigurableMessagePredicate" lazy="true">
    <predicate>
      <attribute name="action">
        <or>
          <equals>PnLData</equals>
          <equals>PnLBookData</equals>
          <equals>GetPosition</equals>
        </or>  
      </attribute>
    </predicate>
  </component>
  
  <component name="TradeEntryMessagePredicate" class_name="com.rbsfm.ficommon.mux.predicate.ConfigurableMessagePredicate" lazy="true">
    <predicate>
      <attribute name="action">
        <or>
          <equals>GetContractTrade</equals>
          <equals>GetTrade</equals>
          <equals>SaveContractTrade</equals>
          <equals>SaveTrade</equals>
          <equals>SaveSwapTrade</equals>
          <equals>SaveASWTrade</equals>
          <equals>EnrichTrade</equals>
          <equals>EnrichASWTrade</equals>
          <equals>EnrichSwapTrade</equals>
          <equals>EnrichSpreadTrade</equals>
          <equals>RevertTrade</equals>
          <equals>RevertContractTrade</equals>
          <equals>AutoCancel</equals>
        </or>  
      </attribute>
    </predicate>
  </component>
    
  
  <component name="TradeDataSinkPredicate" class_name="com.rbsfm.ficommon.mux.predicate.ConfigurableMessagePredicate" lazy="true">
    <predicate>
      <or>
        <attribute name="action"><equals>TradeHistory</equals></attribute>
        <attribute name="action"><equals>TradeSearch</equals></attribute>
        <attribute name="action"><equals>AutoCancel</equals></attribute>
        <attribute name="type"><equals>pnltradeleg</equals></attribute>
      </or>  
    </predicate>
  </component>
  
  <component name="ExchangeDataSinkPredicate" class_name="com.rbsfm.ficommon.mux.predicate.ConfigurableMessagePredicate" lazy="true">
    <predicate>
      <or>
       <and>
         <attribute name="type"><equals>MarketDepth</equals></attribute>
         <attribute name="id"><notnull/></attribute>
       </and>
       <attribute name="type"><equals>Switch</equals></attribute>
      </or>
    </predicate>
  </component>  
  
  <component name="RiskAggregationPredicate" class_name="com.rbsfm.ficommon.mux.predicate.ConfigurableMessagePredicate" lazy="true">
    <predicate>
      <attribute name="type"><equals>riskAggregation</equals></attribute>
    </predicate>
  </component>   
   
  <component name="AdhocPricingSinkPredicate" class_name="com.rbsfm.ficommon.mux.predicate.ConfigurableMessagePredicate" lazy="true">
    <predicate>
      <or>
        <and>
           <attribute name="action"><equals>ConfigureAdhocSwap</equals></attribute>
           <attribute name="guid"><notnull/></attribute>
        </and>
        <and>
           <attribute name="action"><equals>ConfigureAdhocSwapSpread</equals></attribute>
           <attribute name="guid"><notnull/></attribute>
        </and>
        <and>
           <attribute name="action"><equals>HeartbeatAdhocNode</equals></attribute>
           <attribute name="guid"><notnull/></attribute>
        </and>
        <and>
           <attribute name="type"><equals>AdhocSwap</equals></attribute>
           <attribute name="guid"><notnull/></attribute>
         </and>
        <and>
           <attribute name="type"><equals>AdhocSwapSpread</equals></attribute>
           <attribute name="guid"><notnull/></attribute>
         </and>
        <and>
           <attribute name="type"><equals>Swap</equals></attribute>
           <attribute name="id"><notnull/></attribute>
         </and>        
      </or>
    </predicate>
  </component>

    
 
  <component name="DerivativesSinkPredicate" class_name="com.rbsfm.ficommon.mux.predicate.ConfigurableMessagePredicate" lazy="true">
    <predicate>
      <attribute name="type">
        <or>
          <equals>InterestRateFuture</equals>
          <equals>Option</equals>
        </or>
      </attribute>
    </predicate>
  </component>
 
  <component name="CapriceRiskSinkPredicate" class_name="com.rbsfm.ficommon.mux.predicate.ConfigurableMessagePredicate" lazy="true">
    <predicate>
      <attribute name="type">
        <or>
          <equals>CurvePointDeltaPL</equals>
          <equals>InstrumentDeltaPL</equals>
          <equals>RiskModelPL</equals>
        </or>
      </attribute>
    </predicate>
  </component>

  <component name="PricingMasterSinkPredicate" class_name="com.rbsfm.ficommon.mux.predicate.ConfigurableMessagePredicate" lazy="true">
    <predicate>
      <or>
        <attribute name="type"><equals>CloseMessage</equals></attribute>
        <attribute name="type"><equals>LoadCurveMessage</equals></attribute>
        <attribute name="type"><equals>CloseForOwnerMessage</equals></attribute>
        <attribute name="gridType"><equals>Run</equals></attribute>    
      </or>  
    </predicate>
  </component>
  
  <component name="PricingInstmaintSinkPredicate" class_name="com.rbsfm.ficommon.mux.predicate.ConfigurableMessagePredicate" lazy="true">
    <predicate>
      <attribute name="action"><equals>RequestBondsAction</equals></attribute>
    </predicate>
  </component> 
  
 <component name="OrderManagerSinkPredicate" class_name="com.rbsfm.ficommon.mux.predicate.ConfigurableMessagePredicate" lazy="true">
    <predicate>
        <attribute name="type">
          <or>
            <equals>OrderEvent</equals>
            <equals>Security</equals>
            <equals>Bond</equals>        
            <equals>Security</equals>
            <equals>OrderStatus</equals>
            <equals>ExchangeStatus</equals>
            <equals>ExchangeCapabilities</equals>
            <equals>StrategyCapabilities</equals>            
            <equals>BrokerStatus</equals>            
          </or>
        </attribute>  
    </predicate>
  </component>
   
  <component name="BBPricingSinkPredicate" class_name="com.rbsfm.ficommon.mux.predicate.ConfigurableMessagePredicate" lazy="true">
    <predicate>
    	<or>
    		<attribute name="action"><equals>RequestBondsAction</equals></attribute>
    		<attribute name="action"><equals>CreateLoansAction</equals></attribute>
    		<attribute name="action"><equals>CreateWhatIfLoansAction</equals></attribute>
      </or>
    </predicate>
  </component>   
    
    <component name="InternalBrokerPredicate" class_name="com.rbsfm.ficommon.mux.predicate.ConfigurableMessagePredicate" lazy="true">
     <predicate>      
       <attribute name="type">
         <or>
          <equals>submitCdsArbitrageInquiry</equals>
          <equals>CdsArbitrageInquiryMsg</equals>
         </or>
       </attribute>        
     </predicate>
    </component>
        
  <component name="ServicePredicate" class_name="com.rbsfm.ficommon.mux.predicate.ConfigurableMessagePredicate" lazy="true">
    <predicate><attribute name="gridType"><equals>Service</equals></attribute></predicate>
  </component>        
  <!--  
  ============================================================================
  Control Manager for this server
  ============================================================================
  -->
  <component name="ControlManager" lazy="true" class_name="com.rbsfm.common.system.ControlManager">
    <logComponentsAfterControlsStarted>${log.components.after.controls.started}</logComponentsAfterControlsStarted>
    <control>logger.file.all</control>
    <control>SoapService</control>
    <control>JmxWebAdministrator</control>
    <control>ServerAvailabilityScanner</control>
    <control>MemoryLogger</control>
    <control>Cron</control>
    <control>DataSinkManager</control>    
    <control>BookSource</control>
    <control>PNLBookOwnerProvider</control>
    <control>ClientService</control>
    <control>HeartbeatGenerator</control>
    <control>SocketServerSource</control>
    <control>ServerAvailabilityCheck</control>
    <control>GridBackedMessageDispatcher</control>    
    <control>MessageCounter</control>
  </component>
  
  <!--  
  ============================================================================
  Dynamic Sink Components
  ============================================================================ 
  -->
  <component name="HostSelectorFactory" class_name="com.rbsfm.fi.pricing.mux.failover.HostSelectorFactory">
    <jmxDomain>REMOTE_</jmxDomain>
    <serverAvailabilityScanner>ServerAvailabilityScanner</serverAvailabilityScanner>
  	<hostnameResolver>HostnameResolver</hostnameResolver>
  </component>

  <!-- Component that will hold a collection of dynamically created SocketClientSink objects keyed by SinkName  -->
  <component name="DataSinkCollection" class_name="com.rbsfm.fi.pricing.mux.router2.DynamicSinkCollection">
    <hostSelectorFactory>HostSelectorFactory</hostSelectorFactory>
    <sendSecurityMessage>true</sendSecurityMessage>
    <security_helper>SecurityHelper</security_helper>
    <boostrapSourceType>PS</boostrapSourceType>
    <deliver_all_sinks>@{deliver.all.sinks}</deliver_all_sinks>
    <deliver_subs_all_sinks>@{deliver.all.subs.sinks}</deliver_subs_all_sinks>
    <sinkConfiguration>DynamicSinkConfiguration</sinkConfiguration>
  </component>

  <!-- Component that dynamically creates SocketClientSink objects based on the associated server 
       configuration in server_details.xml -->
  <component name="DynamicSinkFactory" class_name="com.rbsfm.fi.pricing.mux.router2.DynamicSinkFactory">
    <hostSelectorFactory>HostSelectorFactory</hostSelectorFactory>
    <message_protocol>${message_protocol}</message_protocol>
    <kill_on_overflow>true</kill_on_overflow>
    <isolate_writer_protocol>true</isolate_writer_protocol>
    <sinkConfiguration>DynamicSinkConfiguration</sinkConfiguration>    
    <use_stub_queue>true</use_stub_queue>
  </component>

  <!-- Controller component that will deduce which host attributes in server_details.xml relate
       to DynamicSinks and via the DynamicSinkFactory will create the corresponding SocketClientSink
       instance before adding it to the DynamicSinkCollection -->
  <component name="DataSinkManager" class_name="com.rbsfm.fi.pricing.mux.router2.DynamicSinkManager">
    <server_name>${server_name}</server_name>
    <sinkNamePrefix>${dynamic_sink_prefix}</sinkNamePrefix>
    <hostnameResolver>HostnameResolver</hostnameResolver>
    <sinkFactory>DynamicSinkFactory</sinkFactory>
    <sinkCollection>DataSinkCollection</sinkCollection>
    <sinkConfiguration>DynamicSinkConfiguration</sinkConfiguration>
  </component>
  
      
  <!--  
  ================================================================================================
  DynamicSinkConfiguration provides the ability to override default Sink Configuration as specified
  in the DynamicSinkFactory.  It also enables 0..* MessagePredicates to be associated with the sink
  which are then in turn used by the RPC and SUB related message delegates to deduce which sink the
  message should be routed to should the received message not have a specified destination name
  in the mux message.  So in essence, when a message is received by the SocketServerSource unless
  the message contains server information it is not possible to deduce which of the Sinks the message
  should be forwarded to.  In this case the DynamicSinkCollection will apply each of the predicates
  associated with each of the sinks managed by the collection to deduce whether the message should
  be forwarded to the Sink.
  
  IMPORTANT - The SinkName used in server_details.xml must match the name given in the overriding
  sink configuration block, otherwise, you will just get a no frills vanilla Sink
  ================================================================================================
  -->       
  <component name="DynamicSinkConfiguration" class_name="com.rbsfm.fi.pricing.mux.router2.DynamicSinkConfiguration">
    <sink sink_name="TradeDataSink">
      <sink_configuration>
        <stale_message_delay>20</stale_message_delay>
        <use_stub_queue>true</use_stub_queue>
        <resettable>
          <type>Book</type>
        </resettable>
        <strict_subscription_sending>true</strict_subscription_sending>
      </sink_configuration>
      <predicates><predicate name="TradeDataSinkPredicate"/>
                  <predicate name="ResettableSinkPredicate"/></predicates>
    </sink>
    <sink sink_name="OrderManagerSink">
      <sink_configuration>
        <use_stub_queue>true</use_stub_queue>
        <subscriptions>
          <subscription type="${MessageTypes.BOND}"/>
          <subscription type="${MessageTypes.BROKER_STATUS}"/>
          <subscription type="${MessageTypes.ORDER_STATUS}"/> 
          <subscription type="${MessageTypes.EXCHANGE_STATUS}"/> 
          <subscription type="${MessageTypes.CAPABILITIES_RESPONSE}"/> 
          <subscription type="${MessageTypes.STRATEGY_CAPABILITIES}"/>          	          
        </subscriptions>
        <strict_subscription_sending>true</strict_subscription_sending>
      </sink_configuration>
      <predicates><predicate name="OrderManagerSinkPredicate"/></predicates>
    </sink>
    <sink sink_name="TradeStaticSink">  
      <sink_configuration>    
        <stale_message_delay>20</stale_message_delay>
        <subscriptions>
          <subscription type="pnlcounterparty"/>
          <subscription type="pnlbook"/>
          <subscription type="pnlsalesperson"/>
          <subscription type="pnltrader"/>
          <subscription type="pnlbroker"/>
        </subscriptions>
        <use_stub_queue>true</use_stub_queue>
        <reset_subs_using_multipart>true</reset_subs_using_multipart>
        <strict_subscription_sending>true</strict_subscription_sending>
      </sink_configuration>
      <predicates><predicate name="PNLStaticPredicate"/></predicates>
    </sink>
    <sink sink_name="TradeEntrySink">
      <sink_configuration>
        <stale_message_delay>20</stale_message_delay>
        <subscriptions><subscription type="User"/></subscriptions>
        <use_stub_queue>true</use_stub_queue>
        <strict_subscription_sending>true</strict_subscription_sending>
      </sink_configuration>
      <predicates><predicate name="TradeEntryMessagePredicate"/></predicates>
    </sink>
    <sink sink_name="PNLAggregateSink">
      <sink_configuration>
        <subscriptions></subscriptions>
        <use_stub_queue>true</use_stub_queue>
        <resettable><type>Book</type></resettable>
        <strict_subscription_sending>true</strict_subscription_sending>        
      </sink_configuration>
      <predicates>
        <predicate name="PNLAggregatePredicate"/>
      </predicates>
    </sink>     
    <sink sink_name="PNLSink">
      <sink_configuration>
        <subscriptions><subscription type="pnlserverinfo"/></subscriptions>
        <use_stub_queue>true</use_stub_queue>
        <resettable><type>Book</type></resettable>
        <strict_subscription_sending>true</strict_subscription_sending>        
      </sink_configuration>
      <predicates><predicate name="ResettableSinkPredicate"/>
                  <predicate name="PNLSinkPredicate"/></predicates>
    </sink> 
    <sink sink_name="ExPricePubSink">
      <sink_configuration>
        <port>%clientmux_port%</port>
        <check_message_source>true</check_message_source>
        <isolate_reader_protocol>true</isolate_reader_protocol>
        <strict_subscription_sending>true</strict_subscription_sending>
      </sink_configuration>
    </sink>
    <sink sink_name="RiskAggregatorSink">
      <sink_configuration>
        <subscriptions></subscriptions>
        <use_stub_queue>true</use_stub_queue>
        <resettable><type>Book</type></resettable>
        <strict_subscription_sending>true</strict_subscription_sending>        
      </sink_configuration>
      <predicates>
        <predicate name="RiskAggregatorPredicate"/>
      </predicates>
    </sink>    
    <sink sink_name="RiskServerSink">
      <sink_configuration>
        <stale_message_delay>30</stale_message_delay>
        <use_stub_queue>true</use_stub_queue>
        <reset_subs_using_multipart>true</reset_subs_using_multipart>
        <strict_subscription_sending>true</strict_subscription_sending>
      </sink_configuration>
      <predicates><predicate name="ResettableSinkPredicate"/>
                  <predicate name="RiskServerSinkPredicate"/></predicates>         
    </sink>
    <sink sink_name="IndexSink">
      <sink_configuration>
        <subscriptions><subscription type="${MessageTypes.TRADING_BOOK}"/></subscriptions>
        <use_stub_queue>true</use_stub_queue>
        <strict_subscription_sending>true</strict_subscription_sending>
      </sink_configuration>
    </sink>
    <sink sink_name="TradeManagerSink">
      <sink_configuration>
        <check_message_source>true</check_message_source> 
        <subscriptions><subscription type="OR:pnltradeleg|pnlposition"/></subscriptions>
        <strict_subscription_sending>true</strict_subscription_sending>
      </sink_configuration>
      <predicates><predicate name="TradeHistoryPredicate"/></predicates>
    </sink>     
    <sink sink_name="MarkServiceSink">
      <sink_configuration>    
        <check_message_source>true</check_message_source> 
        <subscriptions><subscription all="true"/></subscriptions>
        <strict_subscription_sending>true</strict_subscription_sending>
      </sink_configuration>
      <predicates><predicate name="MarkServicePredicate"/></predicates>
    </sink>
    <sink sink_name="PnLControlSink">
      <sink_configuration>
        <check_message_source>true</check_message_source> 
        <subscriptions><subscription type="OR:pnlposition|pnladjustment|pnldetail"/></subscriptions>
        <strict_subscription_sending>true</strict_subscription_sending>
      </sink_configuration>    
    </sink>
    <sink sink_name="AQAdminSink">
      <sink_configuration>
        <check_message_source>true</check_message_source>
        <subscriptions>
          <subscription type="OR:Book|pnlbook|pnlcounterparty|pnltrader"/>
		  <subscription type="Grd" id="GRD_EXPORT"/>
	    </subscriptions>
	    <strict_subscription_sending>true</strict_subscription_sending>
	  </sink_configuration> 
    </sink>  
    <sink sink_name="UnitSensitivityManagerSink">
      <sink_configuration>
        <check_message_source>true</check_message_source>
	    <subscriptions><subscription type="BondRisk"/></subscriptions>
	    <strict_subscription_sending>true</strict_subscription_sending>
	  </sink_configuration>
    </sink>
    <sink sink_name="AIFSink">
      <sink_configuration>
        <check_message_source>true</check_message_source>
        <subscriptions><subscription type="OR:BondSummary|Service|FXRate"/></subscriptions>
        <strict_subscription_sending>true</strict_subscription_sending>
      </sink_configuration> 
      <predicates><predicate name="ServicePredicate"/></predicates>
    </sink>  
    <sink sink_name="ExchangeDataSink">
      <sink_configuration>
        <subscriptions>
       	  <subscription type="${MessageTypes.BOND}"/>
		  <subscription type="${MessageTypes.FUTURE}"/>
		  <subscription type="${MessageTypes.SWAP}"/>
		  <subscription type="${MessageTypes.INTEREST_RATE_FUTURE}"/>
          ${clientmux.bestprice.subscriptiontypes}
        </subscriptions>
      </sink_configuration> 
      <predicates><predicate name="ExchangeDataSinkPredicate"/></predicates>
    </sink>  
    <sink sink_name="AdhocPricingSink">
      <sink_configuration>
        <strict_subscription_sending>true</strict_subscription_sending>
      </sink_configuration>     
      <predicates><predicate name="AdhocPricingSinkPredicate"/></predicates>
    </sink>    
    <sink sink_name="MasterRiskTreeSink">
      <sink_configuration>
        <check_message_source>true</check_message_source>
        <subscriptions><subscription all="true"/></subscriptions>
        <strict_subscription_sending>true</strict_subscription_sending>
      </sink_configuration>     
      <predicates><predicate name="RiskAggregationPredicate"/></predicates>
    </sink>   
    <sink sink_name="CapriceRiskSink"> 
      <sink_configuration>
        <strict_subscription_sending>true</strict_subscription_sending>
      </sink_configuration>      
      <predicates><predicate name="CapriceRiskSinkPredicate"/></predicates>
    </sink>    
    <sink sink_name="DerivativesSink">   
      <sink_configuration>
        <strict_subscription_sending>true</strict_subscription_sending>
      </sink_configuration>      
      <predicates><predicate name="DerivativesSinkPredicate"/></predicates>
    </sink> 
    <sink sink_name="PricingMasterSink">
      <sink_configuration>
        <strict_subscription_sending>true</strict_subscription_sending>
      </sink_configuration>      
      <predicates><predicate name="PricingMasterSinkPredicate"/></predicates>
    </sink>
    <sink sink_name="PricingInstmaintSink">
      <sink_configuration>
        <strict_subscription_sending>true</strict_subscription_sending>
      </sink_configuration>      
      <predicates><predicate name="PricingInstmaintSinkPredicate"/></predicates>
    </sink>  
    <sink sink_name="BBPricingSink">
      <sink_configuration>    
        <check_message_source>true</check_message_source> 
        <subscriptions><subscription all="true"/></subscriptions>
        <strict_subscription_sending>true</strict_subscription_sending>
      </sink_configuration>
      <predicates><predicate name="BBPricingSinkPredicate"/></predicates>
    </sink>  
    <sink sink_name="InternalBrokerSink">   
      <sink_configuration>
        <strict_subscription_sending>true</strict_subscription_sending>
      </sink_configuration>      
      <predicates><predicate name="InternalBrokerPredicate"/></predicates>
    </sink>
    
    <sink sink_name="ClientMuxSink"> <!-- Single sink used for when a clientmux communicates with another clientmux.  used for chaining -->
      <sink_configuration>
        <stale_message_delay>50</stale_message_delay> <!-- requires longer timeout, otherwise, socket connection is continually dropped as a result of remote client thinking there is an issue -->
        <check_message_source>true</check_message_source>
        <subscriptions>
          <subscription all="true"/>
          <subscription type="${MessageTypes.TRADING_BOOK}"/> <!-- explicitly defined as a result of Book data being held in different cache -->
          <strict_subscription_sending>true</strict_subscription_sending>
        </subscriptions>
      </sink_configuration> 
    </sink>
    
    <sink sink_name="CDSPricingSink"> 
        <sink_configuration>
        <check_message_source>true</check_message_source>
        <subscriptions>
          <subscription all="true"/>
          <strict_subscription_sending>true</strict_subscription_sending>
        </subscriptions>
      </sink_configuration> 
    </sink>
    
  </component>       
      
  <component name="GridBackedMessageDispatcher" lazy="true" class_name="com.rbsfm.fi.pricing.mux.grid.GridBackedMssgDispatcher">
    <cachedMessageTransformer>${cached.message.transformer}</cachedMessageTransformer>
    <customMessageDispatcher>${custom.message.dispatcher}</customMessageDispatcher>
    <heartbeatInterval>2</heartbeatInterval>
    <bootstrapOnConnection>true</bootstrapOnConnection>
    <bootstrapBacklog>0</bootstrapBacklog>
    <bootstrapRunnerEnqueueStrategy>BLOCK</bootstrapRunnerEnqueueStrategy>
    <bootstrapRunnerPoolSize>10</bootstrapRunnerPoolSize> <!-- dictates number of threads available for Bootstrap handling -->
    <sources>
      <source name="SocketServerSource"/>
    </sources>
    <sinks>
      <sink name="DataSinkCollection"/>    
    </sinks>   
    <Block> <!-- Message Types which are ignored -->
        ${clientmux.blocked.types}
        <Type>pnlupd</Type>
        <Type>pnlchg</Type>
        <Type>tmposition</Type>
        <Type>ExportedCurve</Type>
        <Type>bootstrap</Type>
        <Type>InstrumentRisk</Type>
        <Type>Book</Type>        
    </Block>    
    <Grid> <!-- Message types that propagate to the client, but don't get cached -->
      <ExcludeType>
        <Type>Delete</Type>
        <Type>rpc</Type>
        <Type>Heartbeat</Type>
        <Type>stale</Type>
        <Type>User</Type>
        <Type>RiskBucketSeries</Type>
        <Type>BootstrapEnd</Type>
        <Type>ClientHeartbeat</Type>
        <Type>MarketDepth</Type>
      </ExcludeType>
      <Triggers/>
      <Purgers>
      	<Purger name="ClearTrades" classname="com.rbsfm.fi.pricing.mux.grid.MessagePurgerClearTrades"/>
      </Purgers>  		
    </Grid>
	<Block/>	
  </component>
  
  <component name="CachedMessageTransformer" class_name="com.rbsfm.fi.pricing.mux.transformers.AttributeBlockingMessageTransformer">
    <IncludeAttributes>${clientmux.transform.type.include}</IncludeAttributes>
    <Attributes>
      ${clientmux.transform.attributes}
    </Attributes>
  </component>
  
  <component name="CustomMessageDispatcher" class_name="com.rbsfm.fi.pricing.mux.transformers.AttributeBlockingMessageDispatcher">
    <forwardNonCachedMessages>${clientmux.forward.noncached.messages}</forwardNonCachedMessages>
  </component>  
  

 
  <!--  
  ============================================================================
  Lookup component for mapping between xml messages and external details objects
  ============================================================================
  -->
  <component name="XmlAdapterManager" class_name="com.rbsfm.common.xml.XmlAdapterManager">
    <adapters>
      <!-- Details classes -->
      <adapter class_name="com.rbsfm.fi.pricing.external.detail.xml.EcnQuoteDetailsXmlAdapter"/>
      <adapter class_name="com.rbsfm.fi.pricing.external.detail.xml.EcnMarketDepthDetailsXmlAdapter"/>
      <adapter class_name="com.rbsfm.fi.pricing.external.detail.xml.EcnBestPriceDetailsXmlAdapter"/>
      <adapter class_name="com.rbsfm.fi.pricing.ecn.autoquote.external.detail.xml.ExternalAutoQuoterControlXMLAdapter"/>
      <adapter class_name="com.rbsfm.fi.pricing.ecn.autoquote.external.detail.xml.ExternalAutoQuoteBookControlXMLAdapter"/>
      <adapter class_name="com.rbsfm.fi.pricing.ecn.autoquote.external.detail.xml.ExternalCustomerControlXMLAdapter"/>
      <adapter class_name="com.rbsfm.fi.pricing.ecn.autoquote.external.detail.xml.ExternalInstrumentClearingXMLAdapter"/>
      <adapter class_name="com.rbsfm.fi.pricing.ecn.autoquote.external.detail.xml.ExternalTWInstrumentControlXMLAdapter"/>
      <adapter class_name="com.rbsfm.fi.pricing.ecn.autoquote.external.detail.xml.ExternalSpreadLevelXMLAdapter"/>
      <adapter class_name="com.rbsfm.fi.pricing.ecn.autoquote.external.detail.xml.ExternalSpreadXMLAdapter"/>
      <adapter class_name="com.rbsfm.fi.pricing.ecn.autoquote.external.detail.xml.ExternalHeartbeatXMLAdapter"/>
      <!-- Message classes -->
      <adapter class_name="com.rbsfm.fi.pricing.external.message.xml.GridMessageXmlAdapter"/>
      <adapter class_name="com.rbsfm.fi.pricing.ecn.autoquote.external.message.xml.AutoQuoterControlUpdateXMLAdapter"/>
      <adapter class_name="com.rbsfm.fi.pricing.ecn.autoquote.external.message.xml.AutoQuoteBookControlUpdateXMLAdapter"/>
      <adapter class_name="com.rbsfm.fi.pricing.ecn.autoquote.external.message.xml.CustomerControlUpdateXMLAdapter"/>
      <adapter class_name="com.rbsfm.fi.pricing.ecn.autoquote.external.message.xml.InstrumentClearingUpdateXMLAdapter"/>
      <adapter class_name="com.rbsfm.fi.pricing.ecn.autoquote.external.message.xml.TWInstrumentControlUpdateXMLAdapter"/>
    </adapters>
  </component>
  
  <!--  
  ============================================================================
  SOAP Interfaces
  
  Interface implementation for processing bootstrap requests
  and message delegation.
  ============================================================================
  -->
  
  <component name="SoapService" class_name="com.rbsfm.commonx.soap.WebService" lazy="true">
    <url>${soap_url}</url>
  </component>
  
  <reference_factory>
    <contexts>
      <context>
        <name>LocalSoapCtx</name>
        <class_name>com.rbsfm.commonx.soap.SoapContext</class_name>
        <webService>SoapService</webService>
      </context>
    </contexts>
  </reference_factory>
  
  
  <!-- Component will handle RPC messages over SOAP -->
  <component lazy="true" name="ClientService" class_name="com.rbsfm.fi.pricing.mux.remote.ClientImpl">
    <bindDescriptor>LocalSoapCtx:mux/Client</bindDescriptor>
    <xmlAdapterManager>XmlAdapterManager</xmlAdapterManager>
    <securityTokenFactory>SecurityModel</securityTokenFactory>
    <bootstrapDelegates>
      <!-- delegate>DataSinkCollection</delegate -->        
    </bootstrapDelegates>
    <messageHandlerDelegates enabled="true">
      <delegate>BBClientMuxMessageHandlerDelegate</delegate>    
      <delegate>CDSPricingServerMessageHandlerDelegate</delegate>    
      <delegate>EcnPriceFeedMessageHandlerDelegate</delegate>
      <delegate>EcnPriceFeedSanitizerMessageHandlerDelegate</delegate>
      <delegate>EcnSpreadsAttributeMessageHandlerDelegate</delegate>            
      <delegate>EcnPriceFeedAttributeMessageHandlerDelegate</delegate>
      <delegate>EcnSpreadsMessageHandlerDelegate</delegate>   
      <delegate>ViaEcnSpreadsBookStatusMessageHandlerDelegate</delegate>      
      <delegate>ViaAutoQuoterBookStatusMessageHandlerDelegate</delegate> 
      <delegate>ViaEcnPricefeedBookStatusMessageHandlerDelegate</delegate>    
      <delegate>ViaEcnSpreadsEcnClientMonitorMessageHandlerDelegate</delegate>
      <delegate>ViaAutoquoterEcnClientMonitorMessageHandlerDelegate</delegate>
      <delegate>EcnBETAqMessageHandlerDelegate</delegate>
      <delegate>JotterServerMessageHandlerDelegate</delegate>      
      <delegate>DerivativesMessageHandlerDelegate</delegate>
      <delegate>EcnBestPriceMessageHandlerDelegate</delegate>       
    </messageHandlerDelegates>
    <forwardRawMessage>true</forwardRawMessage>
    <messageDelegationListener name="MessageBoostManager"/>    
  </component>

  <!-- Internal cache that stores book data Vs server origination.  Used for deducing where
       messages should be routed  -->
  <component name="BookSource" class_name="com.rbsfm.ficommon.permission.mux.UserPermissionSource">
    <sink name="DataSinkCollection"/>
    <type>${MessageTypes.TRADING_BOOK}</type>
    <clear_on_stale>false</clear_on_stale>
  </component>
  
  <!--
  ============================================================================
  SocketSource that passes messages to any connected clients
  ============================================================================
  -->
  <component name="SocketServerSource" lazy="true" class_name="com.rbsfm.fi.pricing.mux.socket.SocketServerSource">
    <port>${out_port}</port>
    <message_protocol>${message_protocol}</message_protocol>
    <socket_queue_size>0</socket_queue_size> <!-- unbounded as delta queue size is small and you cannot block on enqueues -->  
    <bootstrap_socket_queue_size>${socket.queue.bootstrap.size}</bootstrap_socket_queue_size> <!-- finite depth as a result of being able to block during bootstrap -->
    <socket_queue_batch_size>${socket.queue.batch.size}</socket_queue_batch_size>
    <message_enqueue_timeout>60000</message_enqueue_timeout> <!-- Async Socket Queue enqueue timeout -->
    <socket_queue_is_replacable>${socket_queue_replaceable}</socket_queue_is_replacable>
    <do_accept_in_sending_thread>${socket_queue_sendingthread_accept}</do_accept_in_sending_thread>
    <digest-properties>DigestProperties</digest-properties>
    <no_delay>${no_delay}</no_delay>
    <send_buffer_size>${send_buffer_size}</send_buffer_size>
    <recv_buffer_size>${recieve_buffer_size}</recv_buffer_size>
    <compress>false</compress>
    <log_compress>false</log_compress>
    <throttle_max_send_chunk>${throttle.max.send.chunk}</throttle_max_send_chunk>
    <log_throttle>false</log_throttle>
    <target_throttle_rate>${socket.transmission.throttle.rate}</target_throttle_rate>
    <throttle_bootstrap>false</throttle_bootstrap>   <!-- flag indicating whether throttling is disabled whilst client bootstraps -->
    <throttle_send_backoff_period>0</throttle_send_backoff_period>
    <router_class>com.rbsfm.fi.pricing.mux.subscription.SubscriptionMessageRouter</router_class>    
    <monitor>
      <!-- This is not really a delegate as it only gets hit once when the SocketQueueMonitor is created -->
      <delegate name="TimeZone" class_name="com.rbsfm.fi.pricing.mux.socket.DateDelegate">
        <source_name>${server_name}</source_name>
        <source_type>MX</source_type>
      </delegate>
      <!-- Handles security related messages -->
      <delegate name="SecurityDelegate" class_name="com.rbsfm.fi.pricing.mux.socket.SecurityDelegate">
        <enabled>${secure}</enabled>
        <security_helper>SecurityHelper</security_helper>
        <access_token>${sso_socket_token}</access_token>
      </delegate> 
      <!-- Sets up the subscription on the queue and bootstraps the cache, before cascading the message
           on for further processing by the other listed delegates -->
      <delegate name="GridBackedMessageSubscriptionDelegate" class_name ="com.rbsfm.fi.pricing.mux.grid.GridBackedMessageSubscriptionDelegate">
        <dispatcher>GridBackedMessageDispatcher</dispatcher>
        <fixedSubscriptions>
          <subscription>type=OR:Heartbeat|TreeControl|bootstrap</subscription>
          <subscription>type=${MessageTypes.BOND}</subscription>
	      <subscription>type=${MessageTypes.FUTURE}</subscription>
	      <subscription>type=${MessageTypes.SWAP}</subscription>
	      <subscription>type=${MessageTypes.INTEREST_RATE_FUTURE}</subscription>
          <subscription>type=${MessageTypes.BROKER_STATUS}</subscription>		  
        </fixedSubscriptions>    
      </delegate>       
      <!-- Handles processing of RPC related messages -->
      <delegate name="RPCDelegate" class_name="com.rbsfm.fi.pricing.mux.rpc.RPCDelegate">
        <sso_security_model>SecurityModel</sso_security_model>      
        <!--  Deduces which of the PNL sinks should handle the message based on the book contained within the message -->
        <!--  If you require a none standard RPC Source handler put it here -->
        <map rpc_source="PNLMultiHostRPCSource" predicate="PNLDataPredicate"/>  
        <map rpc_source="DataRPCSource" predicate="${message.predicate}"/>     
        <!-- put this last or it will gobble all rpc messages from CP Client -->
        <map rpc_source="ClientRPCSource"/>
      </delegate>
      <!-- Following delegate will handle subscriptions where a permission check against book is performed, having
           performed the check it will hand the message off to the DynamicSinkCollection which will then
           deduce the correct Sink for message routing.  if the associated user is a system user, assume the
           permission has been done downstream and therefore allow the SUB -->
      <delegate name="DynamicUserPermissionedSubDelegate" class_name="com.rbsfm.ficommon.permission.mux.UserPermissionedSubscriptionDelegate">
        <user_permission_store>BookSource.UserPermissionStore</user_permission_store>
        <permission_type>Book</permission_type>
        <sub_sink>DataSinkCollection</sub_sink>
        <check_for_system_user>true</check_for_system_user>
        <types>
          <type name="riskbucket"                      att="RiskBookId" composite="."/>
          <type name="riskinstrument"                  att="RiskBookId" composite="."/>
          <type name="riskbasket"                      att="RiskBookId" composite="."/>          
          <type name="pnlposition"                     att="PosBookId"  composite="."/>
          <type name="pnlpositionsummary"              att="PosBookId"  composite="."/>
          <type name="pnldetail"                       att="book"/>
          <type name="pnladjustment"                   att="BookId"/>
          <type name="pnlforwardsettledpositionvector" att="book"/> 
          <type name="pnltradeleg"                     att="Book"/>        
        </types>
      </delegate>
      <!-- Following delegate handles all SUB/UNSUB messages, automatically routes to correct SINK. If the sink cannot be deduced
           by application of the predicates on the active sinks then it will not process the message -->
      <delegate name="DynamicSubscriptionDelegate" class_name="com.rbsfm.fi.pricing.mux.subscription.SubSinkSubscriptionDelegate">
        <sub_sink>DataSinkCollection</sub_sink>
      </delegate>   
      
      <!--  ******************************************************************************************************************* -->
      <!--  ****************************************************** NOTE ******************************************************* -->
      <!--  DO NOT ADD SINK SPECIFIC DELEGATES UNLESS YOU HAVE TO.  THE DynamicSubscriptionDelegate WILL HANDLE ALL SUB requests-->
      <!--  by querying the predicates on each of the Sinks managed by the DynamicSinkCollection.  If you need help with this   -->
      <!--  please contact me or ask the CP Dev team how the clientmux architecture works.                                      -->     
      
    </monitor>
    <fixed_subscriptions>
      <subscription type="stale"/>
      <subscription source_type="PS"/>
      <subscription type="User"/>
      <subscription source_name="${server_name}"/>
      <subscription source_type="EA"/>
      <subscription source_type="EI"/>
      <subscription source_type="QF"/>
      <subscription source_type="SP"/>
      <subscription source_type="OMS"/>
      <subscription source_type="JS"/>
      <subscription source_type="AQ"/>
      <subscription source_type="EB"/>
    </fixed_subscriptions>    
  </component>
  
  <component name="DataRPCSource" lazy="true" class_name="com.rbsfm.fi.pricing.mux.router2.DynamicRPCSource">
    <sinkCollection>DataSinkCollection</sinkCollection>
    <serverName>${serverName}</serverName>
  </component>
  
  <component lazy="true" name="ClientRPCSource" class_name="com.rbsfm.fi.pricing.mux.rpc.ClientRPCSource">
    <client>ClientService</client>
    <unlogged_grid_type>ClientHeartbeat</unlogged_grid_type>
    <suppress_cancel_rpcs>true</suppress_cancel_rpcs>
  </component>

  <!--
  ============================================================================
  PnL RPC Source message delegate components 
  ============================================================================
  -->
  <component name="PNLBookOwnerProvider" lazy="true" class_name="com.rbsfm.fi.trading.book.mux.PNLBookOwnerProvider">
    <sink name="DataSinkCollection"/>
    <type>${MessageTypes.PNL_SERVER_INFO}</type>
    <clear_on_stale>false</clear_on_stale>
  </component>
  
  <component name="PNLMultiHostRPCSource" class_name="com.rbsfm.fi.trading.mux.PNLServerMultihostRPCSource">
    <multihost>DataSinkCollection</multihost>
    <book_owner_provider>PNLBookOwnerProvider</book_owner_provider>
    <success_response_when_service_down>false</success_response_when_service_down>
  </component>  
  
  <!--
  ============================================================================
  Heartbeat Generator that passes messages to Socket Source
  ============================================================================
  -->
  <component name="HeartbeatGenerator" lazy="true" class_name="com.rbsfm.fi.pricing.mux.HeartbeatGenerator">
    <source_type>MX</source_type>
    <source_name>BootstrapMux</source_name>
    <heartbeat_interval>2</heartbeat_interval>
    <source>SocketServerSource</source>
    <monitorSource>false</monitorSource>
  </component>
  
  
  <!--  
  ==========================================================
  Server Availablity Components - updates the host selectors
  based on actually availability. Exposes own availability.
  ========================================================== 
  -->
  
  <component name="MyHostSelector" class_name="com.rbsfm.fi.pricing.mux.failover.HostSelector">
    <servername>${server_name}</servername>
    <hostnameResolver>HostnameResolver</hostnameResolver>
  </component>
  
  <component name="ServerAvailabilityScanner" class_name="com.rbsfm.fi.pricing.mux.failover.ServerAvailabilityScanner" lazy="true">
    <port>%availability_check_port%</port>
    <hostSelectorFactory>HostSelectorFactory</hostSelectorFactory>
  </component>
  
  <component name="ServerAvailabilityCheck" class_name="com.rbsfm.fi.pricing.mux.failover.ServerAvailabilityCheck">
    <port>${availability_check_port}</port>
    <digest-properties>DigestProperties</digest-properties>    
  </component>
  
  <component name="DigestProperties" class_name="com.rbsfm.common.system.DigestProperties">
    <contributor>MemoryLogger</contributor>
    <contributor>logger.memory</contributor>
  </component>  
  
  <!-- SwapPoint Ticker Mappings -->
  <component name="SwapPointTickerMapping" class_name="com.rbsfm.fi.pricing.gds.SwapPointTickerMapping">
    <sourceFile>${configdir}/TickerMappings.txt</sourceFile>
  </component>


  <!-- 
  ===============================================================================================
  Legacy Message Delegates for handling RPC messages over SOAP.  Over time these will be removed
  as SOAP is removed from the upstream servers.  It should be a simple case of just amending the
  predicate of the required Sink
  ===============================================================================================
  -->
  <component name="BBClientMuxMessageHandlerDelegate" lazy="true" class_name="com.rbsfm.fi.pricing.mux.delegate.message.MuxMessageDelegate">
    <hostselector>BBPricingSink</hostselector>
    <soapurl>http://%hostname%:%message_port%/mux/Client.wsdl</soapurl>
    <defaultMessageHandler>true</defaultMessageHandler>
    <messagetypes>
      <messagetype destinationType="[:graph:]*" destinationName="${BBPricingMaster}" isRegularExpression="true"/>
    </messagetypes>
  </component>
  
  <component name="EcnSpreadsAttributeMessageHandlerDelegate" lazy="true" class_name="com.rbsfm.fi.pricing.mux.delegate.message.AttributeMessageDelegate">
    <hostselector>EcnSpreadsSink</hostselector>
    <soapurl>http://%hostname%:%bootstrap_port%/AttributeClient.wsdl</soapurl>
    <defaultMessageHandler>false</defaultMessageHandler>
    <messagetypes>
      <messagetype destinationType="AT" destinationName="${deduce from wired host selector}"/>
    </messagetypes>
  </component>
  
  <component name="EcnSpreadsMessageHandlerDelegate" lazy="true" class_name="com.rbsfm.fi.pricing.mux.delegate.message.EcnPriceFeedMessageDelegate">
    <hostselector>EcnSpreadsSink</hostselector>
    <soapurl>http://%hostname%:%message_port%/ecn/PriceFeedMuxClient.wsdl</soapurl>
    <defaultMessageHandler>false</defaultMessageHandler>
    <messagetypes>
      <messagetype destinationType="ES" destinationName="${deduce from wired host selector}"/>
    </messagetypes>
    <xmlAdapterManager>XmlAdapterManager</xmlAdapterManager>
    <multiplexMessages>
      <multiplexMessage>
        <curve name="3M_EUR"/>
        <curve name="6M_EUR"/>
      </multiplexMessage>
    </multiplexMessages>
    <oneSkew>@{ecnspreads.oneskew}</oneSkew>
    <use_adjustPriceL>@{pricefeed.uselongs}</use_adjustPriceL>
    <remote_interface_capabilities>
      @{wsdl.capabilities.EcnPriceFeedClient}
    </remote_interface_capabilities>    
  </component>  
  
  <component name="ViaEcnSpreadsBookStatusMessageHandlerDelegate" lazy="true" class_name="com.rbsfm.fi.pricing.mux.delegate.message.AutoQuoterBookStatusMessageDelegate">
    <hostselector>EcnSpreadsSink</hostselector>
    <soapurl>http://%hostname%:%message_port%/AutoQuoteBookControlClient.wsdl</soapurl>
    <defaultMessageHandler>false</defaultMessageHandler>
    <messagetypes>
      <messagetype destinationType="AQ" destinationName="${deduce from wired host selector}"/>
    </messagetypes>
    <xmlAdapterManager>XmlAdapterManager</xmlAdapterManager>
  </component>   
  
     
  <component name="ViaEcnPricefeedBookStatusMessageHandlerDelegate" lazy="true" class_name="com.rbsfm.fi.pricing.mux.delegate.message.AutoQuoterBookStatusMessageDelegate">
    <hostselector>EcnPriceFeedSink</hostselector>
    <soapurl>http://%hostname%:%message_port%/AutoQuoteBookControlClient.wsdl</soapurl>
    <defaultMessageHandler>false</defaultMessageHandler>
    <messagetypes>
      <messagetype destinationType="AQ" destinationName="${deduce from wired host selector}"/>
    </messagetypes>
    <xmlAdapterManager>XmlAdapterManager</xmlAdapterManager>
  </component>  
   
  <component name="CDSPricingServerMessageHandlerDelegate" lazy="true"
    class_name="com.rbsfm.fi.pricing.mux.delegate.message.PricingServerMessageDelegate">
    <hostselector>CDSPricingSink</hostselector>
    <soapurl>http://%hostname%:%message_port%/master/Client.wsdl</soapurl>
    <defaultMessageHandler>true</defaultMessageHandler>
    <messagetypes infer_from_sink="CDSPricingSink"/>
  </component>     
    
  <!--  
  ============================================================================
  ExPricePub Components - connect to configured exprice pubs of other 
  systems (defined as any entries in fi_server_details that match server_patterm
  ============================================================================ 
  -->  
  <component name="ExPricePubMessageHandlerDelegate" lazy="true" class_name="com.rbsfm.fi.pricing.mux.delegate.message.NullMessageHandler">
    <type_regex>PS</type_regex>
    <name_regex>.*-expricepub-.*</name_regex>
  </component>
 
  
  <!--  
  ============================================================================
  Price Feed Components - connects to pricefeed message socket and maps
  pricefeed messages back to pricefeed SOAP interface
  ============================================================================
  -->
  <component name="EcnPriceFeedMessageHandlerDelegate" lazy="true" class_name="com.rbsfm.fi.pricing.mux.delegate.message.EcnPriceFeedMessageDelegate">
    <hostselector>EcnPriceFeedSink</hostselector>
    <soapurl>http://%hostname%:%message_port%/ecn/PriceFeedMuxClient.wsdl</soapurl>
    <defaultMessageHandler>false</defaultMessageHandler>
    <messagetypes>
      <messagetype destinationType="EI" destinationName="${deduce from wired host selector}"/>
    </messagetypes>
    <xmlAdapterManager>XmlAdapterManager</xmlAdapterManager>
    <multiplexMessages>
      <multiplexMessage>
        <curve name="3M_EUR"/>
        <curve name="6M_EUR"/>
      </multiplexMessage>
    </multiplexMessages>
    <use_adjustPriceL>@{pricefeed.uselongs}</use_adjustPriceL>
    <remote_interface_capabilities>
      @{wsdl.capabilities.EcnPriceFeedClient}
    </remote_interface_capabilities>
  </component>
  
  <component name="EcnPriceFeedSanitizerMessageHandlerDelegate" lazy="true"
    class_name="com.rbsfm.fi.pricing.mux.delegate.message.SanitizerMessageDelegate">
    <hostselector>EcnPriceFeedSink</hostselector>
    <soapurl>http://%hostname%:%bootstrap_port%/SanitizerClient.wsdl</soapurl>
    <defaultMessageHandler>false</defaultMessageHandler>
    <messagetypes>
      <messagetype destinationType="SP" destinationName="${deduce from wired host selector}"/>
    </messagetypes>
  </component>
  
  <component name="EcnPriceFeedAttributeMessageHandlerDelegate" lazy="true"
    class_name="com.rbsfm.fi.pricing.mux.delegate.message.AttributeMessageDelegate">
    <hostselector>EcnPriceFeedSink</hostselector>
    <soapurl>http://%hostname%:%bootstrap_port%/AttributeClient.wsdl</soapurl>
    <defaultMessageHandler>false</defaultMessageHandler>
    <messagetypes>
      <messagetype destinationType="AT" destinationName="${deduce from wired host selector}"/>
    </messagetypes>
  </component>
  
 
  <!--  
  ============================================================================
  Bloomberg AutoQuoter Components - connects to autoquoter pricefeed message
  socket and maps auoquoter pricefeed messages back to autoquoter pricefeed
  SOAP interface
  ============================================================================
  -->
  <component name="EcnBETAqMessageHandlerDelegate" lazy="true" class_name="com.rbsfm.fi.pricing.mux.delegate.message.EcnAutoQuoterMessageDelegate">
    <hostselector>BETAutoQuoterSink</hostselector>
    <soapurl>http://%hostname%:%message_port%/ecn/AutoQuoterMuxClient.wsdl</soapurl>
    <defaultMessageHandler>false</defaultMessageHandler>
    <messagetypes>
      <messagetype destinationType="EA" destinationName="${deduce from wired host selector}"/>
    </messagetypes>
    <xmlAdapterManager>XmlAdapterManager</xmlAdapterManager>
    <remote_interface_capabilities>
      @{wsdl.capabilities.EcnAutoQuoterClient}
    </remote_interface_capabilities>
  </component>
  
  <component name="ViaAutoQuoterBookStatusMessageHandlerDelegate" lazy="true" class_name="com.rbsfm.fi.pricing.mux.delegate.message.AutoQuoterBookStatusMessageDelegate">
    <hostselector>BETAutoQuoterSink</hostselector>
    <soapurl>http://%hostname%:%message_port%/AutoQuoteBookControlClient.wsdl</soapurl>
    <defaultMessageHandler>false</defaultMessageHandler>
    <messagetypes>
      <messagetype destinationType="AQ" destinationName="${deduce from wired host selector}"/>
    </messagetypes>
    <xmlAdapterManager>XmlAdapterManager</xmlAdapterManager>
  </component>
  
  <component name="ViaAutoquoterEcnClientMonitorMessageHandlerDelegate" lazy="true"
    class_name="com.rbsfm.fi.pricing.mux.delegate.message.EcnClientMonitorMessageDelegate">
    <hostselector>BETAutoQuoterSink</hostselector>
    <soapurl>http://%hostname%:%bootstrap_port%/EcnClientMonitorClient.wsdl</soapurl>
    <defaultMessageHandler>false</defaultMessageHandler>
    <messagetypes>
      <messagetype destinationType="CHB" destinationName="${deduce from wired host selector}"/>
    </messagetypes>
  </component>
  
  <!-- ============================================================================ -->  
  
  <component name="JotterServerMessageHandlerDelegate" lazy="true" class_name="com.rbsfm.fi.pricing.mux.delegate.message.PricingServerMessageDelegate">
    <hostselector>JotterServerSink</hostselector>
    <soapurl>http://%hostname%:%bootstrap_port%/master/Client.wsdl</soapurl>
    <defaultMessageHandler>false</defaultMessageHandler>
    <messagetypes>
      <messagetype destinationType="JS" destinationName="${deduce from wired host selector}"/>
    </messagetypes>
  </component>    
  
  <component name="DerivativesMessageHandlerDelegate" lazy="true" class_name="com.rbsfm.fi.pricing.mux.delegate.message.PricingServerMessageDelegate">
    <hostselector>DerivativesSink</hostselector>
    <soapurl>http://%hostname%:%message_port%/master/Client.wsdl</soapurl>
    <messagetypes>
      <messagetype destinationType="PS" destinationName="${deduce from wired host selector}"/>
    </messagetypes>
  </component>
   
  <!--
  ==================================================================================
  MessageBoostManager
  - Keeps track of messages which need to be processed more urgently than the norm
  ==================================================================================
  -->
  <component name="MessageBoostManager" class_name="com.rbsfm.fi.pricing.mux.grid.MessageBoostManager">
    <soapBoostPeriodMilliSeconds>10000</soapBoostPeriodMilliSeconds>
  </component>  
  
  <component name="Cron" class_name="com.rbsfm.common.cron.Cron">
    <pollIntervalInSeconds>15</pollIntervalInSeconds>
    <jobs/>
  </component>  
  
   
  
  <!--  
  ============================================================================
  JMX Admin Control
  ============================================================================
  -->
  <component name="JmxWebAdministrator" lazy="true" class_name="com.rbsfm.common.admin.JmxWebAdministrator">
    <port>${jmx_port}</port> <user login="${jmx.user}" password="${jmx.password}" />
  </component>
  
</app>


