<messageMap>
	<incomingMessageAttributes typeField="TransTypeName" idField="OrderSeqNo" lastTypeForConversation="Reconciliation"/>
	<outgoingMessageAttributes typeField="MESSAGETYPE" idField="brkConvId" lastTypeForConversation="ReconciliationAckNack"/>

	<logger name="incoming"/>
	<logger name="outgoing"/>
	<logger name="unknown_instrument" notificationName="Unknown Instrument"/>
	

	<incoming>
	  <hook class_name="com.rbsfm.fi.pricing.ecn.gateway.converter.SwitchClassifier">
	  	<config>
	  		<parameters>
		  		<in securityId1="SecurityId1" securityId2="SecurityId2"/>
					<out 
						securityType1="RBSSecurityType1" 
						securityType2="RBSSecurityType2"
						securitySrc1="SecuritySrc1"
						securitySrc2="SecuritySrc2" 
						targetType="DestType" 
						crossInstrument="CrossInstrument"/>
				</parameters>
				<sourceForInterest>AQRouter</sourceForInterest>
		  	<sourceIntrumentTypePatterns>
		  		<source pattern=".*corp.*"  type="CORP"/>
		  		<source pattern=".*eurosupra.*" type="EUSUPRA"/>
		  		<source pattern=".*sterlingsupra.*" type="GBSUPRA"/>
		  		<source pattern=".*ussupra.*" type="USSUPRA"/>
		  		<source pattern=".*inflation.*" type="INFLATION"/>
		  		<source pattern=".*eurogov.*" type="EUROGOV"/>
		  		<source pattern=".*gilts.*" type="GILT"/>
		  		<source pattern=".*emg.*" type="EMG"/>
		  	</sourceIntrumentTypePatterns>
		  	<!-- For special cases of instruments that could not be classified by source -->
		  	<unclassifiedInstrumentTypes>
				<unclassifiedInstrument type="USTREAS">
					<attribute name="Ticker" pattern="T" isEnumerated="true"/>
	   			</unclassifiedInstrument>	
			</unclassifiedInstrumentTypes>
		  	<!-- For categories we have anuber of special cases.  
		  	UNKNOWN where we cant classify it  - should probably be called UNCLASSIFIED
		  	UNKNWON in the corporates sense where we have a autoquoter that is supposed to handle unknown instruments
		  	UNKNOWN where we should actually be rejecting the trade 
		  	REJECT where we no from the category combinations that we should automatically reject the trade.
		  	Need to make this a bit more flexible
		  	-->
		  	<!-- figure out a way of auto rejecting crap that we don't want. -->
				<dealTypes>
					<dealType instrumentType1="UNCLASSIFIED"      instrumentType2="UNCLASSIFIED"      target="UNKNOWN">
						<attribute name="tradeType"   value="SWITCH" type="string"/>
						<attribute name="switchType" value="CVC"    type="string"/>
					</dealType>
					<dealType instrumentType1="CORP"      instrumentType2="CORP"      target="CORP">
						<attribute name="tradeType"   value="SWITCH" type="string"/>
						<attribute name="switchType" value="CVC"    type="string"/>
					</dealType>
					<dealType instrumentType1="EUSUPRA"     instrumentType2="EUSUPRA"     target="EUSUPRA">
						<attribute name="tradeType"   value="SWITCH" type="string"/>
						<attribute name="switchType" value="CVC"    type="string"/>
					</dealType>
					<dealType instrumentType1="GBSUPRA"     instrumentType2="GBSUPRA"     target="REJECT">
						<attribute name="tradeType"   value="SWITCH" type="string"/>
						<attribute name="switchType" value="CVC"    type="string"/>
					</dealType>
					<dealType instrumentType1="USSUPRA"     instrumentType2="USSUPRA"     target="REJECT">
						<attribute name="tradeType"   value="SWITCH" type="string"/>
						<attribute name="switchType" value="CVC"    type="string"/>
					</dealType>
					<dealType instrumentType1="INFLATION" instrumentType2="INFLATION" target="INFLATION">
						<attribute name="tradeType"   value="SWITCH" type="string"/>
						<attribute name="switchType" value="GVG"    type="string"/>
					</dealType>
					<dealType instrumentType1="EUROGOV"     instrumentType2="EUROGOV"     target="EUROGOV">
						<attribute name="tradeType"   value="SWITCH" type="string"/>
						<attribute name="switchType" value="GVG"    type="string"/>
					</dealType>
					<dealType instrumentType1="GILT"     instrumentType2="GILT"     target="GILT">
						<attribute name="tradeType"   value="SWITCH" type="string"/>
						<attribute name="switchType" value="GVG"    type="string"/>
					</dealType>					
					<dealType instrumentType1="EMG"       instrumentType2="EMG"       target="REJECT">
						<attribute name="tradeType"   value="SWITCH" type="string"/>
						<attribute name="switchType" value="GVG"    type="string"/>
					</dealType>
					<dealType instrumentType1="CORP"      instrumentType2="EUSUPRA"     target="REJECT">
						<attribute name="tradeType"   value="CROSS"  type="string"/>
						<attribute name="switchType" value="CVG"    type="string"/>
					</dealType>
					<dealType instrumentType1="CORP"      instrumentType2="GBSUPRA"     target="REJECT">
						<attribute name="tradeType"   value="CROSS"  type="string"/>
						<attribute name="switchType" value="CVG"    type="string"/>
					</dealType>					
					<dealType instrumentType1="CORP"      instrumentType2="USSUPRA"     target="REJECT">
						<attribute name="tradeType"   value="CROSS"  type="string"/>
						<attribute name="switchType" value="CVG"    type="string"/>
					</dealType>										
					<dealType instrumentType1="CORP"      instrumentType2="INFLATION" target="INFLATION">
						<attribute name="tradeType"   value="CROSS"  type="string"/>
						<attribute name="switchType" value="CVG"    type="string"/>
					</dealType>
					<dealType instrumentType1="CORP"      instrumentType2="EMG"       target="REJECT">
						<attribute name="tradeType"   value="CROSS"  type="string"/>
						<attribute name="switchType" value="CVG"    type="string"/>
					</dealType>
					<dealType instrumentType1="CORP"      instrumentType2="EUROGOV"     target="CORP">
						<attribute name="tradeType"   value="CROSS"  type="string"/>
						<attribute name="switchType" value="CVG"    type="string"/>
					</dealType>
					<dealType instrumentType1="CORP"      instrumentType2="GILT"     target="CORP">
						<attribute name="tradeType"   value="CROSS"  type="string"/>
						<attribute name="switchType" value="CVG"    type="string"/>
					</dealType>					
					<dealType instrumentType1="CORP"      instrumentType2="UNCLASSIFIED"     target="CORP">
						<attribute name="tradeType"   value="CROSS"  type="string"/>
						<attribute name="switchType" value="CVG"    type="string"/>
					</dealType>
					<dealType instrumentType1="EUSUPRA"     instrumentType2="INFLATION" target="REJECT">
						<attribute name="tradeType"   value="CROSS"  type="string"/>
						<attribute name="switchType" value="CVG"    type="string"/>
					</dealType>
					<dealType instrumentType1="GBSUPRA"     instrumentType2="INFLATION" target="REJECT">
						<attribute name="tradeType"   value="CROSS"  type="string"/>
						<attribute name="switchType" value="CVG"    type="string"/>
					</dealType>
					<dealType instrumentType1="USSUPRA"     instrumentType2="INFLATION" target="REJECT">
						<attribute name="tradeType"   value="CROSS"  type="string"/>
						<attribute name="switchType" value="CVG"    type="string"/>
					</dealType>					
					<dealType instrumentType1="EUSUPRA"     instrumentType2="UNCLASSIFIED" target="EUSUPRA">
						<attribute name="tradeType"   value="CROSS"  type="string"/>
						<attribute name="switchType" value="CVG"    type="string"/>
					</dealType>
					<dealType instrumentType1="GBSUPRA"     instrumentType2="UNCLASSIFIED" target="REJECT">
						<attribute name="tradeType"   value="CROSS"  type="string"/>
						<attribute name="switchType" value="CVG"    type="string"/>
					</dealType>
					<dealType instrumentType1="USSUPRA"     instrumentType2="UNCLASSIFIED" target="REJECT">
						<attribute name="tradeType"   value="CROSS"  type="string"/>
						<attribute name="switchType" value="CVG"    type="string"/>
					</dealType>					
					<dealType instrumentType1="EUSUPRA"     instrumentType2="EMG"       target="REJECT">
						<attribute name="tradeType"   value="CROSS"  type="string"/>
						<attribute name="switchType" value="CVG"    type="string"/>
					</dealType>
					<dealType instrumentType1="GBSUPRA"     instrumentType2="EMG"       target="REJECT">
						<attribute name="tradeType"   value="CROSS"  type="string"/>
						<attribute name="switchType" value="CVG"    type="string"/>
					</dealType>
					<dealType instrumentType1="USSUPRA"     instrumentType2="EMG"       target="REJECT">
						<attribute name="tradeType"   value="CROSS"  type="string"/>
						<attribute name="switchType" value="CVG"    type="string"/>
					</dealType>					
					<dealType instrumentType1="EUSUPRA"     instrumentType2="EUROGOV" target="EUSUPRA">
						<attribute name="tradeType"   value="CROSS"  type="string"/>
						<attribute name="switchType" value="CVG"    type="string"/>
					</dealType>
					<dealType instrumentType1="GBSUPRA"     instrumentType2="GILT"	target="REJECT">
						<attribute name="tradeType"   value="CROSS"  type="string"/>
						<attribute name="switchType" value="CVG"    type="string"/>
					</dealType>					
					<dealType instrumentType1="INFLATION" instrumentType2="EMG"       target="REJECT">
						<attribute name="tradeType"   value="CROSS"  type="string"/>
						<attribute name="switchType" value="CVG"    type="string"/>
					</dealType>
					<dealType instrumentType1="INFLATION" instrumentType2="EUROGOV"     target="INFLATION">
						<attribute name="tradeType"   value="CROSS"  type="string"/>
						<attribute name="switchType" value="GVG"    type="string"/>
					</dealType>
					<dealType instrumentType1="INFLATION" instrumentType2="GILT"     target="INFLATION">
						<attribute name="tradeType"   value="CROSS"  type="string"/>
						<attribute name="switchType" value="GVG"    type="string"/>
					</dealType>					
					<dealType instrumentType1="INFLATION" instrumentType2="UNCLASSIFIED"     target="INFLATION">
						<attribute name="tradeType"   value="CROSS"  type="string"/>
						<attribute name="switchType" value="GVG"    type="string"/>
					</dealType>
					<dealType instrumentType1="EUROGOV"     instrumentType2="UNCLASSIFIED"     target="REJECT">
						<attribute name="tradeType"   value="SWITCH" type="string"/>
						<attribute name="switchType" value="GVG"    type="string"/>
					</dealType>
					<dealType instrumentType1="GILT"     instrumentType2="UNCLASSIFIED"     target="REJECT">
						<attribute name="tradeType"   value="SWITCH" type="string"/>
						<attribute name="switchType" value="GVG"    type="string"/>
					</dealType>	
					<dealType instrumentType1="CORP"      instrumentType2="USTREAS"     target="REJECT">
						<attribute name="tradeType"   value="CROSS"  type="string"/>
						<attribute name="switchType" value="CVG"    type="string"/>
					</dealType>					
					<dealType instrumentType1="USSUPRA"      instrumentType2="USTREAS"     target="REJECT">
						<attribute name="tradeType"   value="CROSS"  type="string"/>
						<attribute name="switchType" value="CVG"    type="string"/>
					</dealType>										
					<dealType instrumentType1="USTREAS"      instrumentType2="USTREAS"     target="REJECT">
						<attribute name="tradeType"   value="SWITCH"  type="string"/>
						<attribute name="switchType" value="GVG"    type="string"/>
					</dealType>					
					<dealType instrumentType1="USTREAS"      instrumentType2="UNCLASSIFIED"     target="REJECT">
						<attribute name="tradeType"   value="SWITCH"  type="string"/>
						<attribute name="switchType" value="GVG"    type="string"/>
					</dealType>					
				</dealTypes>  	
				<include>
					<message name="TwoSecOrder"/>
					<message name="TwoSecExecution"/>
					<message name="TwoSecPriceRequest"/>
					<message name="TwoSecPriceFill"/>
					<message name="TwoSecInquiryExecution"/>
					<message name="TwoSecCustomerHitLift"/>
					<message name="TwoSecCustomerAccept"/>
					<message name="TwoSecWiretimeExpire"/>
					<message name="TwoSecExpiration"/>
					<message name="TwoSecReconciliation"/>
				</include>
	  	</config>
	  </hook>

		<valueMap name="BuySell">
			<value sourceValue="1" destValue="B"/>
			<value sourceValue="2" destValue="S"/>
		</valueMap>

		<valueMap name="NotBuySell">
			<value sourceValue="2" destValue="B"/>
			<value sourceValue="1" destValue="S"/>
		</valueMap>

		<valueMap name="FinalTradeState">
			<value sourceValue="1" destValue="ACCEPTED"/>
			<value sourceValue="2" destValue="REJECTED"/>
			<value sourceValue="3" destValue="TIMEOUT"/>
			<value sourceValue="5" destValue="TIED_TRADED_AWAY"/>
			<value sourceValue="7" destValue="COVERED"/>
			<value sourceValue="8" destValue="TRADED_AWAY"/>
			<value sourceValue="9" destValue="PASSED"/>
		</valueMap>
		
		<valueMap name="ExpirationState">
			<value sourceValue="7" destValue="TIMEOUT"/>
		</valueMap>
				
		<valueMap name="TwoSecExpirationState">
			<value sourceValue="3" destValue="TIMEOUT"/>
		</valueMap>
		
	
		<!-- ==================================================================== -->
		<!-- 
			Copy all fields in BET message (except those specified) 
			into destination with a BET_ prefix - this is for copying 
			back on way out.
		-->
		<fieldLoop name="CopyBrokerFields" loopOver="sourceMessage">
			if fieldName not in ["TransType", "TransTypeName", "MsgLength", "MsgSeqNo", "DateTime"]: destMessage["BET_"+fieldName] = sourceMessage[fieldName]
		</fieldLoop>

		<!-- ==================================================================== -->
		<fieldMap name="AckNack">
			<if sourceField="Status" value="1" type="integer">
				<mapField destField="isAck" value="true"/>
			</if>
			<else>
				<mapField destField="isAck" value="false"/>
				<mapField destField="nackText" sourceField="Text"/>
			</else>
		</fieldMap>

		<fieldMap name="Common">
			<fieldLoopRef name="CopyBrokerFields"/>
			<mapField destField="frameSeqNo" sourceField="MsgSeqNo" type="integer"/>
			<mapField destField="brkConvId" sourceField="OrderSeqNo" type="string"/>
			<mapField destField="subBrokerRef" value="RBSM" type="string"/>
		        <mapField destField="parentBrokerRef" value="BET" type="string"/>
			<mapField destField="broker" sourceField="Broker" type="string"/>

			<!-- -->
			<mapField destField="IncomingType" sourceField="TransTypeName" type="string"/>
		</fieldMap>

		<fieldMap name="CommonTradeDetails">
			<fieldMapRef name="Common"/>
			<mapField destField="account" sourceField="Account" type="string"/>
			<mapField destField="counterPartyFirmName" sourceField="Customer" type="string"/>
      <mapField destField="counterpartyId" sourceField="Customer" type="string"/>
			<!-- we wont map to counterpartyId as bonds stuff notion of id is variable -->
			<mapField destField="clientName" sourceField="Customer" type="string"/>
			<mapField destField="counterpartyTrader" sourceField="UserLogon" type="string"/>
			<mapField destField="convStartTime" sourceField="DateTime" type="datetime"/> <!-- this might be TradeDateTime-->
			<mapField destField="convTimeLimit" sourceField="SecondsTillExpiry"/>
			<!-- mapField destField="instrumentRef" sourceField="Ticker" type="string"/ -->
		</fieldMap>

		<fieldMap name="SwitchTradeDetails">
			<mapField destField="instrumentCat" sourceField="SecurityType1"/>
			<mapField destField="switchinstrumentCat" sourceField="SecurityType2"/>
			<mapField destField="instrumentSrc" sourceField="SecuritySrc1"/>
			<mapField destField="switchinstrumentSrc" sourceField="SecuritySrc2"/>
			<mapField destField="brokerOrderSeqNo" sourceField="OrderSeqNo"/>
			<mapField destField="switchbrokerOrderSeqNo" sourceField="OrderSeqNo2"/>

			<if sourceField="DestType" value="REJECT">
				<mapField destField="_destination_" value="REJECT"/>
			</if>
                        <else>
				<mapField destField="_destination_" sourceField="SecuritySrc1"/>
			</else>
			
			<if sourceField="Originator" value="0">
				<mapField destField="salesToTrader" value="true"/>
				<!-- as this this the usual bloomberg nonsense sales to trader and buy sell is reversed so put it the right way round. -->
				<mapField destField="buySell" valueMap="NotBuySell" sourceField="PrimarySide" type="string"/>
				<mapField destField="switchbuySell" valueMap="NotBuySell" sourceField="SecondarySide" type="string"/>
			</if>
			<else>
				<mapField destField="salesToTrader" value="false"/>
				<mapField destField="buySell" valueMap="BuySell" sourceField="PrimarySide" type="string"/>
				<mapField destField="switchbuySell" valueMap="BuySell" sourceField="SecondarySide" type="string"/>
			</else>
			<mapField destField="settlementDate"       sourceField="SettlementDate1" type="date"/>
			<mapField destField="switchsettlementDate" sourceField="SettlementDate2" type="date"/>			
			<mapField destField="qty"       sourceField="OrderQty1" type="long"/>
			<mapField destField="switchqty" sourceField="OrderQty2" type="long"/>
			<mapField destField="instrumentRef"       sourceField="SecurityId1" type="string"/>
			<mapField destField="switchinstrumentRef" sourceField="SecurityId2" type="string"/>
			<mapField destField="ticker"       sourceField="Ticker1" type="string"/>
			<mapField destField="switchTicker" sourceField="Ticker2" type="string"/>			
			<mapField destField="coupon"       sourceField="Coupon1" type="string"/>
			<mapField destField="switchcoupon" sourceField="Coupon2" type="string"/>
			<mapField destField="maturityDate"       sourceField="MaturityDate1" type="string"/>
			<mapField destField="switchmaturityDate" sourceField="MaturityDate2" type="string"/>
			<mapField destField="indicativePrice"       sourceField="Price1" type="double"/>
			<mapField destField="switchindicativePrice" sourceField="Price2" type="double"/>
			<mapField destField="indicativeYield"       sourceField="Yield1" type="double"/>
			<mapField destField="switchindicativeYield" sourceField="Yield2" type="double"/>
			<mapField destField="accrued"               sourceField="AccruedInt1" type="double"/>
			<mapField destField="switchaccrued"         sourceField="AccruedInt2" type="double"/>
			<!-- e may need to get spread type out / send it back etc. -->			
			<!-- we map need to get the spread out / send it back etc. -->
			<mapField destField="currency"              sourceField="CurrencyCode1" type="string"/>
			<mapField destField="switchcurrency"        sourceField="CurrencyCode1" type="string"/>
			<mapField destField="ecnPrice"              sourceField="BBTComposite1" type="double"/>
			<mapField destField="switchecnPrice"        sourceField="BBTComposite2" type="double"/>
			<mapField destField="tradersBookName"       sourceField="BookingTraderName1" type="string"/>
			<mapField destField="switchtradersBookName" sourceField="BookingTraderName2" type="string"/>
			<mapField destField="tradersBookId"         sourceField="BookingTraderNo1" type="integer"/>
			<mapField destField="switchtradersBookId"   sourceField="BookingTraderNo2" type="integer"/>	
			<mapField destField="ecnPrice"       sourceField="BBTComposite1" type="double"/>
			<mapField destField="switchecnPrice" sourceField="BBTComposite2" type="double"/>					
		</fieldMap>

		<fieldMap name="ReversedCrossTradeDetails">
			<mapField destField="instrumentCat" sourceField="SecurityType2"/>
			<mapField destField="switchinstrumentCat" sourceField="SecurityType1"/>
			<mapField destField="instrumentSrc" sourceField="SecuritySrc2"/>
			<mapField destField="switchinstrumentSrc" sourceField="SecuritySrc1"/>
			<mapField destField="brokerOrderSeqNo" sourceField="OrderSeqNo2"/>
			<mapField destField="switchbrokerOrderSeqNo" sourceField="OrderSeqNo"/>
			<if sourceField="DestType" value="REJECT">
				<mapField destField="_destination_" value="REJECT"/>
			</if>
                        <else>
				<mapField destField="_destination_" sourceField="SecuritySrc2"/>
			</else>
			<if sourceField="Originator" value="0">
				<mapField destField="salesToTrader" value="true"/>
				<!-- as this this the usual bloomberg nonsense sales to trader and buy sell is reversed so put it the right way round. -->
				<mapField destField="buySell" valueMap="NotBuySell" sourceField="SecondarySide" type="string"/>
				<mapField destField="switchbuySell" valueMap="NotBuySell" sourceField="PrimarySide" type="string"/>
			</if>
			<else>
				<mapField destField="salesToTrader" value="false"/>
				<mapField destField="buySell" valueMap="BuySell" sourceField="SecondarySide" type="string"/>
				<mapField destField="switchbuySell" valueMap="BuySell" sourceField="PrimarySide" type="string"/>
			</else>
			<mapField destField="settlementDate"       sourceField="SettlementDate2" type="date"/>
			<mapField destField="switchsettlementDate" sourceField="SettlementDate1" type="date"/>
			<mapField destField="qty"       sourceField="OrderQty2" type="long"/>
			<mapField destField="switchqty" sourceField="OrderQty1" type="long"/>
			<mapField destField="instrumentRef"       sourceField="SecurityId2" type="string"/>
			<mapField destField="switchinstrumentRef" sourceField="SecurityId1" type="string"/>
			<mapField destField="ticker"       sourceField="Ticker2" type="string"/>
			<mapField destField="switchTicker" sourceField="Ticker1" type="string"/>
			<mapField destField="coupon"       sourceField="Coupon2" type="string"/>
			<mapField destField="switchcoupon" sourceField="Coupon1" type="string"/>
			<mapField destField="maturityDate"       sourceField="MaturityDate2" type="string"/>
			<mapField destField="switchmaturityDate" sourceField="MaturityDate1" type="string"/>
			<mapField destField="indicativePrice"       sourceField="Price2" type="double"/>
			<mapField destField="switchindicativePrice" sourceField="Price1" type="double"/>
			<mapField destField="indicativeYield"       sourceField="Yield2" type="double"/>
			<mapField destField="switchindicativeYield" sourceField="Yield1" type="double"/>
			<mapField destField="accrued"               sourceField="AccruedInt2" type="double"/>
			<mapField destField="switchaccrued"         sourceField="AccruedInt1" type="double"/>
			<!-- e may need to get spread type out / send it back etc. -->			
			<!-- we map need to get the spread out / send it back etc. -->
			<mapField destField="currency"              sourceField="CurrencyCode2" type="string"/>
			<mapField destField="switchcurrency"        sourceField="CurrencyCode1" type="string"/>
			<mapField destField="ecnPrice"              sourceField="BBTComposite2" type="double"/>
			<mapField destField="switchecnPrice"        sourceField="BBTComposite1" type="double"/>
			<mapField destField="tradersBookName"       sourceField="BookingTraderName2" type="string"/>
			<mapField destField="switchtradersBookName" sourceField="BookingTraderName1" type="string"/>
			<mapField destField="tradersBookId"         sourceField="BookingTraderNo2" type="integer"/>
			<mapField destField="switchtradersBookId"   sourceField="BookingTraderNo1" type="integer"/>	
		</fieldMap>

		<fieldMap name="TwoSecurityTradeDetails">
			<fieldMapRef name="CommonTradeDetails"/>
			<mapField destField="tradeType"  sourceField="tradeType"/>
			<mapField destField="switchtype" sourceField="switchType"/>
			<mapField destField="instrumentCat" sourceField="SecurityType1"/>
			<mapField destField="switchinstrumentCat" sourceField="SecurityType2"/>		
			<!-- map the source fields -->
			<mapField destField="numberOfLegs" value="2" type="integer"/>
			<mapField destField="noOfDealers" sourceField="Competition" type="integer"/>	

			<if sourceField="tradeType" value="SWITCH">
			  <fieldMapRef name="SwitchTradeDetails"/>
			</if>
			<elseif sourceField="tradeType" value="CROSS">
			  <mapField destField="crossInstrument" sourceField="CrossInstrument"/>
			  <if sourceField="CrossInstrument" value="${sourceMessage.SecurityId1}">
			    <!-- Cross instrument is the first leg so we need to flip the legs around -->
			    <fieldMapRef name="ReversedCrossTradeDetails"/>
			  </if>
			  <else>
			    <!-- no need to switch the legs round -->
			    <fieldMapRef name="SwitchTradeDetails"/>
			  </else>
			</elseif>
			<else>
				<log name="error" message="UNKNOWN tradeType[${sourceMessage.tradeType}]"/>
			</else>
		</fieldMap>

		<fieldMap name="OutrightTradeDetails">
			<fieldMapRef name="CommonTradeDetails"/>
			<mapField destField="tradeType" value="OUTRIGHT"/>
			<mapField destField="numberOfLegs" value="1" type="integer"/>
			<mapField destField="noOfDealers" sourceField="Competition" type="integer" optional="true"/>	
			<if sourceField="Originator" value="0">
			  <!-- Can I set the field type to boolean?-->
				<mapField destField="salesToTrader" value="true"/>
				<!-- as this this the usual bloomberg nonsense sales to trader and buy sell is reversed so put it the right way round. -->
				<mapField destField="buySell" valueMap="NotBuySell" sourceField="Side" type="string"/>
			</if>
			<else>
				<mapField destField="salesToTrader" value="false"/>
				<mapField destField="buySell" valueMap="BuySell" sourceField="Side" type="string"/>
			</else>
			<mapField destField="settlementDate" sourceField="SettlementDate" />
			<mapField destField="qty" sourceField="OrderQty" />
			<mapField destField="memoText1" sourceField="Text1" />
			<mapField destField="memoText2" sourceField="Text2" />
			<!-- mapField destField="memoText3" sourceField="Text3" / -->
			<mapField destField="instrumentRef" sourceField="SecurityId" />
			<mapField destField="maturityDate" sourceField="MaturityDate"/>
			<mapField destField="accrued" sourceField="AccruedInterest" type="double"/>
			<mapField destField="indicativePrice" sourceField="Price" type="double"/>
			<mapField destField="indicativeYield" sourceField="Yield" type="double"/>
			<mapField destField="ticker" sourceField="Ticker" type="string"/>
			<mapField destField="coupon" sourceField="Coupon" type="string"/>
			<mapField destField="tradersBookName" sourceField="BookingTraderName" type="string"/>
			<mapField destField="tradersBookId"   sourceField="BookingTraderNo" type="integer"/>
			<mapField destField="currency" sourceField="CurrencyCode" />
			<mapField destField="ecnPrice" sourceField="BBTComposite" type="double" optional="true"/>
			<mapField destField="brokerBookId" sourceField="BookingTraderName" type="string" optional="true"/>
		</fieldMap>

		<!-- =====================================================================-->
		<sourceMessage type="Heartbeat">
			<destMessage type="UnroutableMessage">
				<fieldLoopRef name="CopyBrokerFields"/>
				<mapField destField="incomingType" sourceField="TransTypeName"/>
				<mapField destField="frameSeqNo" sourceField="MsgSeqNo" type="integer"/>
			</destMessage>
		</sourceMessage>

		<sourceMessage type="Order">
			<destMessage type="OrderMessage">
				<fieldMapRef name="OutrightTradeDetails"/>
			 </destMessage>
		</sourceMessage>

		<sourceMessage type="ExecutionAck"> <!-- not sure what nigel is doing here -->
			<!-- check previous sent to determine appropriate ack -->
			<if lastSentSourceType="OrderAcceptMessage">
				<destMessage type="OrderAcceptAckNack">
					<fieldMapRef name="Common"/>
					<fieldMapRef name="AckNack"/>
				</destMessage>
			</if>
			<elseif lastSentSourceType="OrderRejectMessage">
				<destMessage type="OrderRejectAckNack">
					<fieldMapRef name="Common"/>
					<fieldMapRef name="AckNack"/>
				</destMessage>

			</elseif>
			<elseif lastSentSourceType="OrderCounterMessage">
				<destMessage type="OrderCounterAckNack">
					<fieldMapRef name="Common"/>
					<fieldMapRef name="AckNack"/>
				</destMessage>
			</elseif>
			<elseif lastSentSourceType="OrderMessage">
				<log name="info" message="ExecutionAck for unsubscribed instrument - ignoring"/>
			</elseif>			
			<elseif  lastSentSourceType="InquiryMessage">
				<log name="info"  message="ExecutionAck for unsubscribed instrument - ignoring"/>
			</elseif>
			<else>
				<log name="error" message="Unhandled ExecutionAck: last sent type = ${get_last_sent_source_type()}"/>
			</else>
		</sourceMessage>
                

		<sourceMessage type="DealerMessageAck"/>

		<sourceMessage type="MultiPriceInquiry">
			<destMessage type="InquiryMessage">
				<fieldMapRef name="OutrightTradeDetails"/>
			</destMessage>
		</sourceMessage>

		<sourceMessage type="PriceRequestFillAck">
			<if lastSentSourceType="InquiryTermMessage">
				<destMessage type="InquiryTermAckNack">
					<fieldMapRef name="Common"/>
					<fieldMapRef name="AckNack"/>
				</destMessage>
			</if>
			<elseif lastSentSourceType="InquiryResponseMessage">
				<destMessage type="InquiryResponseAckNack">
					<fieldMapRef name="Common"/>
					<fieldMapRef name="AckNack"/>
				</destMessage>
			</elseif>
			<elseif lastSentSourceType="OrderCounterMessage">
				<destMessage type="OrderCounterAckNack">
					<fieldMapRef name="Common"/>
					<fieldMapRef name="AckNack"/>
				</destMessage>
			</elseif>
		</sourceMessage>

		<sourceMessage type="CustomerAccept">
			<destMessage type="CustAcceptMessage">
 				<fieldMapRef name="OutrightTradeDetails"/>
				<mapField destField="indicativePrice" sourceField="Price" />
				<mapField destField="indicativeYield" sourceField="Yield" />
			</destMessage>
		</sourceMessage>

		<sourceMessage type="WiretimeExpire">
			<destMessage type="WiretimeExpireMessage">
        <fieldMapRef name="OutrightTradeDetails"/>
				<mapField destField="noOfDealers" sourceField="Competition" type="integer"/>	
				<mapField destField="ecnPrice" sourceField="BBTComposite" type="double"/>
			</destMessage>
		</sourceMessage>

		<sourceMessage type="CustomerHitLift">
			<destMessage type="CustAccExpMessage">
				<fieldMapRef name="OutrightTradeDetails"/>
				<mapField destField="indicativePrice" sourceField="Price" />
				<mapField destField="indicativeYield" sourceField="Yield" />
			</destMessage>
		</sourceMessage>

		<sourceMessage type="InquiryExecutionAck">
			<if lastSentSourceType="InquiryRejectMessage">
				<destMessage type="InquiryRejectAckNack">
					<fieldMapRef name="Common"/>
					<fieldMapRef name="AckNack"/>
				</destMessage>
			</if>
			<elseif lastSentSourceType="InquiryAcceptMessage">
				<destMessage type="InquiryAcceptAckNack">
					<fieldMapRef name="Common"/>
					<fieldMapRef name="AckNack"/>
				</destMessage>
			</elseif>
			<else>
				<log name="error" message="Unhandled InquiryExecutionAck: last sent type = ${get_last_sent_source_type()}"/>
			</else>
		</sourceMessage>

		<sourceMessage type="PassTradedAwayCovered">
			<destMessage type="ConvTermMessage">
				<fieldMapRef name="OutrightTradeDetails"/>
				<mapField destField="terminationReason" sourceField="Status" valueMap="FinalTradeState" type="string"/>
			</destMessage>
		</sourceMessage>

		<sourceMessage type="Reconciliation">
			<destMessage type="ReconciliationMessage">
				<fieldMapRef name="OutrightTradeDetails"/>
				<mapField destField="finalTradeState" sourceField="Status" valueMap="FinalTradeState" type="string"/> 
				<mapField destField="coverPrice" sourceField="CoveredPrice" type="double"/>
			</destMessage>
		</sourceMessage>

		<sourceMessage type="Expiration">
			<destMessage type="ConvTermMessage">
				<fieldMapRef name="OutrightTradeDetails"/>
				<mapField destField="terminationReason" sourceField="Status" valueMap="ExpirationState" type="string"/>
			</destMessage>
		</sourceMessage>

		<!-- TSpread order -->
		<sourceMessage type="TwoSecOrder">
			<destMessage type="OrderMessage">
				<fieldMapRef name="TwoSecurityTradeDetails"/>
			</destMessage>
		</sourceMessage>
		<sourceMessage type="TwoSecInquiryExecutionAck">
			<if lastSentSourceType="InquiryAcceptMessage">
				<destMessage type="InquiryAcceptAckNack">
					<fieldMapRef name="Common"/>
					<fieldMapRef name="AckNack"/>
				</destMessage>
			</if>
			<elseif lastSentSourceType="InquiryRejectMessage">
				<destMessage type="InquiryRejectAckNack">
					<fieldMapRef name="Common"/>
					<fieldMapRef name="AckNack"/>
				</destMessage>

			</elseif>
			<elseif lastSentSourceType="InquiryMessage">
				<log name="info" message="ExecutionAck for unsubscribed instrument - ignoring"/>
			</elseif>
			<else>
				<log name="error" message="Unhandled ExecutionAck: last sent type = ${get_last_sent_source_type()}"/>
			</else>
		</sourceMessage>
		
		<sourceMessage type="TwoSecExecutionAck">
			<if lastSentSourceType="OrderAcceptMessage">
				<destMessage type="OrderAcceptAckNack">
					<fieldMapRef name="Common"/>
					<fieldMapRef name="AckNack"/>
				</destMessage>
			</if>
			<elseif lastSentSourceType="OrderRejectMessage">
				<destMessage type="OrderRejectAckNack">
					<fieldMapRef name="Common"/>
					<fieldMapRef name="AckNack"/>
				</destMessage>

			</elseif>
			<elseif lastSentSourceType="OrderCounterMessage">
				<destMessage type="OrderCounterAckNack">
					<fieldMapRef name="Common"/>
					<fieldMapRef name="AckNack"/>
				</destMessage>
			</elseif>
			<elseif lastSentSourceType="OrderMessage">
				<log name="info" message="ExecutionAck for unsubscribed instrument - ignoring"/>
			</elseif>
			<else>
				<log name="error" message="Unhandled ExecutionAck: last sent type = ${get_last_sent_source_type()}"/>
			</else>
		</sourceMessage>
		<sourceMessage type="TwoSecPriceRequest">
			<destMessage type="InquiryMessage">
				<fieldMapRef name="TwoSecurityTradeDetails"/>
			</destMessage>
		</sourceMessage>

		<sourceMessage type="TwoSecPriceFillAck">
			<if lastSentSourceType="InquiryTermMessage">
				<destMessage type="InquiryTermAckNack">
					<fieldMapRef name="Common"/>
					<fieldMapRef name="AckNack"/>
				</destMessage>
			</if>
			<elseif lastSentSourceType="InquiryResponseMessage">
				<destMessage type="InquiryResponseAckNack">
					<fieldMapRef name="Common"/>
					<fieldMapRef name="AckNack"/>
				</destMessage>
			</elseif>
			<elseif lastSentSourceType="OrderCounterMessage">
				<destMessage type="OrderCounterAckNack">
					<fieldMapRef name="Common"/>
					<fieldMapRef name="AckNack"/>
				</destMessage>
			</elseif>
		</sourceMessage>

		<sourceMessage type="TwoSecWiretimeExpire">
			<destMessage type="WiretimeExpireMessage">
				<fieldMapRef name="TwoSecurityTradeDetails"/>
			</destMessage>
		</sourceMessage>
		
		<sourceMessage type="TwoSecCustomerHitLift">
			<if sourceField="Status" value="1" type="integer">
				<destMessage type="CustAccExpMessage">	
					<fieldMapRef name="TwoSecurityTradeDetails"/>
				</destMessage>
			</if>
			<else>
				<destMessage type="ConvTermMessage">
					<fieldMapRef name="TwoSecurityTradeDetails"/>
					<mapField destField="terminationReason" sourceField="Status" valueMap="FinalTradeState"	type="string"/>			
				</destMessage>
			</else>
		</sourceMessage>

		<sourceMessage type="TwoSecCustomerAccept">
			<destMessage type="CustAcceptMessage">
				<fieldMapRef name="TwoSecurityTradeDetails"/>
			</destMessage>
		</sourceMessage>


		<sourceMessage type="TwoSecExpiration">
			<destMessage type="ConvTermMessage">
				<fieldMapRef name="TwoSecurityTradeDetails"/>
				<mapField destField="terminationReason" sourceField="Status" valueMap="TwoSecExpirationState" type="string"/>
			</destMessage>
		</sourceMessage>
		
		<sourceMessage type="TwoSecReconciliation">
			<destMessage type="ReconciliationMessage">
				<fieldMapRef name="TwoSecurityTradeDetails"/>
				<mapField destField="finalTradeState" sourceField="Status" valueMap="FinalTradeState" type="string"/> 
			</destMessage>
		</sourceMessage>

	</incoming>


	<!-- ========= OUTGOING ========================================================== -->
	<outgoing>
                <valueSet name="TwoSecTrades">
			<value>SWITCH</value>
			<value>CROSS</value>
		</valueSet>

		<valueMap name="PriceDetailType">
		  <value sourceValue="UNKNOWN" destValue="P"/>
		  <value sourceValue="BOND" destValue="P"/>
		  <value sourceValue="BILLY" destValue="Y"/>		  
		  <value sourceValue="SWAP" destValue="P"/>
		  <value sourceValue="FRN" destValue="P"/>
		  <value sourceValue="STRIPY" destValue="Y"/>
		</valueMap>

		<valueMap name="QuoteType">
		  <value sourceValue="PRICE" destValue="P"/>
          <value sourceValue="YIELD" destValue="Y"/>
          <value sourceValue="UNKNOWN" destValue="P"/>          
		</valueMap>

		<!--
			Copy all BET_ prefixed fields back into outgoing message
		-->
		<fieldLoop name="CopyBrokerFields" loopOver="sourceMessage">
			if fieldName.startswith("BET_"): destMessage[fieldName[4:]] = sourceMessage[fieldName]
		</fieldLoop>

		<fieldMap name="Ack">
			<fieldLoopRef name="CopyBrokerFields"/>
			<mapField destField="MsgSeqNo" sourceField="frameSeqNo" type="integer"/>
			<if sourceField="isAck" value="true">
				<mapField destField="Status" value="1" type="integer"/>
			</if>
			<else>
				<mapField destField="Status" value="2" type="integer"/>
				<mapField destField="Text" sourceField="nackText" optional="true"/>
			</else>
		</fieldMap>

		<!-- used to ACK Orders/Inquiries with no subscription -->
		<fieldMap name="GeneratedAck">
			<fieldLoopRef name="CopyBrokerFields"/>
			<mapField destField="MsgSeqNo" sourceField="frameSeqNo" type="integer"/>
			<mapField destField="Status" value="1" type="integer"/>
		</fieldMap>
		
		<fieldMap name="OutrightPriceType">
            <!-- this section is completely vile and should be changed/handled in the autoquoter -->			
            <if sourceFieldExists="instrumentQuoteType">
                <mapField destField="PriceType" sourceField="instrumentQuoteType" valueMap="QuoteType"/>
            </if>
			<elseif sourceFieldExists="priceDetailType">
			  <if sourceFieldExists="ticker">
				  <if sourceField="ticker" value="BOTS">
					  <mapField destField="PriceType" value="P"/>
				  </if>
					<elseif sourceField="priceDetailType" inMap="PriceDetailType">
						<mapField destField="PriceType" sourceField="priceDetailType" valueMap="PriceDetailType"/>
					</elseif>
					<else>
					  <mapField destField="PriceType" value="P"/>
					</else>
				</if>
				<else>
					<mapField destField="PriceType" value="P"/>
				</else>
			</elseif>
			<else>
				<mapField destField="PriceType" value="P"/>
			</else>
		</fieldMap>

		<fieldMap name="SwitchPriceType">
            <!-- this section is completely vile and should be changed/handled in the autoquoter -->			
            <if sourceFieldExists="instrumentQuoteType">
                <mapField destField="PriceType1" sourceField="instrumentQuoteType" valueMap="QuoteType"/>
            </if>            
			<elseif sourceFieldExists="priceDetailType">
			  <if sourceFieldExists="ticker">
				  <if sourceField="ticker" value="BOTS">
					  <mapField destField="PriceType1" value="P"/>
				  </if>
					<elseif sourceField="priceDetailType" inMap="PriceDetailType">
						<mapField destField="PriceType1" sourceField="priceDetailType" valueMap="PriceDetailType"/>
					</elseif>
					<else>
					  <mapField destField="PriceType1" value="P"/>
					</else>
				</if>
				<else>
					<mapField destField="PriceType1" value="P"/>
				</else>
			</elseif>
			<else>
				<mapField destField="PriceType1" value="P"/>
			</else>
            <!-- this section is completely vile and should be changed/handled in the autoquoter -->			
            <if sourceFieldExists="switchinstrumentQuoteType">
                <mapField destField="PriceType2" sourceField="switchinstrumentQuoteType" valueMap="QuoteType"/>
            </if>                
			<elseif sourceFieldExists="priceDetailType">
			  <if sourceFieldExists="switchticker">
				  <if sourceField="switchticker" value="BOTS">
					  <mapField destField="PriceType2" value="P"/>
				  </if>
					<elseif sourceField="switchpriceDetailType" inMap="PriceDetailType">
						<mapField destField="PriceType2" sourceField="switchpriceDetailType" valueMap="PriceDetailType"/>
					</elseif>
					<else>
					  <mapField destField="PriceType2" value="P"/>
					</else>
				</if>
				<else>
					<mapField destField="PriceType2" value="P"/>
				</else>
			</elseif>
			<else>
				<mapField destField="PriceType2" value="P"/>
			</else>
		</fieldMap>		

		<fieldMap name="CrossPriceType">
			<!-- this section is completely vile and should be changed/handled in the autoquoter -->			
			<if sourceFieldExists="priceDetailType">
			  <if sourceFieldExists="ticker">
				  <if sourceField="ticker" value="BOTS">
					  <mapField destField="PriceType1" value="P"/>
				  </if>
					<elseif sourceField="priceDetailType" inMap="PriceDetailType">
						<mapField destField="PriceType2" sourceField="priceDetailType" valueMap="PriceDetailType"/>
					</elseif>
					<else>
					  <mapField destField="PriceType2" value="P"/>
					</else>
				</if>
				<else>
					<mapField destField="PriceType2" value="P"/>
				</else>
			</if>
			<else>
				<mapField destField="PriceType2" value="P"/>
			</else>
			<!-- this section is completely vile and should be changed/handled in the autoquoter -->			
			<if sourceFieldExists="priceDetailType">
			  <if sourceFieldExists="switchticker">
				  <if sourceField="switchticker" value="BOTS">
					  <mapField destField="PriceType1" value="P"/>
				  </if>
					<elseif sourceField="switchpriceDetailType" inMap="PriceDetailType">
						<mapField destField="PriceType1" sourceField="switchpriceDetailType" valueMap="PriceDetailType"/>
					</elseif>
					<else>
					  <mapField destField="PriceType1" value="P"/>
					</else>
				</if>
				<else>
					<mapField destField="PriceType1" value="P"/>
				</else>
			</if>
			<else>
				<mapField destField="PriceType1" value="P"/>
			</else>
		</fieldMap>		

		<fieldMap name="PriceType">
			<if sourceField="tradeType" value="OUTRIGHT">
				<fieldMapRef name="OutrightPriceType"/>
			</if>
			<elseif sourceField="tradeType" value="SWITCH">
				<fieldMapRef name="SwitchPriceType"/>
			</elseif>
			<elseif sourceField="tradeType" value="CROSS">
			  <if sourceField="switchinstrumentRef" value="${sourceMessage.BET_SecurityId1}">
				 <!-- sides need flipping as we have sent to second instrument source -->
					<fieldMapRef name="CrossPriceType"/>
				</if>
				<else>
					<!-- dont need to flip sides -->
					<fieldMapRef name="SwitchPriceType"/>
				</else>
			</elseif>
			<else>
				<log name="error" message="failed to map trade details as unknown tradeType[${sourceMessage.tradeType}]"/>
			</else>
		</fieldMap>

		<fieldMap name="QuoteDetails2">
			<fieldLoopRef name="CopyBrokerFields"/>
			<fieldMapRef name="PriceType"/>
			<if sourceField="tradeType" value="OUTRIGHT">
				<mapField destField="Price" sourceField="indicativePrice" type="double"/>
				<mapField destField="Yield" sourceField="indicativeYield" type="double"/>
				<mapField destField="BookingTraderNo" sourceField="tradersBookId" optional="true"/>
				<mapField destField="BookingTraderName" sourceField="tradersBookName" optional="true"/>
			</if>
			<elseif sourceField="tradeType" value="SWITCH">
				<mapField destField="Price1" sourceField="indicativePrice" type="double"/>
				<mapField destField="Yield1" sourceField="indicativeYield" type="double"/>
				<mapField destField="Price2" sourceField="switchindicativePrice" type="double"/>
				<mapField destField="Yield2" sourceField="switchindicativeYield" type="double"/>
			
				<mapField destField="BookingTraderNo1" sourceField="tradersBookId" optional="true"/>
				<mapField destField="BookingTraderNo2" sourceField="tradersBookId" optional="true"/>
				<mapField destField="BookingTraderName1" sourceField="tradersBookName" optional="true"/>
				<mapField destField="BookingTraderName2" sourceField="tradersBookName" optional="true"/>
				
			</elseif>
			<elseif sourceField="tradeType" value="CROSS">
				<if sourceField="switchinstrumentRef" value="${sourceMessage.BET_SecurityId1}">
				<!-- flip the legs as we have sent to the second instrument source which will have the legs the other way round -->
					<mapField destField="Price2" sourceField="indicativePrice" type="double"/>
					<mapField destField="Yield2" sourceField="indicativeYield" type="double"/>
					<mapField destField="Price1" sourceField="switchindicativePrice" type="double"/>
					<mapField destField="Yield1" sourceField="switchindicativeYield" type="double"/>
					<mapField destField="BookingTraderNo1" sourceField="tradersBookId" optional="true"/>
					<mapField destField="BookingTraderNo2" sourceField="tradersBookId" optional="true"/>
					<mapField destField="BookingTraderName1" sourceField="tradersBookName" optional="true"/>
					<mapField destField="BookingTraderName2" sourceField="tradersBookName" optional="true"/>
				</if>
				<else>
				  <!-- don't need to flip the legs -->
					<mapField destField="Price1" sourceField="indicativePrice" type="double"/>
					<mapField destField="Yield1" sourceField="indicativeYield" type="double"/>
					<mapField destField="Price2" sourceField="switchindicativePrice" type="double"/>
					<mapField destField="Yield2" sourceField="switchindicativeYield" type="double"/>
					<mapField destField="BookingTraderNo1" sourceField="tradersBookId" optional="true"/>
					<mapField destField="BookingTraderNo2" sourceField="tradersBookId" optional="true"/>
					<mapField destField="BookingTraderName1" sourceField="tradersBookName" optional="true"/>
					<mapField destField="BookingTraderName2" sourceField="tradersBookName" optional="true"/>
				</else>
			</elseif>
			<else>
				<log name="error" message="failed to map trade details as unknown tradeType[${sourceMessage.tradeType}]"/>
			</else>
		</fieldMap>

		<sourceMessage type="OrderAckNack">
		  <if sourceField="tradeType" inSet="TwoSecTrades">
				<destMessage type="TwoSecOrderAck"><fieldMapRef name="Ack"/></destMessage>
		  </if>
		  <elseif sourceField="tradeType" value="OUTRIGHT">
				<destMessage type="OrderAck"><fieldMapRef name="Ack"/></destMessage>
		  </elseif>
		  <else>
				<log name="error" message="OrderAckNack: Unhandled tradeType[${sourceMessage.tradeType}]"/>
		  </else>
		</sourceMessage>

		<sourceMessage type="ReconciliationAckNack">
		  <if sourceField="tradeType" inSet="TwoSecTrades">
				<destMessage type="TwoSecReconciliationAck"><fieldMapRef name="Ack"/></destMessage>
		  </if>
		  <elseif sourceField="tradeType" value="OUTRIGHT">
				<destMessage type="ReconciliationAck"><fieldMapRef name="Ack"/></destMessage>
		  </elseif>
		  <else>
				<log name="error" message="ReconciliationAckNack: Unhandled tradeType[${sourceMessage.tradeType}]"/>
		  </else>
		</sourceMessage>

		<sourceMessage type="InquiryAckNack">
		  <if sourceField="tradeType" inSet="TwoSecTrades">
				<destMessage type="TwoSecPriceRequestAck"><fieldMapRef name="Ack"/></destMessage>
		  </if>
		  <elseif sourceField="tradeType" value="OUTRIGHT">
				<destMessage type="MultiPriceInquiryAck"><fieldMapRef name="Ack"/></destMessage>
		  </elseif>
		  <else>
				<log name="error" message="InquiryAckNack: Unhandled tradeType[${sourceMessage.tradeType}]"/>
		  </else>
		</sourceMessage>

		<sourceMessage type="WiretimeExpireAckNack">
		  <if sourceField="tradeType" inSet="TwoSecTrades">
				<destMessage type="TwoSecWiretimeExpireAck"><fieldMapRef name="Ack"/></destMessage>
		  </if>
		  <elseif sourceField="tradeType" value="OUTRIGHT">
				<destMessage type="WiretimeExpireAck"><fieldMapRef name="Ack"/></destMessage>
		  </elseif>
		  <else>
				<log name="error" message="WiretimeExpireAckNack: Unhandled tradeType[${sourceMessage.tradeType}]"/>
		  </else>
		</sourceMessage>

		<sourceMessage type="CustAccExpAckNack">
		  <if sourceField="tradeType" inSet="TwoSecTrades">
				<destMessage type="TwoSecCustomerHitLiftAck"><fieldMapRef name="Ack"/></destMessage>
		  </if>
		  <elseif sourceField="tradeType" value="OUTRIGHT">
				<destMessage type="CustomerHitLiftAck"><fieldMapRef name="Ack"/></destMessage>
		  </elseif>
		  <else>
				<log name="error" message="CustAccExpAckNack: Unhandled tradeType[${sourceMessage.tradeType}]"/>
		  </else>
		</sourceMessage>
		
		<sourceMessage type="CustAcceptAckNack">
			<if sourceField="tradeType" inSet="TwoSecTrades">
				<destMessage type="TwoSecCustomerAcceptAck"><fieldMapRef name="Ack"/></destMessage>
			</if>
 			<elseif  sourceField="tradeType" value="OUTRIGHT">
				<destMessage type="CustomerAcceptAck"><fieldMapRef name="Ack"/></destMessage>
			</elseif>
			<else>
				<log name="error" message="Unhandled CustAcceptAckNack - unknown tradeType"/>
			</else>
		</sourceMessage>

		<sourceMessage type="ConvTermAckNack">
		  <if sourceField="tradeType" inSet="TwoSecTrades">
		  	<if lastReceivedSourceType="TwoSecExpiration">
		  		<destMessage type="TwoSecExpirationAck"><fieldMapRef name="Ack"/></destMessage>
		  	</if>
		  	<elseif lastReceivedSourceType="TwoSecCustomerHitLift">
		  		<destMessage type="TwoSecCustomerHitLiftAck"><fieldMapRef name="Ack"/></destMessage>
		  	</elseif>
		  	<else>
					<log name="error" message="Unhandled ConvTermAckNack - last received source type ${get_last_received_source_type()}"/>
		  	</else>
		  </if>
		  <elseif sourceField="tradeType" value="OUTRIGHT">
				<if lastReceivedSourceType="PassTradedAwayCovered">
					<destMessage type="PassTradedAwayCoveredAck"><fieldMapRef name="Ack" /></destMessage>
				</if>
				<elseif lastReceivedSourceType="Expiration">
					<destMessage type="ExpirationAck"><fieldMapRef name="Ack" /></destMessage>
				</elseif>
				<else>
					<log name="error" message="Unhandled ConvTermAckNack - last received source type ${get_last_received_source_type()}" /> 
				</else>
		  </elseif>
		  <else>
				<log name="error" message="ConvTermAckNack: Unhandled tradeType[${sourceMessage.tradeType}]"/>
		  </else>
		</sourceMessage>

		<sourceMessage type="OrderAcceptMessage">
		  <if sourceField="tradeType" inSet="TwoSecTrades">
				<destMessage type="TwoSecExecution">
					<fieldLoopRef name="CopyBrokerFields"/>
					<mapField destField="Status" value="1" type="integer"/>
					<mapField destField="OriginalTradeDateTime" sourceField="BET_TradeDatetime" type="long"/>
				</destMessage>
		  </if>
		  <elseif sourceField="tradeType" value="OUTRIGHT">
				<destMessage type="Execution">
					<fieldLoopRef name="CopyBrokerFields"/>
					<mapField destField="Status" value="1" type="integer"/>
					<mapField destField="OriginalTradeDateTime" sourceField="BET_TradeDatetime" type="long"/>
					<mapField destField="TraderNumber" sourceField="tradersBookId" type="integer"/>
				</destMessage>
		  </elseif>
		  <else>
				<log name="error" message="OrderAcceptMessage: Unhandled tradeType[${sourceMessage.tradeType}]"/>
		  </else>
		</sourceMessage>

		<sourceMessage type="OrderRejectMessage">
		  <if sourceField="tradeType" inSet="TwoSecTrades">
				<destMessage type="TwoSecExecution">
					<fieldLoopRef name="CopyBrokerFields"/>
					<mapField destField="Status" value="2" type="integer"/>
					<mapField destField="OriginalTradeDateTime" sourceField="BET_TradeDatetime" type="long"/>
					<mapField destField="SalesBookNo" value="0" type="integer"/>
				</destMessage>
				<destMessage type="DealerMessage">
					<fieldLoopRef name="CopyBrokerFields"/>
					<mapField destField="Status" value="2" type="integer"/>
					<mapField destField="Text1" sourceField="rejectionReason" type="string"/>
				</destMessage>
		  </if>
		  <elseif sourceField="tradeType" value="OUTRIGHT">
				<destMessage type="Execution">
					<fieldLoopRef name="CopyBrokerFields"/>
					<mapField destField="Status" value="2" type="integer"/>
					<mapField destField="OriginalTradeDateTime" sourceField="BET_TradeDatetime" type="long"/>
					<mapField destField="SalesBookNo" value="0" type="integer"/>
				</destMessage>
				<destMessage type="DealerMessage">
					<fieldLoopRef name="CopyBrokerFields"/>
					<mapField destField="Status" value="2" type="integer"/>
					<mapField destField="Text1" sourceField="rejectionReason" type="string"/>
				</destMessage>
		  </elseif>
		  <else>
				<log name="error" message="OrderRejectMessage: Unhandled tradeType[${sourceMessage.tradeType}]"/>
		  </else>
		</sourceMessage>

		<sourceMessage type="OrderCounterMessage">
		  <if sourceField="tradeType" inSet="TwoSecTrades">
				<destMessage type="TwoSecPriceFill">
					<fieldMapRef name="QuoteDetails2"/>
					<mapField destField="Status" value="6" type="integer"/>
					<mapField destField="Timer" sourceField="validTime" type="integer"/>
				</destMessage>
		  </if>
		  <elseif sourceField="tradeType" value="OUTRIGHT">
				<destMessage type="PriceRequestFill">
					<fieldMapRef name="QuoteDetails2"/>
					<mapField destField="Status" value="6" type="integer"/>
					<mapField destField="Timer" sourceField="validTime" type="integer"/>
				</destMessage>
		  </elseif>
		  <else>
				<log name="error" message="OrderCounterMessage: Unhandled tradeType[${sourceMessage.tradeType}]"/>
		  </else>
		</sourceMessage>

		<sourceMessage type="InquiryResponseMessage">
			<if lastReceivedSourceType="MultiPriceInquiry">
				<destMessage type="PriceRequestFill">
					<fieldMapRef name="QuoteDetails2"/>
					<mapField destField="Timer" sourceField="validTime" type="integer"/>
					<mapField destField="Status" value="1" type="integer"/>
				</destMessage>
			</if>
			<elseif lastReceivedSourceType="CustomerHitLift">
				<destMessage type="PriceRequestFill">
					<fieldMapRef name="QuoteDetails2"/>
					<mapField destField="Timer" sourceField="validTime" type="integer"/>
					<mapField destField="Status" value="6" type="integer"/>
				</destMessage>
			</elseif>
			<elseif lastReceivedSourceType="WiretimeExpire">
				<destMessage type="PriceRequestFill">
					<fieldMapRef name="QuoteDetails2"/>
					<mapField destField="Timer"  sourceField="validTime" type="integer"/>
					<mapField destField="Status" value="1" type="integer"/>
				</destMessage>
			</elseif>
			<elseif lastReceivedSourceType="TwoSecPriceRequest">
				<destMessage type="TwoSecPriceFill">
					<fieldMapRef name="QuoteDetails2"/>
					<mapField destField="Timer"  sourceField="validTime" type="integer"/>
					<mapField destField="Status" value="1" type="integer"/>
				</destMessage>
			</elseif>
			<elseif lastReceivedSourceType="TwoSecCustomerHitLift">
				<destMessage type="TwoSecPriceFill">
					<fieldMapRef name="QuoteDetails2"/>
					<mapField destField="Timer"  sourceField="validTime" type="integer"/>
					<mapField destField="Status" value="6" type="integer"/>
				</destMessage>
			</elseif>
			<elseif lastReceivedSourceType="TwoSecWiretimeExpire">
				<destMessage type="TwoSecPriceFill">
					<fieldMapRef name="QuoteDetails2"/>
					<mapField destField="Timer"  sourceField="validTime" type="integer"/>
					<mapField destField="Status" value="1" type="integer"/>
				</destMessage>
			</elseif>
			<elseif lastReceivedSourceType="PriceRequestFillAck">
				<destMessage type="PriceRequestFill">
					<fieldMapRef name="QuoteDetails2"/>
					<mapField destField="Timer"  sourceField="validTime" type="integer"/>
					<mapField destField="Status" value="6" type="integer"/>
				</destMessage>
			</elseif>
			<else>
				<log name="error" message="Unhandled InquiryResponse - last received source type ${get_last_received_source_type()}"/>
			</else>
		</sourceMessage>

		<sourceMessage type="InquiryTermMessage">
		  <if sourceField="tradeType" inSet="TwoSecTrades">
				<destMessage type="TwoSecPriceFill">
					<fieldLoopRef name="CopyBrokerFields"/>
					<mapField destField="Status" value="2" type="integer"/>
				</destMessage>
				<destMessage type="DealerMessage">
					<fieldLoopRef name="CopyBrokerFields"/>
					<mapField destField="Status" value="2" type="integer"/>
					<mapField destField="Text1" sourceField="rejectionReason" type="string"/>
				</destMessage>
		  </if>
		  <elseif sourceField="tradeType" value="OUTRIGHT">
				<destMessage type="PriceRequestFill">
					<fieldLoopRef name="CopyBrokerFields"/>
					<mapField destField="Status" value="2" type="integer"/>
				</destMessage>
				<destMessage type="DealerMessage">
					<fieldLoopRef name="CopyBrokerFields"/>
					<mapField destField="Status" value="2" type="integer"/>
					<mapField destField="Text1" sourceField="rejectionReason" type="string"/>
				</destMessage>
		  </elseif>
		  <else>
				<log name="error" message="InquiryTermMessage: Unhandled tradeType[${sourceMessage.tradeType}]"/>
		  </else>
		</sourceMessage>

		<sourceMessage type="InquiryAcceptMessage">
		  <if sourceField="tradeType" inSet="TwoSecTrades">
				<destMessage type="TwoSecInquiryExecution">
					<fieldLoopRef name="CopyBrokerFields"/>
					<mapField destField="Status" value="1" type="integer"/>
				</destMessage>
		  </if>
		  <elseif sourceField="tradeType" value="OUTRIGHT">
				<destMessage type="InquiryExecution">
					<fieldLoopRef name="CopyBrokerFields"/>
					<mapField destField="Status" value="1" type="integer"/>
				</destMessage>
		  </elseif>
		  <else>
				<log name="error" message="InquiryAcceptMessage: Unhandled tradeType[${sourceMessage.tradeType}]"/>
		  </else>
		</sourceMessage>

		<sourceMessage type="InquiryRejectMessage">
		  <if sourceField="tradeType" inSet="TwoSecTrades">
				<destMessage type="TwoSecInquiryExecution">
					<fieldLoopRef name="CopyBrokerFields"/>
					<mapField destField="Status" value="2" type="integer"/>
				</destMessage>
				<destMessage type="DealerMessage">
					<fieldLoopRef name="CopyBrokerFields"/>
					<mapField destField="Status" value="2" type="integer"/>
					<mapField destField="Text1" sourceField="rejectionReason" type="string" optional="true"/>
				</destMessage>				
		  </if>
		  <elseif sourceField="tradeType" value="OUTRIGHT">
				<destMessage type="InquiryExecution">
					<fieldLoopRef name="CopyBrokerFields"/>
					<mapField destField="Status" value="2" type="integer"/>
				</destMessage>
				<destMessage type="DealerMessage">
					<fieldLoopRef name="CopyBrokerFields"/>
					<mapField destField="Status" value="2" type="integer"/>
					<mapField destField="Text1" sourceField="rejectionReason" type="string" optional="true"/>
				</destMessage>				
		  </elseif>
		  <else>
				<log name="error" message="InquiryRejectMessage: Unhandled tradeType[${sourceMessage.tradeType}]"/>
		  </else>
		</sourceMessage>

		<!-- ======== Messages not originating from the autoquoter ============== -->

		<sourceMessage type="UnroutableMessage">
			<if sourceField="incomingType" value="Heartbeat">
				<destMessage type="HeartbeatAck">
					<fieldLoopRef name="CopyBrokerFields"/>
					<mapField destField="MsgSeqNo" sourceField="frameSeqNo" type="integer"/>
				</destMessage>
			</if>
		</sourceMessage>

		<!-- Orders and inquiries for which there is no subscription -->
		<sourceMessage type="OrderMessage">
		  <if sourceField="IncomingType" value="Order">
		  <!-- remember to alter swaps mapping as it does not ack the order -->
				<log name="unknown_instrument" message="REJECTING Order for unsubscribed ticker ${sourceMessage.instrumentRef}"/>
  			<destMessage type="OrderAck"><fieldMapRef name="GeneratedAck"/></destMessage>				
				<destMessage type="Execution">
					<fieldLoopRef name="CopyBrokerFields"/>
					<mapField destField="Status" value="2" type="integer"/>
					<mapField destField="OriginalTradeDateTime" sourceField="BET_TradeDatetime" type="long"/>
				</destMessage>
				<destMessage type="DealerMessage">
					<fieldLoopRef name="CopyBrokerFields"/>
					<mapField destField="Status" value="2" type="integer"/>
					<mapField destField="Text1" value="Unable to autoexecute this instrument - please call" type="string"/>
				</destMessage>
		  </if>
		  <elseif sourceField="IncomingType" value="TwoSecOrder">
				<log name="unknown_instrument" message="REJECTING Order for unsubscribed ticker ${sourceMessage.instrumentRef} - ${sourceMessage.switchinstrumentRef}"/>
  			<destMessage type="TwoSecOrderAck"><fieldMapRef name="GeneratedAck"/></destMessage>				
				<destMessage type="TwoSecExecution">
					<fieldLoopRef name="CopyBrokerFields"/>
					<mapField destField="Status" value="2" type="integer"/>
					<mapField destField="OriginalTradeDateTime" sourceField="BET_TradeDatetime" type="long"/>
				</destMessage>
				<destMessage type="DealerMessage">
					<fieldLoopRef name="CopyBrokerFields"/>
					<mapField destField="Status" value="2" type="integer"/>
					<mapField destField="Text1" value="Unable to autoexecute this instrument - please call" type="string"/>
				</destMessage>
		  </elseif>
		  <else>
				<log name="error" message="Unhandled tradeType[${sourceMessage.tradeType}]"/>
		  </else>
		</sourceMessage>

		<sourceMessage type="InquiryMessage">                        
			<if sourceField="IncomingType" value="MultiPriceInquiry">
				<log name="unknown_instrument" message="REJECTING Inquiry for unsubscribed ticker ${sourceMessage.instrumentRef}"/>
  			 <destMessage type="MultiPriceInquiryAck"><fieldMapRef name="GeneratedAck"/></destMessage>
	  		 <destMessage type="PriceRequestFill">
		  		<fieldLoopRef name="CopyBrokerFields"/>
			  	<mapField destField="Status" value="2" type="integer"/>
			  </destMessage>
			  <destMessage type="DealerMessage">
				  <fieldLoopRef name="CopyBrokerFields"/>
				  <mapField destField="Status" value="2" type="integer"/>
				  <mapField destField="Text1" value="Unable to autoquote this instrument - please call" type="string"/>
			  </destMessage>
			</if>
			<elseif sourceField="IncomingType" value="TwoSecPriceRequest">
				<log name="unknown_instrument" message="REJECTING Inquiry for unsubscribed ticker ${sourceMessage.instrumentRef} - ${sourceMessage.switchinstrumentRef}"/>
				<destMessage type="TwoSecPriceRequestAck"><fieldMapRef name="GeneratedAck"/></destMessage>				
				<destMessage type="TwoSecPriceFill">				
					<fieldLoopRef name="CopyBrokerFields"/>
					<mapField destField="Status" value="2" type="integer"/>
				</destMessage>
				<destMessage type="DealerMessage">
					<fieldLoopRef name="CopyBrokerFields"/>
					<mapField destField="Status" value="2" type="integer"/>
					<mapField destField="Text1" value="Unable to autoquote this instrument - please call" type="string"/>
				</destMessage>
			</elseif>
			<else>
				<log name="error" message="Unhandled tradeType[${sourceMessage.tradeType}]"/>
			</else>
		</sourceMessage>	
		
		<!-- We should receive Reconciliation Messages for auto-rejected orders/inquiries -->
		<sourceMessage type="ReconciliationMessage">			
			<if sourceField="BET_Status" value="2">
				<if sourceField="IncomingType" value="TwoSecReconciliation">
					<destMessage type="TwoSecReconciliationAck">
						<fieldLoopRef name="CopyBrokerFields"/>
						<mapField destField="MsgSeqNo" sourceField="frameSeqNo" type="integer"/>					
						<mapField destField="Status" value="1" type="integer"/>
					</destMessage>				
				</if>
				<elseif sourceField="IncomingType" value="Reconciliation">
					<destMessage type="ReconciliationAck">
						<fieldLoopRef name="CopyBrokerFields"/>
						<mapField destField="MsgSeqNo" sourceField="frameSeqNo" type="integer"/>					
						<mapField destField="Status" value="1" type="integer"/>
					</destMessage>
				</elseif>
				<else>
					<log name="error" message="Unhandled messageType[${sourceMessage.IncomingType}]"/>
				</else>
			</if>
			<else>				
				<!-- Not sending Reject Ack i.e. with Status 2 as could be error on our side -->
				<log name="error" message="ReconciliationMessage has unexpected Status[${sourceMessage.BET_Status}] - expected 2=Reject"/>				
			</else>
		</sourceMessage>						

	</outgoing>
	
</messageMap>
