         <sqlSP name="appCreateLATAM">
         	<conditions evaluate="OR">
            	<condition><testField>${AttributeNames.SD_IS_PLAIN}</testField><testValue>true</testValue><type>Boolean</type></condition>
                <condition><testField>${AttributeNames.SD_IS_CASH_FLOW}</testField><testValue>true</testValue><type>Boolean</type></condition>
               	<condition><testField>${AttributeNames.SD_IS_MULTI_COUPON}</testField><testValue>true</testValue><type>Boolean</type></condition>
            </conditions>
            <parameters>               
               <parameter name="@CorpOrSov" from="${AttributeNames.SD_MARKET_SECTOR_TYPE}" />
               <parameter name="@BondNodeRef" from="${AttributeNames.SD_INSTRUMENT_ID}" />
               <parameter name="@BondName" from="${AttributeNames.SD_BOND_DISPLAY_NAME}" />
               <parameter name="@AliasName" value="" />
               <parameter name="@BondTicker" from="${AttributeNames.SD_BLOOMBERG_TICKER}" />
               <parameter name="@AssociatedCurve" from="${AttributeNames.SD_CURVE}" />
               <parameter name="@Coupon" from="${AttributeNames.SD_COUPON}" type="Double" default="0.0" />
               <parameter name="@MaturityDate" from="${AttributeNames.SD_MATURITY_DATE}" />
               <parameter name="@BondTypeRef" from="${AttributeNames.SD_BOND_TYPE_REF}" />
               <parameter name="@Currency" from="${AttributeNames.SD_CURRENCY}" />
               <parameter name="@Country" from="${AttributeNames.SD_COUNTRY_FULL_NAME}" />
               <parameter name="@CountryISO" from="${AttributeNames.SD_COUNTRY_CODE}" />
               <parameter name="@BondCalcType" from="${AttributeNames.SD_CALC_TYPE_DES}" />
               <parameter name="@Series" from="${AttributeNames.SD_SERIES}" />
               <parameter name="@IssueSize" from="${AttributeNames.SD_ISSUE_SIZE}"   type="Double" default="0.0" />
               <parameter name="@FirstAccrualDate" from="${AttributeNames.SD_FIRST_ACCRUAL_DATE}" />
               <parameter name="@FirstSettlementDate" from="${AttributeNames.SD_FIRST_SETTLEMENT_DATE}" />
               <parameter name="@FirstCouponAmount" from="${AttributeNames.SD_FIRST_COUPON_AMOUNT}" type="Double" default="0.0" />
               <parameter name="@FirstCouponDate" from="${AttributeNames.SD_FIRST_COUPON_DATE}" />
               <parameter name="@LastCouponAmount" from="${AttributeNames.SD_LAST_COUPON_AMOUNT}" type="Double" default="0.0" />
               <parameter name="@LastCouponDate" from="${AttributeNames.SD_LAST_COUPON_DATE}" />
               <parameter name="@RedemptionAmount" from="${AttributeNames.SD_REDEMPTION_AMOUNT}" type="Double" default="0.0" />
               <parameter name="@IsCodeISIN" value="Y" />
               <parameter name="@IsOnRun" value="0" type="Integer" />
               <parameter name="@SubTreeRef" value="Staging" />
               <parameter name="@NodeSetRef" value="Staging" />
            </parameters>
         </sqlSP>
         <sqlSP name="appCreateCorporatesBondNode">
            <conditions evaluate="AND">
                <condition><testField>${AttributeNames.SD_IS_FRN}</testField><testValue>true</testValue><type>Boolean</type></condition>
            </conditions>
            <parameters>              
               <parameter name="@SubTreeRef" value="Staging" />
               <parameter name="@CorpOrSov" from="${AttributeNames.SD_MARKET_SECTOR_TYPE}" />
               <parameter name="@CountryISO" from="${AttributeNames.SD_COUNTRY_CODE}" />
               <parameter name="@Isin" from="${AttributeNames.SD_INSTRUMENT_ID}" />
               <parameter name="@DisplayName" from="${AttributeNames.SD_BOND_DISPLAY_NAME}" />
               <parameter name="@PriceType" value="BidAsk" /> <!--  Always BidAsk, uses BidAskManualFrnPriceCalculator -->
               <parameter name="@Benchmark" value="" /> <!--  Not applicable to FRN -->
               <parameter name="@PricingMethod" value="discMargin" />
               <parameter name="@Currency" from="${AttributeNames.SD_CURRENCY}" />
               <parameter name="@PortfolioId" value="Master" />
               <parameter name="@Moodys" from="${AttributeNames.SD_RATING_MOODY}" />
               <parameter name="@SandP" from="${AttributeNames.SD_RATING_STANDARD_AND_POOR}" />
               <parameter name="@Fitch" from="${AttributeNames.SD_RATING_FITCH}" />
               <parameter name="@BidSpread" value="0" type="Integer" /> <!-- Not applicable to FRN -->
               <parameter name="@AskSpread" value="0" type="Integer" /> <!-- Not applicable to FRN -->
               <parameter name="@IsFrn" value="Y" /> <!--  Safe assumption! -->
               <parameter name="@UserName" value="latam-pricing-instmaint" />
            </parameters>
         </sqlSP>
         <sqlSP name="appCorporatesBondStaticStore">
            <conditions evaluate="AND">
                <condition><testField>${AttributeNames.SD_IS_FRN}</testField><testValue>true</testValue><type>Boolean</type></condition>
            </conditions>
            <parameters>
               <parameter name="@CountryISO" from="${AttributeNames.SD_COUNTRY_CODE}" />
               <parameter name="@BondNodeRef" from="${AttributeNames.SD_INSTRUMENT_ID}" />
               <parameter name="@BondId" from="${AttributeNames.SD_INSTRUMENT_ID}" />
               <parameter name="@BondName" from="${AttributeNames.SD_BOND_DISPLAY_NAME}" />
               <parameter name="@BondTypeRef" from="${AttributeNames.SD_BOND_TYPE_REF}" />
               <parameter name="@Coupon" from="${AttributeNames.SD_COUPON}" />
               <parameter name="@IsPerpetual" value="N" />
               <parameter name="@MaturityDate" from="${AttributeNames.SD_MATURITY_DATE}" />
               <parameter name="@FirstAccrualDate" from="${AttributeNames.SD_FIRST_ACCRUAL_DATE}" />
               <parameter name="@FirstSettlementDate"   from="${AttributeNames.SD_FIRST_SETTLEMENT_DATE}" />
               <parameter name="@FirstCouponAmount" from="${AttributeNames.SD_LAST_COUPON_AMOUNT}"   type="Double" default="0.0" />
               <parameter name="@FirstCouponDate" from="${AttributeNames.SD_FIRST_COUPON_DATE}" />
               <parameter name="@LastCouponAmount" from="${AttributeNames.SD_LAST_COUPON_AMOUNT}" type="Double" default="0.0" />
               <parameter name="@LastCouponDate" from="${AttributeNames.SD_LAST_COUPON_DATE}" />
               <parameter name="@RedemptionAmount" from="${AttributeNames.SD_REDEMPTION_AMOUNT}" type="Double" default="0.0" />
               <parameter name="@IsCodeISIN" value="Y" />
               <parameter name="@BloombergTicker" from="${AttributeNames.SD_BLOOMBERG_TICKER}" />
               <parameter name="@IssueSize" from="${AttributeNames.SD_ISSUE_SIZE}"   type="Double" default="0.0" />
               <parameter name="@Currency" from="${AttributeNames.SD_CURRENCY}" />
               <parameter name="@Country" from="${AttributeNames.SD_COUNTRY_FULL_NAME}" />
               <parameter name="@BondCalcType" from="${AttributeNames.SD_CALC_TYPE_DES}" />
               <parameter name="@Series" from="${AttributeNames.SD_SERIES}" />
               <parameter name="@IsFrn" value="Y" />
               <parameter name="@CISCode" value="" />
               <parameter name="@SubDebt" value="" />
               <parameter name="@Version" value="0" type="Integer" />
               <parameter name="@ServerName" value="latam-pricing-instmaint" />
               <parameter name="@UpdaterRef" value="latam-pricing-instmaint" />
            </parameters>
         </sqlSP>
         <sqlSP name="appBADiscountMarginCalcStore">
            <conditions evaluate="AND">
                <condition><testField>${AttributeNames.SD_IS_FRN}</testField><testValue>true</testValue><type>Boolean</type></condition>
            </conditions>
            <parameters>
               <parameter name="@BondNodeRef" from="${AttributeNames.SD_INSTRUMENT_ID}" />
               <parameter name="@IndexName" from="${AttributeNames.SD_FRN_INDEX_NAME}" />
               <parameter name="@LiveNodeRef" from="${AttributeNames.SD_FRN_LIVE_NODE}" />
               <parameter name="@RepoNodeRef" from="${AttributeNames.SD_FRN_REPO_NODE}" />
               <parameter name="@discountMargin" value="0" type="Integer" />
               <parameter name="@Version" value="0" type="Integer" />
               <parameter name="@ServerName" value="latam-pricing-instmaint" />
               <parameter name="@UpdaterRef" value="latam-pricing-instmaint" />
            </parameters>
         </sqlSP>
         <sqlSP name="CalculatorStore">
            <conditions evaluate="AND">
                <condition><testField>${AttributeNames.SD_IS_FRN}</testField><testValue>true</testValue><type>Boolean</type></condition>
            </conditions>
            <parameters>
               <parameter name="@NodeRef" from="${AttributeNames.SD_INSTRUMENT_ID}" />
               <parameter name="@CalculatorId" value="bidAskCompCalc" />
               <parameter name="@JavaClass" value="com.rbsfm.fi.pricing.dependency.bond.BidAskYieldComparisonCalculator" />
               <parameter name="@Version" value="0" type="Integer" />
               <parameter name="@ServerName" value="latam-pricing-instmaint" />
               <parameter name="@UpdaterRef" value="latam-pricing-instmaint" />
            </parameters>
         </sqlSP>   
         <sqlSP name="CashFlowStore" >
            <iterativeField>${AttributeNames.SD_CASH_FLOW}</iterativeField>      
            <conditions evaluate="AND">
                <condition><testField>${AttributeNames.SD_IS_CASH_FLOW}</testField><testValue>true</testValue><type>Boolean</type></condition>
            </conditions>
            <parameters>
              <parameter name="@Id" from="${AttributeNames.SD_INSTRUMENT_ID}" />
              <parameter name="@Date" from="${AttributeNames.SD_SCHEDULE_DATE}" type="Date" format="yyyy-MM-dd" iterative="true" />
              <parameter name="@Coupon" from="${AttributeNames.SD_SCHEDULE_COUPON}" type="Double" iterative="true" />
              <parameter name="@Interest" from="${AttributeNames.SD_SCHEDULE_INTEREST}" type="Double" iterative="true"/>
              <parameter name="@Repayment" from="${AttributeNames.SD_SCHEDULE_REPAYMENT}" type="Double" iterative="true" />
              <parameter name="@Principal" from="${AttributeNames.SD_SCHEDULE_PRINCIPAL}" type="Double" iterative="true" />
              <parameter name="@Version" value="0" type="Integer"/>
              <parameter name="@ServerName" value="${serverName}" />
              <parameter name="@UpdaterRef" value="${serverName}" />            
            </parameters>
         </sqlSP>
         <sqlSP name="CalculatorStore">
            <conditions evaluate="AND">
                <condition><testField>${AttributeNames.SD_IS_CASH_FLOW}</testField><testValue>true</testValue><type>Boolean</type></condition>
            </conditions>
            <parameters>
               <parameter name="@NodeRef" from="${AttributeNames.SD_INSTRUMENT_ID}" />
               <parameter name="@CalculatorId" value="CashFlowCalculator" />
               <parameter name="@JavaClass" value="com.rbsfm.fi.pricing.dependency.bond.CashFlowCalculator" />
               <parameter name="@Version" value="0" type="Integer" />
               <parameter name="@ServerName" value="latam-pricing-instmaint" />
               <parameter name="@UpdaterRef" value="latam-pricing-instmaint" />
            </parameters>
         </sqlSP>  
         <sqlSP name="ScheduleStore">
             <iterativeField>${AttributeNames.SD_STEPUP_SCHEDULE}</iterativeField>  <!-- STEP UP -->
            <conditions evaluate="AND">
                <condition><testField>${AttributeNames.SD_IS_MULTI_COUPON}</testField><testValue>true</testValue><type>Boolean</type></condition>
                <condition><testField>${AttributeNames.SD_SINKABLE}</testField><testValue>true</testValue><type>Boolean</type></condition> 
            </conditions>
            <parameters>
               <parameter name="@Id" from="${AttributeNames.SD_INSTRUMENT_ID}" />
               <parameter name="@Type" value="Margin" />
               <parameter name="@Date" from="${AttributeNames.SD_FIRST_COUPON_DATE}" />
               <parameter name="@Amount" from="${AttributeNames.SD_FLOAT_SPREAD}" type="Integer" />
               <parameter name="@Version" value="0" type="Integer"/>
               <parameter name="@ServerName" value="latam-pricing-instmaint" />
               <parameter name="@UpdaterRef" value="latam-pricing-instmaint" />
            </parameters>
   	     </sqlSP>
         <sqlSP name="ScheduleStore">
             <iterativeField>${AttributeNames.SD_CALL_SCHEDULE}</iterativeField>  <!-- CALL -->
            <conditions evaluate="AND">
                <condition><testField>${AttributeNames.SD_IS_MULTI_COUPON}</testField><testValue>true</testValue><type>Boolean</type></condition>
                <condition><testField>${AttributeNames.SD_SINKABLE}</testField><testValue>true</testValue><type>Boolean</type></condition> 
            </conditions>
            <parameters>
               <parameter name="@Id" from="${AttributeNames.SD_INSTRUMENT_ID}" />
               <parameter name="@Type" value="Margin" />
               <parameter name="@Date" from="${AttributeNames.SD_FIRST_COUPON_DATE}" />
               <parameter name="@Amount" from="${AttributeNames.SD_FLOAT_SPREAD}" type="Integer" />
               <parameter name="@Version" value="0" type="Integer"/>
               <parameter name="@ServerName" value="latam-pricing-instmaint" />
               <parameter name="@UpdaterRef" value="latam-pricing-instmaint" />
            </parameters>
          </sqlSP>
          <sqlSP name="CalculatorStore">         
            <conditions evaluate="AND">
                <condition><testField>${AttributeNames.SD_IS_MULTI_COUPON}</testField><testValue>true</testValue><type>Boolean</type></condition>
                <condition><testField>${AttributeNames.SD_SINKABLE}</testField><testValue>true</testValue><type>Boolean</type></condition> 
            </conditions>
            <parameters>
               <parameter name="@NodeRef" from="${AttributeNames.SD_INSTRUMENT_ID}" />
               <parameter name="@CalculatorId" value="ScheduleCalculator" />
               <parameter name="@JavaClass" value="com.rbsfm.fi.pricing.dependency.bond.ScheduleCalculator" />
               <parameter name="@Version" value="0" type="Integer" />
               <parameter name="@ServerName" value="latam-pricing-instmaint" />
               <parameter name="@UpdaterRef" value="latam-pricing-instmaint" />
            </parameters>
    	 </sqlSP>
         <sqlSP name="appLATAMEcnCreateBond">
            <parameters>
               <parameter name="@InstrumentRef" from="${AttributeNames.SD_INSTRUMENT_ID}" />
               <parameter name="@Cusip" from="${AttributeNames.SD_ALT_INSTRUMENT_TYPE_CUSIP}" />
               <parameter name="@BloombergSpread" from="${AttributeNames.SD_BASIC_SPREAD}"   type="Double" />
               <parameter name="@BloombergSize" from="${AttributeNames.SD_ISSUE_SIZE}" type="Double" />
               <parameter name="@SpreadType" value="SP" />
               <parameter name="@NodeSetRef" from="${AttributeNames.SD_MARKET_SECTOR}" />
            </parameters>
         </sqlSP>
         <sqlSP name="appLoadLATAMSanData">
            <parameters>
               <parameter name="@InstrumentId" from="${AttributeNames.SD_INSTRUMENT_ID}" />
               <parameter name="@IsFRN" from="${AttributeNames.SD_IS_FRN}"   type="String" />
            </parameters>
         </sqlSP>
         <sqlSP name="appCreateStagingCalculator">
            <parameters>
               <parameter name="@BondNodeRef" from="${AttributeNames.SD_INSTRUMENT_ID}" />
               <parameter name="@StageLiveStatus" value="Loaded" />
               <parameter name="@StageBook" value="" />
               <parameter name="@PostStagingSectorOpts" value="" />
               <parameter name="@PostStagingSector" from="${AttributeNames.SD_MARKET_SECTOR}" />
               <parameter name="@StageBB" value="Y" />
               <parameter name="@StageALLQ" value="Y" />
               <parameter name="@StageRequestor" from="${AttributeNames.IM_REQUESTOR}" />
            </parameters>
         </sqlSP>

      
      

