<?xml version="1.0"?>

<!--  
============================================================================

The clientmux is an socket based message "multiplexer" that performs the 
following functions in the centralised pricing architecture.

One-Many message distribution: 
Allows many clients to receive messages without loading backend centralised
pricing servers.

Many-One message distribution:
Takes messages from many baskend centralised pricing servers and combines
into a single stream of messages for the client.

Throttling:
Throttles the total number of messages that all client can receive.

Message routing:
routes messages from client based to backend centralised pricing server.

When a client connects via a socket, this triggers the server to request
a bootstrap from all the backend centralised pricing servers.

============================================================================
-->

<app app_name="latam clientmux offshore">
  
<!-- Including file:/D:/cpnetbuild/builds/2009-Oct-07-04-12-28-latam-0_0_12/rbsfm/cpbuild/release/latam-0_0_12/rbsfm/cpbuild/config/templates/../includes/Logging.xml  -->
<!--
===========================================================
             Shared Logging configuration.
===========================================================
-->
${log.console}

<component name="logger.file.all" class_name="com.rbsfm.common.logger.FileLogger">
    <format>\${time} \${logname} [\${thread}] \${user}: \${message}</format>
    <file>${log.dir}/latam-clientmux-offshore.log.%n</file>
    <file_rotation_rule>by_size<size>5000</size><maxFiles>20</maxFiles></file_rotation_rule>
    
    <asynchronous>true<queueSize>0</queueSize></asynchronous>
</component>

<component name="logger.memory" class_name="com.rbsfm.common.logger.InMemoryLogger">
    <format>\${time} \${logname} [\${thread}] \${user}: \${message}</format>
    <size>500</size>
</component>

<component name="logger.log4j.error" class_name="com.rbsfm.common.logger.Log4jLogger">
    <format>\${time} \${app} [\${thread}] \${message}</format>
    <category>ERROR</category>
    <config_file>${log4j.configuration}</config_file>
</component>

<component name="LogAdmin" class_name="com.rbsfm.common.logger.LogAdmin">
    <log name="DEBUG" active="false"/>
    <log name="ERROR" active="true"/>
    <log name="FARMCLIENT" active="true"/>
    <log name="FIANALYTICS" active="true"/>
    <log name="FICURVE" active="false"/>
    <log name="FIATTRIBUTE" active="false"/>
    <log name="FIHOME" active="false"/>
    <log name="FIPUB" active="false"/>
    <log name="FITREE" active="false"/>
    <log name="GATEWAY_MSG" active="false" />
    <log name="GDS_SERVICES" active="true"/>
    <log name="GDS_SERVICES_OUTPUT" active="true"/>
    <log name="INFO" active="true"/>
    <log name="MESSAGE" active="false"/>
    <log name="MUX" active="false"/>
    <log name="RPC" active="false"/>
    <log name="SANITIZER" active="false"/>
    <log name="SECURITY" active="false"/>
    <log name="SOAP" active="false"/>
    <log name="SOAPRPC" active="false"/>
    <log name="SSO" active="false"/>
    <log name="SQL" active="false"/>
    <log name="SUB" active="false"/>
    <log name="TRADEWEB_FEEDMSG" active="false"/>
    <log name="TRADEWEB_IO" active="true"/>
    <log name="WARNING" active="true"/>
    <log name="XML" active="false"/>
    <log name="GDS_SERVICES" active="true" />
    <log name="GDS_SERVICES_OUTPUT" active="true"/>
</component>

<component name="MemoryLogger" lazy="true"
  class_name="com.rbsfm.common.system.TimedMemoryUsageLogger">
  <timer_interval>${memlogger.intervalMs}</timer_interval>
  <log>INFO</log>
  <force_gc>false</force_gc>
  <control>MemoryLogger</control>
  <logFreq>${memlogger.logFreq}</logFreq>    
  <listeners>
	<listener name="MemoryMonitor"/>
  </listeners>	
</component>

<component name="BusinessHoursLogConfig"
  class_name="com.rbsfm.fi.pricing.util.BusinessHoursLogConfig">
  <dayStart>07:00</dayStart>
  <dayEnd>17:30</dayEnd>
</component>

<component name="MemoryMonitor" class_name="com.rbsfm.ficommon.util.MemoryMonitor">
  <dumpThreadsAtPercent>95</dumpThreadsAtPercent>
  <logSize>${memlogger.logSize}</logSize>
  <logOnLogRoll>true</logOnLogRoll>
</component>

<component name="CafCurveLogger" lazy="true"
	class_name="com.rbsfm.fi.pricing.curve.CafCurveLogger">
	<timer_interval>${cafcurvelogger.intervalMs}</timer_interval>
	<log>INFO</log>
</component>	


<!-- Included file:/D:/cpnetbuild/builds/2009-Oct-07-04-12-28-latam-0_0_12/rbsfm/cpbuild/release/latam-0_0_12/rbsfm/cpbuild/config/templates/../includes/Logging.xml  -->

 
  <!--  
  ============================================================================
  Properties referred to by subsequent components.
  ============================================================================
  -->
  
  <component name="SystemProperties" class_name="com.rbsfm.common.properties.ConfigurableProperties">
    <property name="server_name"        value="latam-clientmux-offshore"/>
    <property name="basedir"            value="${deploy.dir}/"/>
    <property name="bindir"             value="${basedir}/bin"/>
    <property name="configdir"          value="${basedir}/config"/>
    <property name="logdir"             value="${log.dir}"/>
    <property name="logFormat"          value="\${time} \${logname} [\${thread}] \${message}"/>
    <property name="logFile"            value="${server_name}.log"/>
    <property name="serverDetailsURL"   value="${server.details.url}"/>
    <property name="serverDetailsURL2"  value="${server.details.url.backup}"/>
    <property name="systemUserName"     value="${system.account}"/>
    <property name="systemUserPassword" value="${system.password}"/>

    
    <property name="pricingserver_enabled"        value="true"/>
    <property name="cdspricingserver_enabled"     value="true"/>
    <property name="pnlserver_enabled"            value="false"/>
    <property name="tradedata_enabled"            value="false"/>
    <property name="tradeentry_enabled"           value="false"/>
    <property name="tradestatic_enabled"          value="false"/>
    <property name="riskserver_enabled"           value="false"/>
    <property name="capricerisk_enabled"          value="false"/>
    <property name="adhocpricing_enabled"         value="false"/>
    <property name="ecnbestprice_enabled"         value="false"/>
    <property name="ecnpricefeed_enabled"         value="true"/>
    <property name="ecnquotefeed_enabled"         value="false"/>
    <property name="ecnspreads_enabled"           value="true"/>
    <property name="bet_autoquoter_enabled"       value="true"/>
    <property name="curveserver_enabled"          value="false"/>
    <property name="jotterserver_enabled"         value="false"/>
    <property name="optionserver_enabled"         value="false"/>
    <property name="bet_cparty_bootstrap_enabled" value="true"/>
    <property name="exchangedata_enabled"         value="true"/>
    <property name="ordermanager_enabled"         value="false"/>
    <property name="platoenrichment_enabled"      value="false"/>

    <property name="ecnbestprice_heartbeat_secs" value="10"/>
    <property name="exchangedata_heartbeat_secs" value="10"/>
    <property name="ecnpricefeed_heartbeat_secs" value="10"/>
    <property name="ecnquotefeed_heartbeat_secs" value="10"/>
    <property name="pricing_heartbeat_secs"      value="5"/>
    
    <property name="mux_throttle_batchsize" value="20"/>
    <property name="mux_throttle_frequency" value="10"/>
    
    <property name="socket_queue_replaceable"          value="true"/>
    <property name="socket_queue_sendingthread_accept" value="true"/>
    <property name="no_delay"                          value="true"/>
    <property name="send_buffer_size"                  value="0"/>
    <property name="recieve_buffer_size"               value="0"/>
    <property name="sso_socket_token"                  value="Research"/>
    <property name="startup_wait_pricing"              value="120"/>
    
    <property name="message_protocol"                  value="BIN_V2"/>
    <property name="binv2.check.subs.pre.conversion"   value="false" />
    <property name="binv2.update.cache.size"           value="true"/>
    <property name="message.type.repository.remote"    value="${message.type.repository.remote}"/>
    <property name="message.type.repository.location"  value="${message.type.repository.location}"/>
    
    <!-- following properties are defined to enable globalisation changes where autoquoter will handle book subscription messages from clientmux instead of ecnspreads -->
    <property name="globalisation.enabled"             value="true"/>
    <property name="globalisation.disabled"            value="false"/>
    <property name="aq.bookstatus.host"                value="${aq.bookstatus.host}"/>

  </component>

  <component name="MessageTypeRepository" class_name="com.rbsfm.fi.pricing.external.message.MessageTypeRepository">
    <desc>Manages Message Type metadata</desc>
    <external enabled="${message.type.repository.remote}" url="${message.type.repository.location}"/>
    <!--
    Add entries to overide system message type information here. The following line is a template
    <message_type symbolicName="A_MESSAGE_TYPE" literal="aMessageType" intern_id="true|false" combinable="true|false"/>
    -->
  </component>

  <component name="BINV2ProtocolConverterProperties" class_name="com.rbsfm.fi.pricing.mux.socket.BINV2ProtocolProperties">
    <checkSubscriptionsBeforeConversion>${binv2.check.subs.pre.conversion}</checkSubscriptionsBeforeConversion>
    <updateCacheSize>${binv2.update.cache.size}</updateCacheSize>
  </component>

  <!--  
  ============================================================================
  Hostname resolver - URL resolver that allows HostSelectors to map logical 
  servers and connections to physical hosts and ports
  ============================================================================
  -->
  
  <component name="HostnameResolver" lazy="true" class_name="com.rbsfm.fi.pricing.mux.failover.HostnameResolver">
    <serverDetailsURL>${serverDetailsURL}</serverDetailsURL>
    <serverDetailsURL2>${serverDetailsURL2}</serverDetailsURL2>
  </component>
  
  
<!-- Including file:/D:/cpnetbuild/builds/2009-Oct-07-04-12-28-latam-0_0_12/rbsfm/cpbuild/release/latam-0_0_12/rbsfm/cpbuild/config/templates/../includes/sso.xml  -->
    <!-- Standard SSO components cpbuild\config\includes\sso.xml -->

    
<!-- Including file:/D:/cpnetbuild/builds/2009-Oct-07-04-12-28-latam-0_0_12/rbsfm/cpbuild/release/latam-0_0_12/rbsfm/cpbuild/config/templates/..\includes\ssoservers.xml  -->
    
<!-- Including file:/D:/cpnetbuild/builds/2009-Oct-07-04-12-28-latam-0_0_12/rbsfm/cpbuild/release/latam-0_0_12/rbsfm/cpbuild/config/templates/..\includes\StandardSSOServers.xml  -->


    <component name="SSOProperties1" class_name="com.rbsfm.fi.pricing.util.ServerSystemProperties">
      <logProperties>true</logProperties>
      <hostnameResolver>HostnameResolver</hostnameResolver>
      <server_name>sso</server_name>
      <host>primary</host>
      <property name="sso_env" value="%sso_environment%"/>
      <property name="sso_uri" value="SOCKETS://${sso_env}"/>
      <property name="rbsfm.sso.ServerURI.${sso_env}.1" value="SOCKETS://%hostname%:10102"/>
      <property name="sso.primary.hostname" value="%hostname%"/>
      <property name="sso.primary.port" value="10102"/>
      <property name="sso.primary.timeout" value="20000"/>
    </component>

    <component name="SSOProperties2" class_name="com.rbsfm.fi.pricing.util.ServerSystemProperties">
      <logProperties>true</logProperties>
      <hostnameResolver>HostnameResolver</hostnameResolver>
      <server_name>sso</server_name>
      <host>secondary</host>
      <property name="rbsfm.sso.ServerURI.${sso_env}.2" value="SOCKETS://%hostname%:10102"/>
      <property name="sso.secondary.hostname" value="%hostname%"/>
      <property name="sso.secondary.port" value="10102"/>
      <property name="sso.secondary.timeout" value="20000"/>
    </component>

    <component name="SSOProperties3" class_name="com.rbsfm.fi.pricing.util.ServerSystemProperties">
      <logProperties>true</logProperties>
      <hostnameResolver>HostnameResolver</hostnameResolver>
      <server_name>sso</server_name>
      <host>tertiary</host>
      <property name="rbsfm.sso.ServerURI.${sso_env}.3" value="SOCKETS://%hostname%:10102"/>
      <property name="sso.tertiary.hostname" value="%hostname%"/>
      <property name="sso.tertiary.port" value="10102"/>
      <property name="sso.tertiary.timeout" value="20000"/>
    </component>


<!-- Included file:/D:/cpnetbuild/builds/2009-Oct-07-04-12-28-latam-0_0_12/rbsfm/cpbuild/release/latam-0_0_12/rbsfm/cpbuild/config/templates/..\includes\StandardSSOServers.xml  -->


    
<!-- Including file:/D:/cpnetbuild/builds/2009-Oct-07-04-12-28-latam-0_0_12/rbsfm/cpbuild/release/latam-0_0_12/rbsfm/cpbuild/config/templates/..\includes\ICESSOServers.xml  -->
    <component name="ice-sso-primary-properties" class_name="com.rbsfm.fi.pricing.util.ServerSystemProperties">
      <jmxDomain>ICE</jmxDomain>
      <enabled>${ice.feed.enabled}</enabled>
      <logProperties>true</logProperties>
      <hostnameResolver>HostnameResolver</hostnameResolver>
      <server_name>${ice.sso.service}</server_name>
      <host>primary</host>
      <property name="ice.sso.username" value="%ice.username%"/>
      <property name="ice.sso.password" value="%ice.password%"/>
      <property name="ice.sso.application" value="%ice.application%"/>
      <property name="ice.sso.env" value="%sso_environment%"/>
      <property name="ice.sso.primary.hostname" value="%hostname%"/>
      <property name="ice.sso.primary.port" value="10102"/>
      <property name="ice.sso.primary.timeout" value="20000"/>
    </component>

    <component name="ice-sso-secondary-properties" class_name="com.rbsfm.fi.pricing.util.ServerSystemProperties">
      <jmxDomain>ICE</jmxDomain>
      <enabled>${ice.feed.enabled}</enabled>
      <logProperties>true</logProperties>
      <hostnameResolver>HostnameResolver</hostnameResolver>
      <server_name>${ice.sso.service}</server_name>
      <host>secondary</host>
      <property name="ice.sso.secondary.hostname" value="%hostname%"/>
      <property name="ice.sso.secondary.port" value="10102"/>
      <property name="ice.sso.secondary.timeout" value="20000"/>
    </component>

    <component name="ice-sso-tertiary-properties" class_name="com.rbsfm.fi.pricing.util.ServerSystemProperties">
      <jmxDomain>ICE</jmxDomain>
      <enabled>${ice.feed.enabled}</enabled>
      <logProperties>true</logProperties>
      <hostnameResolver>HostnameResolver</hostnameResolver>
      <server_name>${ice.sso.service}</server_name>
      <host>tertiary</host>
      <property name="ice.sso.tertiary.hostname" value="%hostname%"/>
      <property name="ice.sso.tertiary.port" value="10102"/>
      <property name="ice.sso.tertiary.timeout" value="20000"/>
    </component>

<!-- Included file:/D:/cpnetbuild/builds/2009-Oct-07-04-12-28-latam-0_0_12/rbsfm/cpbuild/release/latam-0_0_12/rbsfm/cpbuild/config/templates/..\includes\ICESSOServers.xml  -->


    


<!-- Included file:/D:/cpnetbuild/builds/2009-Oct-07-04-12-28-latam-0_0_12/rbsfm/cpbuild/release/latam-0_0_12/rbsfm/cpbuild/config/templates/..\includes\ssoservers.xml  -->




    <component name="SecurityModel" class_name="com.rbsfm.SSO.security.SSOSecurityModel">
      <is_test_mode>false</is_test_mode>
      <sso_uri>${sso_uri}</sso_uri>
      <sso_debug>false</sso_debug>
      <test_user>Roger Rabbit</test_user>
      <cacheTokens>true</cacheTokens>
    </component>

    <component name="SecurityHelper" class_name="com.rbsfm.fi.pricing.security.SecurityHelper">
      <securityTokenFactory>SecurityModel</securityTokenFactory>
      <permissionFactory>SecurityModel</permissionFactory>
      <systemUserName>${system.account.alt}</systemUserName>
      <systemUserPassword>${system.password.alt}</systemUserPassword>
      <refreshSecurityTokenTimeSecs>86400</refreshSecurityTokenTimeSecs>
	  
    </component>

<!-- Included file:/D:/cpnetbuild/builds/2009-Oct-07-04-12-28-latam-0_0_12/rbsfm/cpbuild/release/latam-0_0_12/rbsfm/cpbuild/config/templates/../includes/sso.xml  -->


  
  <!--  
  ============================================================================
  exports public static final instance variables as system properties
  ============================================================================
  -->
  
  <component name="ClassConstants" class_name="com.rbsfm.common.properties.ClassConstantsProperties">
    <class name="MessageTypes" package="com.rbsfm.fi.pricing.external.message"/>
    <class name="MuxAttributeNames" package="com.rbsfm.fi.pricing.mux"/>
  </component>

  <!--  
  ============================================================================
  System properties determined at runtime using Hostname Resolver
  ============================================================================
  -->
  
  <component name="ServerSystemProperties" class_name="com.rbsfm.fi.pricing.util.ServerSystemProperties">
    <logProperties>true</logProperties>
    <hostnameResolver>HostnameResolver</hostnameResolver>
    <server_name>${server_name}</server_name>
    <host>${host:primary}</host>
    <property name="out_port" value="%socket_port%"/>
    <property name="savy_port" value="%proc_socket_port%"/>
    <property name="jmx_port" value="%jmx_port%"/>
    <property name="soap_url" value="http://localhost:%bootstrap_port%"/>
    <property name="availability_check_port" value="%availability_check_port%"/>
    <property name="secure" value="%secure%"/>
    <property name="PricingServer" value="%PricingServer%"/>
    <property name="CDSPricingServer" value="%CDSPricingServer%"/>
    <property name="CurveServer" value="%CurveServerMaster%"/>
    <property name="EcnBETAutoQuoterServer" value="%EcnBETAutoQuoterServer%"/>
    <property name="EcnBestPriceServer" value="%EcnBestPriceServer%"/>
    <property name="EcnMarketDepthServer" value="%EcnMarketDepthServer%"/>
    <property name="EcnPriceFeedServer" value="%EcnPriceFeedServer%"/>
    <property name="EcnQuoteFeedServer" value="%EcnQuoteFeedServer%"/>
    <property name="EcnSpreadsServer" value="%EcnSpreadsServer%"/>
    <property name="JotterServer" value="%JotterServerMaster%"/>
    <property name="PNLServer" value="%PNLServer%"/>
    <property name="TradeEntryServer" value="%TradeEntryServer%"/>
    <property name="TradeStaticServer" value="%TradeStaticServer%"/>
    <property name="TradeDataServer" value="%TradeDataServer%"/>
    <property name="RiskServer" value="%RiskServer%"/>
    <property name="CapriceRiskServer" value="%CapriceRiskServer%"/>
    <property name="AdhocPricingServer" value="%AdhocPricingServer%"/>
    <property name="IndexServer" value="%IndexServer%"/>
    <property name="StaticServer" value="%PNLServer%"/>
    <property name="DerivativesServer" value="%OptionServer%"/>
    <property name="ExchangeDataServer" value="%ExchangeDataServer%"/>
    <property name="OrderManagerServer" value="%OrderManagerServer%"/>  
    <property name="PlatoEnrichmentServer" value="%PlatoEnrichmentServer%"/>  
  </component>
  
  <!--  
  ============================================================================
  Global settings component
  ============================================================================
  -->
  
  <component name="FIConfig" class_name="com.rbsfm.fi.pricing.external.detail.FIConfig">
    <db_name>FiDb</db_name>
    <databaseDeadlockRetries>2</databaseDeadlockRetries>
    <precision yield="8" point="8" price="8" spread="8"/>
    <tolerance bestprice="4"/>
    <rounding closingprice="0.00005"/>
    <pricingCache priceYield="false" forwardPrice="false"/>
    <jaxpDocFactoryClass>com.rbsfm.common.xml.tiny.jaxp.DocumentBuilderFactoryImpl</jaxpDocFactoryClass>
  </component>
  
  <!--  
  ============================================================================
  Thread Deadlock detection
  ============================================================================
  -->
  
  <component name="ThreadDeadlockDetector"  class_name="com.rbsfm.common.system.ThreadDeadlockDetector">
     <enable>true</enable>
     <checkInterval>20000</checkInterval>
     <deadLockListeners>
       <listener name="LogDeadlockListener"/>
     </deadLockListeners>
  </component>

  <component name="LogDeadlockListener" lazy="true" class_name="com.rbsfm.common.system.LogDeadlockListener"/>
  
    <!--  
  ============================================================================
  Message Predicates
  ============================================================================
  -->
  
  <component name="StaticPredicate" class_name="com.rbsfm.ficommon.mux.predicate.ConfigurableMessagePredicate">
    <predicate>
      <or>
        <type><equals>pnlcounterparty</equals></type>
        <type><equals>pnlbook</equals></type>
        <type><equals>pnlsalesperson</equals></type>
        <type><equals>pnltrader</equals></type>
        <type><equals>pnlbroker</equals></type>
      </or>
    </predicate>
  </component>
  
  <component name="PNLStaticPredicate" class_name="com.rbsfm.ficommon.mux.predicate.ConfigurableMessagePredicate">
    <predicate><attribute name="type"><or>
    <equals>pnlcounterparty</equals>
    <equals>pnlbook</equals>
    <equals>pnlsalesperson</equals>
    <equals>pnltrader</equals>
    <equals>pnlbroker</equals>
    </or>
    </attribute></predicate>
  </component>
  
  <component name="PNLDataPredicate" class_name="com.rbsfm.ficommon.mux.predicate.ConfigurableMessagePredicate">
    <predicate><attribute name="action">
      <or>
        <equals>PnLData</equals>
        <equals>PnLBookData</equals>
        <equals>GetPosition</equals>
      </or>  
    </attribute></predicate>
  </component>
  
  <component name="TradeEntryMessagePredicate" class_name="com.rbsfm.ficommon.mux.predicate.ConfigurableMessagePredicate">
    <predicate><attribute name="action">
      <or>
        <equals>GetContractTrade</equals>
        <equals>GetTrade</equals>
        <equals>SaveContractTrade</equals>
        <equals>SaveTrade</equals>
        <equals>SaveSwapTrade</equals>
        <equals>SaveASWTrade</equals>
        <equals>EnrichTrade</equals>
        <equals>EnrichASWTrade</equals>
        <equals>EnrichSwapTrade</equals>
        <equals>EnrichSpreadTrade</equals>
        <equals>RevertTrade</equals>
        <equals>RevertContractTrade</equals>
        <equals>AutoCancel</equals>
      </or>  
    </attribute></predicate>
  </component>
    
  <component name="TradeDataMessagePredicate" class_name="com.rbsfm.ficommon.mux.predicate.ConfigurableMessagePredicate">
    <predicate><attribute name="action">
      <or>
        <equals>TradeHistory</equals>
        <equals>TradeSearch</equals>
        <equals>AutoCancel</equals>
      </or>  
    </attribute></predicate>
  </component>
  
  <component name="PricingInstmaintSinkPredicate" class_name="com.rbsfm.ficommon.mux.predicate.ConfigurableMessagePredicate" lazy="true">
      <predicate>
        <attribute name="action"><equals>RequestBondsAction</equals></attribute>
      </predicate>
  </component>
  
  <component name="AdhocPricingRPCPredicate" class_name="com.rbsfm.ficommon.mux.predicate.ConfigurableMessagePredicate">
    <predicate>
      <or>
        <and>
           <attribute name="action">
            <equals>ConfigureAdhocSwap</equals>
          </attribute>
          <attribute name="guid">
            <notnull/>
          </attribute>
        </and>
        <and>
           <attribute name="action">
            <equals>ConfigureAdhocSwapSpread</equals>
          </attribute>
          <attribute name="guid">
            <notnull/>
          </attribute>
        </and>
        <and>
           <attribute name="action">
            <equals>HeartbeatAdhocNode</equals>
          </attribute>
          <attribute name="guid">
            <notnull/>
          </attribute>
        </and>
      </or>
    </predicate>
  </component>

  <component name="AdhocPricingSubscriptionPredicate" class_name="com.rbsfm.ficommon.mux.predicate.ConfigurableMessagePredicate">
    <predicate>
      <or>
        <and>
           <attribute name="type">
            <equals>AdhocSwap</equals>
          </attribute>
          <attribute name="guid">
            <notnull/>
          </attribute>
         </and>
        <and>
           <attribute name="type">
            <equals>AdhocSwapSpread</equals>
          </attribute>
          <attribute name="guid">
            <notnull/>
          </attribute>
         </and>
        <and>
           <attribute name="type">
            <equals>Swap</equals>
          </attribute>
          <attribute name="id">
            <notnull/>
          </attribute>
         </and>
      </or>
    </predicate>
  </component>
    
  <component name="IndexStaticPredicate" class_name="com.rbsfm.ficommon.mux.predicate.ConfigurableMessagePredicate">
    <predicate>
      <attribute name="type">
        <or>
          <equals>Bond</equals>
          <equals>Future</equals>
        </or>
      </attribute>
    </predicate>
  </component>
  
  <component name="DerivativesPredicate" class_name="com.rbsfm.ficommon.mux.predicate.ConfigurableMessagePredicate">
    <predicate>
      <attribute name="type">
        <or>
          <equals>Future</equals>
          <equals>InterestRateFuture</equals>
          <equals>Option</equals>
        </or>
      </attribute>
    </predicate>
  </component>
  
  <component name="MarketDepthPredicate" class_name="com.rbsfm.ficommon.mux.predicate.ConfigurableMessagePredicate">
    <predicate>
      <attribute name="type">
        <equals>MarketDepth</equals>
      </attribute>
    </predicate>
  </component>
  
  <component name="DoNothingPredicate" class_name="com.rbsfm.ficommon.mux.predicate.ConfigurableMessagePredicate">
    <predicate><false/></predicate>
  </component>

  <component name="CapriceRiskPredicate" class_name="com.rbsfm.ficommon.mux.predicate.ConfigurableMessagePredicate">
    <predicate>
      <attribute name="type">
        <or>
          <equals>CurvePointDeltaPL</equals>
          <equals>InstrumentDeltaPL</equals>
          <equals>RiskModelPL</equals>
        </or>
      </attribute>
    </predicate>
  </component>

  <component name="BondStaticPredicate" class_name="com.rbsfm.ficommon.mux.predicate.ConfigurableMessagePredicate">
    <predicate>
      <or>
        <attribute name="action">
          <equals>RequestBondsAction</equals>
        </attribute>
        </or>        
    </predicate>
  </component>
  -->
    <component name="PricingMasterPredicate" class_name="com.rbsfm.ficommon.mux.predicate.ConfigurableMessagePredicate">
      <predicate>
        <or>
          <attribute name="action">
          <equals>AnAction</equals>
          </attribute>
          </or>        
      </predicate>
  </component>
  
 <component name="OrderManagerPredicate" class_name="com.rbsfm.ficommon.mux.predicate.ConfigurableMessagePredicate">
    <predicate>
      <or>
        <attribute name="type">
          <or>
            <equals>OrderEvent</equals>
            <equals>Security</equals>
          </or>
        </attribute>
        <attribute name="destinationType">
          <equals>OMS</equals>
        </attribute>        
      </or>
    </predicate>
  </component>

  <component name="EcnQuoteFeedPredicate" class_name="com.rbsfm.ficommon.mux.predicate.ConfigurableMessagePredicate">
    <predicate>
        <attribute name="destinationType"> <equals>${clientmux.destinationtype.quotefeed}</equals></attribute>        
    </predicate>
  </component>

   <component name="OrderManagerStaticPredicate" class_name="com.rbsfm.ficommon.mux.predicate.ConfigurableMessagePredicate">
    <predicate>
      <attribute name="type">
        <or>
          <equals>Bond</equals>        
          <equals>Security</equals>
          <equals>OrderStatus</equals>
          <equals>ExchangeStatus</equals>
          <equals>ExchangeCapabilities</equals>
          <equals>BrokerStatus</equals>
        </or>
      </attribute>
    </predicate>
  </component>  
  
    <component name="InstMaintSinkPredicate" class_name="com.rbsfm.ficommon.mux.predicate.ConfigurableMessagePredicate">
      <predicate>
      <or>
	      <attribute name="action">
		      <equals>RequestBondsAction</equals>
          </attribute>
          <attribute name="action">
                <equals>Bond</equals>
          </attribute>
	      <attribute name="destinationName">
		      <equals>latam-pricing-instmaint</equals>
	      </attribute>      
      </or>
      </predicate>
  </component>



    
  <!--  
  ============================================================================
  Control Manager for this server
  ============================================================================
  -->
  
  <component name="ControlManager" lazy="true" class_name="com.rbsfm.common.system.ControlManager">
    <control enabled="true">logger.file.all</control>
    <control>SoapService</control>
    <control>JmxWebAdministrator</control>
    <control>ServerAvailabilityScanner</control>
    <control>MemoryLogger</control>
    <control>StaticSource</control>
    <control>IndexSource</control>
    <control>BookSource</control>
    <control enabled="${pnlserver_enabled}">PNLBookOwnerProvider</control>
    <control enabled="${pricingserver_enabled}">PricingSink</control>
    <control enabled="${cdspricingserver_enabled}">CDSPricingSink</control>
    <control enabled="${platoenrichment_enabled}">PlatoEnrichmentSink</control>
    <control enabled="true">InstrumentMaintenanceSink</control>
    <control enabled="${curveserver_enabled}">CurveSink</control>
    <control enabled="${ecnbestprice_enabled}">EcnBestPriceSink</control>
    <control enabled="${ecnbestprice_enabled}">EcnMarketBestPriceSink</control>
    <control enabled="${ecnpricefeed_enabled}">EcnPriceFeedSink</control>
    <control enabled="${bet_autoquoter_enabled}">BETAutoQuoterSink</control>
    <control enabled="${ecnquotefeed_enabled}">EcnQuoteFeedSink</control>
    <control enabled="${ecnspreads_enabled}">EcnSpreadsSink</control>
    <control enabled="${jotterserver_enabled}">PricingDS</control>
    <control enabled="${jotterserver_enabled}">FilteredDSSink</control>
    <control enabled="${jotterserver_enabled}">JotterServerSink</control>
    <control enabled="${pnlserver_enabled}">PNLSource</control>
    <control enabled="${tradestatic_enabled}">StaticSource</control>
    <control enabled="${tradestatic_enabled}">StaticFilteredSource</control>
    <control enabled="${pnlserver_enabled}">PNLSink</control>
    <control enabled="${tradeentry_enabled}">TradeEntrySink</control>
    <control enabled="${tradeentry_enabled}">TradeEntryFilteredSink</control>
    <control enabled="${tradestatic_enabled}">TradeStaticSink</control>
    <control enabled="${tradedata_enabled}">TradeDataSink</control>
    <control enabled="${pnlserver_enabled}">IndexSink</control>
    <control enabled="${riskserver_enabled}">RiskServerSink</control>
    <control enabled="${capricerisk_enabled}">CapriceRiskSink</control>
    <control enabled="${adhocpricing_enabled}">AdhocPricingSink</control>
    <control enabled="${pnlserver_enabled}">DerivativesSink</control>
    <control enabled="${exchangedata_enabled}">ExchangeDataSink</control>    
    <control enabled="${ordermanager_enabled}">OrderManagerSink</control>    
    <control>ExPricePubSinkArray</control>
    <control>PricingThrottler</control>
    <control enabled="${pnlserver_enabled}">PNLThrottler</control>
    <control>ClientService</control>
    <control>HeartbeatGenerator</control>
    <control>SocketServerSource</control>
    <control>ServerAvailabilityCheck</control>
  </component>
  
  <!--  
  ============================================================================
  JMX Admin Control
  ============================================================================
  -->
  
  <component name="JmxWebAdministrator" lazy="true" class_name="com.rbsfm.common.admin.JmxWebAdministrator">
    <port>${jmx_port}</port> ${jmx_user_element}
  </component>
  
  <!--  
  ============================================================================
  Debug Control that turns messages into grids of data.
  ============================================================================
  -->
  
  <component name="TestGrid" class_name="com.rbsfm.fi.pricing.test.GridStore">
    <sink name="PricingThrottler"/>
  </component>
  
  <!--  
  ============================================================================
  Debug Control that monitors the number of messages received.
  ============================================================================
  -->
  
  <component name="MessageMonitor" class_name="com.rbsfm.fi.pricing.test.MessageMonitor">
    <periodInSeconds>3600</periodInSeconds>
    <sink name="PricingThrottler"/>
  </component>
  
  <!--  
  ============================================================================
  Lookup component for mapping between xml messages and external details objects
  ============================================================================
  -->
  
  <component name="XmlAdapterManager" class_name="com.rbsfm.common.xml.XmlAdapterManager">
    <adapters>
      <!-- Details classes -->
      <adapter class_name="com.rbsfm.fi.pricing.external.detail.xml.EcnQuoteDetailsXmlAdapter"/>
      <adapter class_name="com.rbsfm.fi.pricing.external.detail.xml.EcnMarketDepthDetailsXmlAdapter"/>
      <adapter class_name="com.rbsfm.fi.pricing.external.detail.xml.EcnBestPriceDetailsXmlAdapter"/>
      <adapter class_name="com.rbsfm.fi.pricing.ecn.autoquote.external.detail.xml.ExternalAutoQuoterControlXMLAdapter"/>
      <adapter
        class_name="com.rbsfm.fi.pricing.ecn.autoquote.external.detail.xml.ExternalAutoQuoteBookControlXMLAdapter"/>
      <adapter class_name="com.rbsfm.fi.pricing.ecn.autoquote.external.detail.xml.ExternalCustomerControlXMLAdapter"/>
      <adapter class_name="com.rbsfm.fi.pricing.ecn.autoquote.external.detail.xml.ExternalInstrumentClearingXMLAdapter"/>
      <adapter
        class_name="com.rbsfm.fi.pricing.ecn.autoquote.external.detail.xml.ExternalTWInstrumentControlXMLAdapter"/>
      <adapter class_name="com.rbsfm.fi.pricing.ecn.autoquote.external.detail.xml.ExternalSpreadLevelXMLAdapter"/>
      <adapter class_name="com.rbsfm.fi.pricing.ecn.autoquote.external.detail.xml.ExternalSpreadXMLAdapter"/>
      <adapter class_name="com.rbsfm.fi.pricing.ecn.autoquote.external.detail.xml.ExternalHeartbeatXMLAdapter"/>
      <!-- Message classes -->
      <adapter class_name="com.rbsfm.fi.pricing.external.message.xml.GridMessageXmlAdapter"/>
      <adapter class_name="com.rbsfm.fi.pricing.ecn.autoquote.external.message.xml.AutoQuoterControlUpdateXMLAdapter"/>
      <adapter
        class_name="com.rbsfm.fi.pricing.ecn.autoquote.external.message.xml.AutoQuoteBookControlUpdateXMLAdapter"/>
      <adapter class_name="com.rbsfm.fi.pricing.ecn.autoquote.external.message.xml.CustomerControlUpdateXMLAdapter"/>
      <adapter class_name="com.rbsfm.fi.pricing.ecn.autoquote.external.message.xml.InstrumentClearingUpdateXMLAdapter"/>
      <adapter class_name="com.rbsfm.fi.pricing.ecn.autoquote.external.message.xml.TWInstrumentControlUpdateXMLAdapter"/>
    </adapters>
  </component>
  
  <!--  
  ============================================================================
  SOAP Interfaces
  
  Interface implementation for processing bootstrap requests
  and message delegation.
  ============================================================================
  -->
  
  <component name="SoapService" class_name="com.rbsfm.commonx.soap.WebService">
    <url>${soap_url}</url>
  </component>
  
  <reference_factory>
    <contexts>
      <context>
        <name>LocalSoapCtx</name>
        <class_name>com.rbsfm.commonx.soap.SoapContext</class_name>
        <webService>SoapService</webService>
      </context>
    </contexts>
  </reference_factory>
  
  <component name="ClientService" class_name="com.rbsfm.fi.pricing.mux.remote.ClientImpl">
    <bindDescriptor>LocalSoapCtx:mux/Client</bindDescriptor>
    <xmlAdapterManager>XmlAdapterManager</xmlAdapterManager>
    <securityTokenFactory>SecurityModel</securityTokenFactory>
    <bootstrapDelegates>
      <delegate enabled="${pricingserver_enabled}">PricingSink</delegate>
      <delegate enabled="${cdspricingserver_enabled}">CDSPricingSink</delegate>
      <delegate enabled="true">InstrumentMaintenanceSink</delegate>
      <delegate enabled="${curveserver_enabled}">CurveSink</delegate>
      <delegate enabled="${ecnbestprice_enabled}">EcnBestPriceSink</delegate>
      <delegate enabled="${ecnbestprice_enabled}">EcnMarketBestPriceSink</delegate>
      <delegate enabled="${ecnpricefeed_enabled}">EcnPriceFeedSink</delegate>
      <delegate enabled="${ecnspreads_enabled}">EcnSpreadsSink</delegate>
      <delegate enabled="${ecnquotefeed_enabled}">EcnQuoteFeedSink</delegate>
      <delegate enabled="${bet_autoquoter_enabled}">BETAutoQuoterSink</delegate>
      <delegate enabled="${jotterserver_enabled}">JotterServerSink</delegate>
      <delegate>ExPricePubSinkArray</delegate>
      <delegate enabled="${pnlserver_enabled}">DerivativesSink</delegate>
      <delegate enabled="${ordermanager_enabled}">OrderManagerSink</delegate>
    </bootstrapDelegates>
    <messageHandlerDelegates enabled="${message.delegates.enabled}">
      <delegate>PricingServerMessageHandlerDelegate</delegate>
      <delegate>CDSPricingServerMessageHandlerDelegate</delegate>
      <delegate>CurveServerMessageHandlerDelegate</delegate>
      <delegate>InstrumentMaintenanceServerMessageHandlerDelegate</delegate>      
      <delegate>EcnPriceFeedMessageHandlerDelegate</delegate>
      <delegate>EcnPriceFeedSanitizerMessageHandlerDelegate</delegate>
      <delegate enabled="${globalisation.disabled}">EcnSpreadsAttributeMessageHandlerDelegate</delegate>
      <delegate enabled="${globalisation.enabled}">EcnPriceFeedAttributeMessageHandlerDelegate</delegate>
      <delegate enabled="${globalisation.disabled}">EcnSpreadsMessageHandlerDelegate</delegate>    
      <delegate enabled="true">ViaEcnSpreadsBookStatusMessageHandlerDelegate</delegate>
      <delegate enabled="false">ViaAutoQuoterBookStatusMessageHandlerDelegate</delegate>
      <delegate enabled="false">ViaEcnPricefeedBookStatusMessageHandlerDelegate</delegate>
      <delegate enabled="false">ViaEcnSpreadsEcnClientMonitorMessageHandlerDelegate</delegate>
      <delegate enabled="true">ViaAutoquoterEcnClientMonitorMessageHandlerDelegate</delegate>
      <delegate>EcnBETAqMessageHandlerDelegate</delegate>
      <delegate>JotterServerMessageHandlerDelegate</delegate>
      <delegate>ExPricePubMessageHandlerDelegate</delegate>
      <delegate>DerivativesMessageHandlerDelegate</delegate>
      <delegate>EcnBestPriceMessageHandlerDelegate</delegate>
    </messageHandlerDelegates>
  </component>
  
  <!--  
  ============================================================================
  Pricing Server Components - connect to pricing server message socket
  and maps pricing messages back to pricing server SOAP interface
  ============================================================================ 
  -->
  
  <component name="PricingSink" lazy="true" class_name="com.rbsfm.fi.pricing.mux.socket.combi.SocketSinkCombi">
    <enabled>${pricingserver_enabled}</enabled>
    <servername>${PricingServer}</servername>
    <hostnameResolver>HostnameResolver</hostnameResolver>
    <bootstrap name="main" class_name="com.rbsfm.fi.pricing.mux.delegate.bootstrap.PricingServerBootstrapDelegate">
      <soapurl>http://%hostname%:%bootstrap_port%/master/Client.wsdl</soapurl>
    </bootstrap>
    <stale_message_delay>${pricing_heartbeat_secs}</stale_message_delay>
    <!-- use shared protcol dictionary from pricing master -->
    <isolate_reader_protocol>false</isolate_reader_protocol>
    <!-- do not propagate clientmux's merged dictionary back to pricing master -->
    <isolate_writer_protocol>true</isolate_writer_protocol>
  </component>
  
  <component name="PricingServerMessageHandlerDelegate" lazy="true"
    class_name="com.rbsfm.fi.pricing.mux.delegate.message.PricingServerMessageDelegate">
    <hostselector>PricingSink</hostselector>
    <soapurl>http://%hostname%:%message_port%/master/Client.wsdl</soapurl>
    <defaultMessageHandler>true</defaultMessageHandler>
    <messagetypes infer_from_sink="PricingSink"/>
  </component>
  
  
  <component name="CDSPricingSink" lazy="true" class_name="com.rbsfm.fi.pricing.mux.socket.combi.SocketSinkCombi">
    <enabled>${cdspricingserver_enabled}</enabled>
    <servername>${CDSPricingServer}</servername>
    <hostnameResolver>HostnameResolver</hostnameResolver>
    <bootstrap name="main" class_name="com.rbsfm.fi.pricing.mux.delegate.bootstrap.PricingServerBootstrapDelegate">
      <soapurl>http://%hostname%:%bootstrap_port%/master/Client.wsdl</soapurl>
    </bootstrap>
    <stale_message_delay>${pricing_heartbeat_secs}</stale_message_delay>
    <!-- use shared protcol dictionary from pricing master -->
    <isolate_reader_protocol>false</isolate_reader_protocol>
    <!-- do not propagate clientmux's merged dictionary back to pricing master -->
    <isolate_writer_protocol>true</isolate_writer_protocol>
  </component>
  
  <component name="CDSPricingServerMessageHandlerDelegate" lazy="true"
    class_name="com.rbsfm.fi.pricing.mux.delegate.message.PricingServerMessageDelegate">
    <hostselector>CDSPricingSink</hostselector>
    <soapurl>http://%hostname%:%message_port%/master/Client.wsdl</soapurl>
    <defaultMessageHandler>true</defaultMessageHandler>
    <messagetypes infer_from_sink="CDSPricingSink"/>
  </component>      
  
  <component name="InstrumentMaintenanceSink" lazy="true" class_name="com.rbsfm.fi.pricing.mux.socket.combi.SocketSinkCombi"> 
      <enabled>true</enabled>
      <servername>latam-pricing-instmaint</servername>
      <hostnameResolver>HostnameResolver</hostnameResolver>
      <bootstrap name="main" class_name="com.rbsfm.fi.pricing.mux.delegate.bootstrap.PricingServerBootstrapDelegate">
        <soapurl>http://%hostname%:%bootstrap_port%/master/Client.wsdl</soapurl>
      </bootstrap>
      <stale_message_delay>600</stale_message_delay>
      <isolate_reader_protocol>false</isolate_reader_protocol>
      <isolate_writer_protocol>true</isolate_writer_protocol>
    </component>  


  <component name="InstrumentMaintenanceServerMessageHandlerDelegate" lazy="true"
    class_name="com.rbsfm.fi.pricing.mux.delegate.message.PricingServerMessageDelegate">
    <hostselector>InstrumentMaintenanceSink</hostselector>
    <soapurl>http://%hostname%:%message_port%/master/Client.wsdl</soapurl>
    <defaultMessageHandler>true</defaultMessageHandler>
    <messagetypes infer_from_sink="InstrumentMaintenanceSink"/>
  </component>


    <!--component name="InstrumentMaintenanceServerMessageHandlerDelegate" lazy="true"
      class_name="com.rbsfm.fi.pricing.mux.delegate.message.ConfigurablePricingServerMessageDelegate">
      <hostselector>InstrumentMaintenanceSink</hostselector>
      <soapurl>http://%hostname%:%message_port%/master/Client.wsdl</soapurl>
      <defaultMessageHandler>false</defaultMessageHandler>
      <messagetypes infer_from_sink="InstrumentMaintenanceSink"/>
    <predicate>
      	<attributeName>action</attributeName>
      	<attributeValue>RequestBondsAction</attributeValue>
      </predicate> 
  </component-->


  <!--  
  ============================================================================
  Plato Historic Data Server Components - connects to the platoenrichment server
  ============================================================================ 
  -->

  <component name="PlatoEnrichmentSink" lazy="true" class_name="com.rbsfm.fi.pricing.mux.socket.combi.SocketSinkCombi">
    <sink_class_name>com.rbsfm.fi.pricing.mux.socket.SubscriptionSocketClientSink</sink_class_name>
    <enabled>${platoenrichment_enabled}</enabled>
    <servername>${PlatoEnrichmentServer}</servername>
    <hostnameResolver>HostnameResolver</hostnameResolver>
    <stale_message_delay>10</stale_message_delay>
    <use_stub_queue>true</use_stub_queue>

    <!-- share downloaded atts with shared protocol -->
    <isolate_reader_protocol>false</isolate_reader_protocol>
    <!-- do not propagate clientmux's merged dictionary back -->
    <isolate_writer_protocol>true</isolate_writer_protocol>
  </component>
  
  <!--  
  ============================================================================
  ExPricePub Components - connect to configured exprice pubs of other 
  systems (defined as any entries in fi_server_details that match server_patterm
  ============================================================================ 
  -->
  
  <component name="ExPricePubSinkArray" lazy="true"
    class_name="com.rbsfm.fi.pricing.mux.socket.combi.SocketSinkCombiArray">
    <server_name>${serverName}</server_name>
    <hostnameResolver>HostnameResolver</hostnameResolver>
    <server_pattern>ExPricePub</server_pattern>
    <port>%clientmux_port%</port>
    <bootstrap name="main" class_name="com.rbsfm.fi.pricing.mux.delegate.bootstrap.MuxBootstrapDelegate">
      <soapurl>http://%hostname%:%bootstrap_port%/mux/Client.wsdl</soapurl>
    </bootstrap>
    <check_message_source>true</check_message_source>
    <stale_message_delay>${pricing_heartbeat_secs}</stale_message_delay>

    <!-- do not cross-pollute protocol dictionary from other silos -->
    <isolate_reader_protocol>true</isolate_reader_protocol>
    <!-- do not propagate clientmux's merged dictionary back -->
    <isolate_writer_protocol>true</isolate_writer_protocol>
  </component>
  
  <component name="ExPricePubMessageHandlerDelegate" lazy="true"
    class_name="com.rbsfm.fi.pricing.mux.delegate.message.NullMessageHandler">
    <type_regex>PS</type_regex>
    <name_regex>.*-expricepub-.*</name_regex>
  </component>
  
  <!--  
  ============================================================================
  Best Price Components - connects to best price server best price socket and
  to best price server market best socket
  ============================================================================
  -->
  
  <component name="EcnBestPriceSink" lazy="true" class_name="com.rbsfm.fi.pricing.mux.socket.combi.SocketSinkCombi">
    <enabled>${ecnbestprice_enabled}</enabled>
    <servername>${EcnBestPriceServer}</servername>
    <hostnameResolver>HostnameResolver</hostnameResolver>
    <port>%bp_socket_port%</port>
    <bootstrap name="main" class_name="com.rbsfm.fi.pricing.mux.delegate.bootstrap.EcnBestPriceServerBootstrapDelegate">
      <soapurl>http://%hostname%:%bootstrap_port%/ecn/BestPriceMuxClient.wsdl</soapurl>
    </bootstrap>
    <stale_message_delay>${ecnbestprice_heartbeat_secs}</stale_message_delay>
    
    <!-- share downloaded atts with shared protocol -->
    <isolate_reader_protocol>false</isolate_reader_protocol>
    <!-- do not propagate clientmux's merged dictionary back -->
    <isolate_writer_protocol>true</isolate_writer_protocol>
  </component>
  
  <component name="EcnMarketBestPriceSink" lazy="true" class_name="com.rbsfm.fi.pricing.mux.socket.combi.SocketSinkCombi">
    <enabled>${ecnbestprice_enabled}</enabled>
    <servername>${EcnBestPriceServer}</servername>
    <hostnameResolver>HostnameResolver</hostnameResolver>
    <port>%mbp_socket_port%</port>
    <bootstrap name="main" class_name="com.rbsfm.fi.pricing.mux.delegate.bootstrap.EcnBestPriceServerBootstrapDelegate">
      <soapurl>http://%hostname%:%bootstrap_port%/ecn/MarketBestPriceMuxClient.wsdl</soapurl>
    </bootstrap>
    <stale_message_delay>${ecnbestprice_heartbeat_secs}</stale_message_delay>

    <!-- share downloaded atts with shared protocol -->
    <isolate_reader_protocol>false</isolate_reader_protocol>
    <!-- do not propagate clientmux's merged dictionary back -->
    <isolate_writer_protocol>true</isolate_writer_protocol>
  </component>
  
  <!--  
  ============================================================================
  Price Feed Components - connects to pricefeed message socket and maps
  pricefeed messages back to pricefeed SOAP interface
  ============================================================================
  -->
  
  <component name="EcnPriceFeedSink" lazy="true" class_name="com.rbsfm.fi.pricing.mux.socket.combi.SocketSinkCombi">
    <enabled>${ecnpricefeed_enabled}</enabled>
    <servername>${EcnPriceFeedServer}</servername>
    <hostnameResolver>HostnameResolver</hostnameResolver>
    <bootstrap name="main" class_name="com.rbsfm.fi.pricing.mux.delegate.bootstrap.EcnPriceFeedBootstrapDelegate">
      <soapurl>http://%hostname%:%bootstrap_port%/ecn/PriceFeedMuxClient.wsdl</soapurl>
    </bootstrap>
    <bootstrap name="sanitizer" class_name="com.rbsfm.fi.pricing.mux.delegate.bootstrap.SanitizerBootstrapDelegate">
      <soapurl>http://%hostname%:%bootstrap_port%/SanitizerClient.wsdl</soapurl>
    </bootstrap>
    <bootstrap enabled="${globalisation.enabled}" name="attribute" class_name="com.rbsfm.fi.pricing.mux.delegate.bootstrap.AttributeBootstrapDelegate">
      <soapurl>http://%hostname%:%bootstrap_port%/AttributeClient.wsdl</soapurl>
    </bootstrap>
    <bootstrap enabled="${clientmux.bookcontrol.via.ecnpricefeed}" name="main" class_name="com.rbsfm.fi.pricing.mux.delegate.bootstrap.MuxBootstrapDelegate">
      <soapurl>http://%hostname%:%bootstrap_port%/ecn/AutoQuoterBookStatusMuxClient.wsdl</soapurl>
    </bootstrap>
    <stale_message_delay>${ecnpricefeed_heartbeat_secs}</stale_message_delay>

    <!-- share downloaded atts with shared protocol -->
    <isolate_reader_protocol>false</isolate_reader_protocol>
    <!-- do not propagate clientmux's merged dictionary back -->
    <isolate_writer_protocol>true</isolate_writer_protocol>
  </component>
  
  <component name="EcnPriceFeedMessageHandlerDelegate" lazy="true"
    class_name="com.rbsfm.fi.pricing.mux.delegate.message.EcnPriceFeedMessageDelegate">
    <hostselector>EcnPriceFeedSink</hostselector>
    <soapurl>http://%hostname%:%message_port%/ecn/PriceFeedMuxClient.wsdl</soapurl>
    <defaultMessageHandler>false</defaultMessageHandler>
    <messagetypes>
      <messagetype destinationType="EI" destinationName="${EcnPriceFeedServer}"/>
    </messagetypes>
    <xmlAdapterManager>XmlAdapterManager</xmlAdapterManager>
    <multiplexMessages>
      <multiplexMessage>
        <curve name="3M_EUR"/>
        <curve name="6M_EUR"/>
      </multiplexMessage>
    </multiplexMessages>
    <use_adjustPriceL>false</use_adjustPriceL>
    <remote_interface_capabilities>
      
    </remote_interface_capabilities>
  </component>
  
  <component name="EcnPriceFeedSanitizerMessageHandlerDelegate" lazy="true"
    class_name="com.rbsfm.fi.pricing.mux.delegate.message.SanitizerMessageDelegate">
    <hostselector>EcnPriceFeedSink</hostselector>
    <soapurl>http://%hostname%:%bootstrap_port%/SanitizerClient.wsdl</soapurl>
    <defaultMessageHandler>false</defaultMessageHandler>
    <messagetypes>
      <messagetype destinationType="SP" destinationName="${EcnPriceFeedServer}"/>
    </messagetypes>
  </component>
  
  <component enabled="false" name="ViaEcnSpreadsEcnClientMonitorMessageHandlerDelegate" lazy="true"
    class_name="com.rbsfm.fi.pricing.mux.delegate.message.EcnClientMonitorMessageDelegate">
    <hostselector>EcnSpreadsSink</hostselector>
    <soapurl>http://%hostname%:%bootstrap_port%/EcnClientMonitorClient.wsdl</soapurl>
    <defaultMessageHandler>false</defaultMessageHandler>
    <messagetypes>
      <messagetype destinationType="CHB" destinationName="${EcnSpreadsServer}"/>
    </messagetypes>
  </component>
  
  <component enabled="true" name="ViaAutoquoterEcnClientMonitorMessageHandlerDelegate" lazy="true"
    class_name="com.rbsfm.fi.pricing.mux.delegate.message.EcnClientMonitorMessageDelegate">
    <hostselector>BETAutoQuoterSink</hostselector>
    <soapurl>http://%hostname%:%bootstrap_port%/EcnClientMonitorClient.wsdl</soapurl>
    <defaultMessageHandler>false</defaultMessageHandler>
    <messagetypes>
      <messagetype destinationType="CHB" destinationName="${EcnBETAutoQuoterServer}"/>
    </messagetypes>
  </component>

  <!--  
  ============================================================================
  Spreads Components - connects to ecnspreads message socket and maps
  ecnspreads messages back to ecnspreads SOAP interface
  ============================================================================
  -->
  
<!-- Now autoquoter will handle book subscription messages from clientmux instead of ecnspreads -->  
  <component name="EcnSpreadsSink" lazy="true" class_name="com.rbsfm.fi.pricing.mux.socket.combi.SocketSinkCombi">
    <enabled>${ecnspreads_enabled}</enabled>
    <servername>${EcnSpreadsServer}</servername>
    <hostnameResolver>HostnameResolver</hostnameResolver>

    <!-- for globalisation.enabled=true, it is being handled by EcnPriceFeedSink -->
    <bootstrap enabled="${globalisation.disabled}" name="main" class_name="com.rbsfm.fi.pricing.mux.delegate.bootstrap.EcnPriceFeedBootstrapDelegate">
      <soapurl>http://%hostname%:%bootstrap_port%/ecn/PriceFeedMuxClient.wsdl</soapurl>
    </bootstrap>

    <bootstrap enabled="true" name="main" class_name="com.rbsfm.fi.pricing.mux.delegate.bootstrap.MuxBootstrapDelegate">
      <soapurl>http://%hostname%:%bootstrap_port%/ecn/AutoQuoterBookStatusMuxClient.wsdl</soapurl>
    </bootstrap>

    <!-- for globalisation.enabled=true, it is being handled by EcnPriceFeedSink -->
    <bootstrap enabled="${globalisation.disabled}" name="attribute" class_name="com.rbsfm.fi.pricing.mux.delegate.bootstrap.AttributeBootstrapDelegate">
      <soapurl>http://%hostname%:%bootstrap_port%/AttributeClient.wsdl</soapurl>
    </bootstrap>
    
    <bootstrap enabled="false" name="client_monitor" class_name="com.rbsfm.fi.pricing.mux.delegate.bootstrap.EcnClientMonitorBootstrapDelegate">
      <soapurl>http://%hostname%:%bootstrap_port%/EcnClientMonitorClient.wsdl</soapurl>
    </bootstrap>

    <stale_message_delay>${ecnpricefeed_heartbeat_secs}</stale_message_delay>

    <!-- share downloaded atts with shared protocol -->
    <isolate_reader_protocol>false</isolate_reader_protocol>
    <!-- do not propagate clientmux's merged dictionary back -->
    <isolate_writer_protocol>true</isolate_writer_protocol>
  </component>
  
  <component enabled="${globalisation.disabled}" name="EcnSpreadsMessageHandlerDelegate" lazy="true"
    class_name="com.rbsfm.fi.pricing.mux.delegate.message.EcnPriceFeedMessageDelegate">
    <hostselector>EcnSpreadsSink</hostselector>
    <soapurl>http://%hostname%:%message_port%/ecn/PriceFeedMuxClient.wsdl</soapurl>
    <defaultMessageHandler>false</defaultMessageHandler>
    <messagetypes>
      <messagetype destinationType="ES" destinationName="${EcnSpreadsServer}"/>
    </messagetypes>
    
    <xmlAdapterManager>XmlAdapterManager</xmlAdapterManager>
    <multiplexMessages>
      <multiplexMessage>
        <curve name="3M_EUR"/>
        <curve name="6M_EUR"/>
      </multiplexMessage>
    </multiplexMessages>
    <oneSkew>true</oneSkew>
    <use_adjustPriceL>false</use_adjustPriceL>
  </component>
  
  <component enabled="false" name="ViaAutoQuoterBookStatusMessageHandlerDelegate" lazy="true"
    class_name="com.rbsfm.fi.pricing.mux.delegate.message.AutoQuoterBookStatusMessageDelegate">
    <hostselector>BETAutoQuoterSink</hostselector>
    <soapurl>http://%hostname%:%message_port%/AutoQuoteBookControlClient.wsdl</soapurl>
    <defaultMessageHandler>false</defaultMessageHandler>
    <messagetypes>
      <messagetype destinationType="AQ" destinationName="${EcnBETAutoQuoterServer}"/>
    </messagetypes>
    <xmlAdapterManager>XmlAdapterManager</xmlAdapterManager>
  </component>
  
  <component enabled="true" name="ViaEcnSpreadsBookStatusMessageHandlerDelegate" lazy="true"
    class_name="com.rbsfm.fi.pricing.mux.delegate.message.AutoQuoterBookStatusMessageDelegate">
    <hostselector>EcnSpreadsSink</hostselector>
    <soapurl>http://%hostname%:%message_port%/AutoQuoteBookControlClient.wsdl</soapurl>
    <defaultMessageHandler>false</defaultMessageHandler>
    <messagetypes>
      <messagetype destinationType="AQ" destinationName="${EcnSpreadsServer}"/>
    </messagetypes>
    <xmlAdapterManager>XmlAdapterManager</xmlAdapterManager>
  </component>
  
  <component enabled="${clientmux.bookcontrol.via.ecnpricefeed}" name="ViaEcnPricefeedBookStatusMessageHandlerDelegate" lazy="true"
    class_name="com.rbsfm.fi.pricing.mux.delegate.message.AutoQuoterBookStatusMessageDelegate">
    <hostselector>EcnPriceFeedSink</hostselector>
    <soapurl>http://%hostname%:%message_port%/AutoQuoteBookControlClient.wsdl</soapurl>
    <defaultMessageHandler>false</defaultMessageHandler>
    <messagetypes>
      <messagetype destinationType="AQ" destinationName="${EcnPriceFeedServer}"/>
    </messagetypes>
    <xmlAdapterManager>XmlAdapterManager</xmlAdapterManager>
  </component>

  <component enabled="${globalisation.disabled}" name="EcnSpreadsAttributeMessageHandlerDelegate" lazy="true"
    class_name="com.rbsfm.fi.pricing.mux.delegate.message.AttributeMessageDelegate">
    <hostselector>EcnSpreadsSink</hostselector>
    <soapurl>http://%hostname%:%bootstrap_port%/AttributeClient.wsdl</soapurl>
    <defaultMessageHandler>false</defaultMessageHandler>
    <messagetypes>
      <messagetype destinationType="AT" destinationName="${EcnSpreadsServer}"/>
    </messagetypes>
  </component>

  <component enabled="${globalisation.enabled}" name="EcnPriceFeedAttributeMessageHandlerDelegate" lazy="true"
    class_name="com.rbsfm.fi.pricing.mux.delegate.message.AttributeMessageDelegate">
    <hostselector>EcnPriceFeedSink</hostselector>
    <soapurl>http://%hostname%:%bootstrap_port%/AttributeClient.wsdl</soapurl>
    <defaultMessageHandler>false</defaultMessageHandler>
    <messagetypes>
      <messagetype destinationType="AT" destinationName="${EcnPriceFeedServer}"/>
    </messagetypes>
  </component>
  
  <!--  
  ============================================================================
  Bloomberg AutoQuoter Components - connects to autoquoter pricefeed message
  socket and maps auoquoter pricefeed messages back to autoquoter pricefeed
  SOAP interface
  ============================================================================
  -->
  
  <component name="BETAutoQuoterSink" lazy="true" class_name="com.rbsfm.fi.pricing.mux.socket.combi.SocketSinkCombi">
    <enabled>${bet_autoquoter_enabled}</enabled>
    <servername>${EcnBETAutoQuoterServer}</servername>
    <hostnameResolver>HostnameResolver</hostnameResolver>
    <bootstrap name="autoquoter" class_name="com.rbsfm.fi.pricing.mux.delegate.bootstrap.EcnAutoQuoterBootstrapDelegate">
      <enabled>${bet_cparty_bootstrap_enabled}</enabled>
      <soapurl>http://%hostname%:%bootstrap_port%/ecn/AutoQuoterMuxClient.wsdl</soapurl>
    </bootstrap>
    <bootstrap name="autoquoterCounterparty"
      class_name="com.rbsfm.fi.pricing.mux.delegate.bootstrap.CounterpartyControlBootstrapDelegate">
      <soapurl>http://%hostname%:%bootstrap_port%/ecn/CounterpartyControlClient.wsdl</soapurl>
    </bootstrap>
    <bootstrap enabled="false" name="main" class_name="com.rbsfm.fi.pricing.mux.delegate.bootstrap.MuxBootstrapDelegate">
      <soapurl>http://%hostname%:%bootstrap_port%/ecn/AutoQuoterBookStatusMuxClient.wsdl</soapurl>
    </bootstrap>
    <bootstrap enabled="true" name="client_monitor" class_name="com.rbsfm.fi.pricing.mux.delegate.bootstrap.EcnClientMonitorBootstrapDelegate">
      <soapurl>http://%hostname%:%bootstrap_port%/EcnClientMonitorClient.wsdl</soapurl>
    </bootstrap>

    <stale_message_delay>${ecnpricefeed_heartbeat_secs}</stale_message_delay>

    <!-- share downloaded atts with shared protocol -->
    <isolate_reader_protocol>false</isolate_reader_protocol>
    <!-- do not propagate clientmux's merged dictionary back -->
    <isolate_writer_protocol>true</isolate_writer_protocol>
  </component>
  
  <component name="EcnBETAqMessageHandlerDelegate" lazy="true"
    class_name="com.rbsfm.fi.pricing.mux.delegate.message.EcnAutoQuoterMessageDelegate">
    <hostselector>BETAutoQuoterSink</hostselector>
    <soapurl>http://%hostname%:%message_port%/ecn/AutoQuoterMuxClient.wsdl</soapurl>
    <defaultMessageHandler>false</defaultMessageHandler>
    <messagetypes>
      <messagetype destinationType="EA" destinationName="${EcnBETAutoQuoterServer}"/>
    </messagetypes>
    <xmlAdapterManager>XmlAdapterManager</xmlAdapterManager>
    <remote_interface_capabilities>
      
    </remote_interface_capabilities>
  </component>
  
  <!--  
  ============================================================================
  QuoteFeed Components
  ============================================================================
  -->
  
  <component name="EcnQuoteFeedSink" lazy="true" class_name="com.rbsfm.fi.pricing.mux.socket.combi.SocketSinkCombi">
    <sink_class_name>com.rbsfm.fi.pricing.mux.socket.SubscriptionSocketClientSink</sink_class_name>
    <enabled>${ecnquotefeed_enabled}</enabled>
    <servername>${EcnQuoteFeedServer}</servername>
    <hostnameResolver>HostnameResolver</hostnameResolver>
    <bootstrap name="main" class_name="com.rbsfm.fi.pricing.mux.delegate.bootstrap.EcnQuoteFeedBootstrapDelegate">
	  <socketClientSink>EcnQuoteFeedSinkSocketSink</socketClientSink>
    </bootstrap>
    <stale_message_delay>${ecnquotefeed_heartbeat_secs}</stale_message_delay>

    <!-- share downloaded atts with shared protocol -->
    <isolate_reader_protocol>false</isolate_reader_protocol>
    <!-- do not propagate clientmux's merged dictionary back -->
    <isolate_writer_protocol>true</isolate_writer_protocol>
  </component>
  
  <!--  
  ============================================================================
  Curve Server Components - connects to curve server message socket and maps
  curve messages back to curve server SOAP interface.
  ============================================================================
  -->
  
  <component name="CurveSink" lazy="true" class_name="com.rbsfm.fi.pricing.mux.socket.combi.SocketSinkCombi">
    <enabled>${curveserver_enabled}</enabled>
    <servername>${CurveServer}</servername>
    <hostnameResolver>HostnameResolver</hostnameResolver>
    <bootstrap name="CurveServerBootstrapDelegate"
      class_name="com.rbsfm.fi.pricing.mux.delegate.bootstrap.PricingServerBootstrapDelegate">
      <soapurl>http://%hostname%:%bootstrap_port%/master/Client.wsdl</soapurl>
    </bootstrap>
    <stale_message_delay>${pricing_heartbeat_secs}</stale_message_delay>
    <initial_skip_count>5</initial_skip_count>
    
    <!-- share downloaded atts with shared protocol -->
    <isolate_reader_protocol>false</isolate_reader_protocol>
    <!-- do not propagate clientmux's merged dictionary back -->
    <isolate_writer_protocol>true</isolate_writer_protocol>
  </component>
  
  <component name="CurveServerMessageHandlerDelegate" lazy="true"
    class_name="com.rbsfm.fi.pricing.mux.delegate.message.PricingServerMessageDelegate">
    <hostselector>CurveSink</hostselector>
    <soapurl>http://%hostname%:%bootstrap_port%/master/Client.wsdl</soapurl>
    <enabled>${curveserver_enabled}</enabled>
    <defaultMessageHandler>false</defaultMessageHandler>
    <messagetypes>
      <messagetype destinationType="PS" destinationName="${CurveServer}"/>
    </messagetypes>
  </component>
  
  <!--
  ============================================================================
  Curve Server Components - connects to curve server message socket and maps
  curve messages back to curve server SOAP interface.
  ============================================================================
  -->
  
  <component name="JotterServerSink" lazy="true" class_name="com.rbsfm.fi.pricing.mux.socket.combi.SocketSinkCombi">
    <enabled>${jotterserver_enabled}</enabled>
    <socketClientSink>com.rbsfm.fi.pricing.mux.socket.SubscribableSocketClientSink</socketClientSink>
    <servername>${JotterServer}</servername>
    <hostnameResolver>HostnameResolver</hostnameResolver>
    <bootstrap name="JotterServerBootstrapDelegate"
      class_name="com.rbsfm.fi.pricing.mux.delegate.bootstrap.PricingServerBootstrapDelegate">
      <soapurl>http://%hostname%:%bootstrap_port%/master/Client.wsdl</soapurl>
    </bootstrap>
    <stale_message_delay>${pricing_heartbeat_secs}</stale_message_delay>
    <initial_skip_count>5</initial_skip_count>

    <!-- share downloaded atts with shared protocol -->
    <isolate_reader_protocol>false</isolate_reader_protocol>
    <!-- do not propagate clientmux's merged dictionary back -->
    <isolate_writer_protocol>true</isolate_writer_protocol>
  </component>
  
  <component name="FilteredDSSink" lazy="true" class_name="com.rbsfm.fi.pricing.mux.socket.DataSourceFilterSink">
    <source>PricingDS</source>
    <symbol>TYPE=TreeControl</symbol>
    <attribute>treeBondIds</attribute>
    <strategy>com.rbsfm.fi.pricing.mux.socket.DataSourceFilterSink$SplitTreeBondIdStrategy</strategy>
    <sink name="JotterServerSink"/>
  </component>
  
  <component name="PricingDS" class_name="com.rbsfm.fi.pricing.mux.datasource.MuxDataSource">
    <sink name="PricingSink"/>
  </component>
  
  <component name="JotterServerMessageHandlerDelegate" lazy="true"
    class_name="com.rbsfm.fi.pricing.mux.delegate.message.PricingServerMessageDelegate">
    <hostselector>JotterServerSink</hostselector>
    <soapurl>http://%hostname%:%bootstrap_port%/master/Client.wsdl</soapurl>
    <enabled>${jotterserver_enabled}</enabled>
    <defaultMessageHandler>false</defaultMessageHandler>
    <messagetypes>
      <messagetype destinationType="JS" destinationName="${JotterServer}"/>
    </messagetypes>
  </component>
  
  <!--  
  ============================================================================
  PNL Server
  ============================================================================ 
  -->

  <component name="PNLSink" lazy="true" class_name="com.rbsfm.fi.pricing.mux.socket.combi.SubscribableSocketSinkCombiArray">
    <sink_class_name>com.rbsfm.fi.pricing.mux.socket.SubscriptionSocketClientSink</sink_class_name>
    <enabled>${pnlserver_enabled}</enabled>
    <server_name>${serverName}</server_name>
    <server_pattern>PNLServer</server_pattern>
    <hostnameResolver>HostnameResolver</hostnameResolver>
    <stale_message_delay>10</stale_message_delay>
    <msg_count_log_increment>10000</msg_count_log_increment>
    <use_stub_queue>true</use_stub_queue>
    <subscriptions>
      <subscription type="pnlserverinfo"/>
    </subscriptions>

    <!-- share downloaded atts with shared protocol -->
    <isolate_reader_protocol>false</isolate_reader_protocol>
    <!-- do not propagate clientmux's merged dictionary back -->
    <isolate_writer_protocol>true</isolate_writer_protocol>
  </component>
  
  <component name="PNLBookOwnerProvider" lazy="true" class_name="com.rbsfm.fi.trading.book.mux.PNLBookOwnerProvider">
    <sink name="PNLSink"/>
    <type>${MessageTypes.PNL_SERVER_INFO}</type>
    <clear_on_stale>false</clear_on_stale>
  </component>
  
  <component name="PNLSource" lazy="true" class_name="com.rbsfm.fi.pricing.mux.FilterSourceSink">
    <sink name="PNLSink"/>
    <filter name="PNLFilter"/>
  </component>
  
  <component name="PNLFilter" class_name="com.rbsfm.ficommon.mux.predicate.ConfigurableMessageFilter">
    <block>
      <predicate name="StaticPredicate"/>
    </block>
  </component>
  
  <!--  
  ============================================================================
  Static Sink + Cache
  ============================================================================ 
  -->
  
  <component name="StaticFilteredSource" class_name="com.rbsfm.fi.pricing.mux.MessageFilterSourceSink">
    <sinks>
      <sink name="TradeStaticSink"/>
    </sinks>
    <filter name="StaticFilter"/>
  </component>
  
  <component name="TradeEntryFilteredSink" class_name="com.rbsfm.fi.pricing.mux.MessageFilterSourceSink">
    <sinks>
      <sink name="TradeEntrySink"/>
    </sinks>
    <filter name="NoStaticFilter"/>
  </component>

  <component name="StaticSource" class_name="com.rbsfm.fi.pricing.mux.MessageCacheSourceSink">
    <sinks>
      <sink name="StaticFilteredSource"/>
    </sinks>
    <supress_duplicates>true</supress_duplicates>
  </component>
  
  <component name="StaticFilter" class_name="com.rbsfm.ficommon.mux.predicate.ConfigurableMessageFilter">
    <pass><predicate name="StaticPredicate"/></pass>
  </component>
  
  <component name="NoStaticFilter" class_name="com.rbsfm.ficommon.mux.predicate.ConfigurableMessageFilter">
    <block><predicate name="StaticPredicate"/></block>
  </component>

  <!--  
  ============================================================================
  Trade Entry Server
  ============================================================================ 
  -->
  
  <component name="TradeEntrySink" lazy="true" class_name="com.rbsfm.fi.pricing.mux.socket.combi.SocketSinkCombi">
    <sink_class_name>com.rbsfm.fi.pricing.mux.socket.SubscriptionSocketClientSink</sink_class_name>
    <enabled>${tradeentry_enabled}</enabled>
    <servername>${TradeEntryServer}</servername>
    <hostnameResolver>HostnameResolver</hostnameResolver>
    <stale_message_delay>20</stale_message_delay>
    <subscriptions>
      <subscription type="User"/>
    </subscriptions>
    <use_stub_queue>true</use_stub_queue>

    <!-- share downloaded atts with shared protocol -->
    <isolate_reader_protocol>false</isolate_reader_protocol>
    <!-- do not propagate clientmux's merged dictionary back -->
    <isolate_writer_protocol>true</isolate_writer_protocol>
  </component>
  
  <component name="TradeStaticSink" lazy="true" class_name="com.rbsfm.fi.pricing.mux.socket.combi.SocketSinkCombi">
    <sink_class_name>com.rbsfm.fi.pricing.mux.socket.SubscriptionSocketClientSink</sink_class_name>
    <enabled>${tradestatic_enabled}</enabled>
    <servername>${TradeStaticServer}</servername>
    <hostnameResolver>HostnameResolver</hostnameResolver>
    <stale_message_delay>20</stale_message_delay>
    <subscriptions>
      <subscription type="pnlcounterparty"/>
      <subscription type="pnlbook"/>
      <subscription type="pnlsalesperson"/>
      <subscription type="pnltrader"/>
      <subscription type="pnlbroker"/>
    </subscriptions>
    <use_stub_queue>true</use_stub_queue>
    
    <!-- optimal resub for gridbackedmssgdispatcher -->
    <message_protocol>BIN_V2</message_protocol>
    <reset_subs_using_multipart>true</reset_subs_using_multipart>

    <!-- share downloaded atts with shared protocol -->
    <isolate_reader_protocol>false</isolate_reader_protocol>
    <!-- do not propagate clientmux's merged dictionary back -->
    <isolate_writer_protocol>true</isolate_writer_protocol>
  </component>

  <component name="TradeDataSink" lazy="true" class_name="com.rbsfm.fi.pricing.mux.socket.combi.SocketSinkCombi">
    <sink_class_name>com.rbsfm.fi.pricing.mux.socket.SubscriptionSocketClientSink</sink_class_name>
    <enabled>${tradedata_enabled}</enabled>
    <servername>${TradeDataServer}</servername>
    <hostnameResolver>HostnameResolver</hostnameResolver>
    <stale_message_delay>20</stale_message_delay>
    <subscriptions/>
    <use_stub_queue>true</use_stub_queue>

    <!-- share downloaded atts with shared protocol -->
    <isolate_reader_protocol>false</isolate_reader_protocol>
    <!-- do not propagate clientmux's merged dictionary back -->
    <isolate_writer_protocol>true</isolate_writer_protocol>
  </component>
  
  <!--  
  ============================================================================
  Order Manager Server
  ============================================================================ 
  -->
  <component name="OrderManagerSink" lazy="true" class_name="com.rbsfm.fi.pricing.mux.socket.combi.SocketSinkCombi">
    <sink_class_name>com.rbsfm.fi.pricing.mux.socket.SubscriptionSocketClientSink</sink_class_name>
    <enabled>${ordermanager_enabled}</enabled>
    <servername>${OrderManagerServer}</servername>
    <hostnameResolver>HostnameResolver</hostnameResolver>
    <stale_message_delay>10</stale_message_delay>
    <use_stub_queue>true</use_stub_queue>

    <!-- share downloaded atts with shared protocol -->
    <isolate_reader_protocol>false</isolate_reader_protocol>
    <!-- do not propagate clientmux's merged dictionary back -->
    <isolate_writer_protocol>true</isolate_writer_protocol>
  </component>
  
  <!--  
  ============================================================================
  Risk Server
  ============================================================================ 
  -->
  
  <component name="RiskServerSink" lazy="true" class_name="com.rbsfm.fi.pricing.mux.socket.combi.SocketSinkCombi">
    <sink_class_name>com.rbsfm.fi.pricing.mux.socket.SubscriptionSocketClientSink</sink_class_name>
    <enabled>${riskserver_enabled}</enabled>
    <servername>${RiskServer}</servername>
    <hostnameResolver>HostnameResolver</hostnameResolver>
    <stale_message_delay>30</stale_message_delay>
    <use_stub_queue>true</use_stub_queue>
    
    <!-- optimal resub for gridbackedmssgdispatcher -->
    <message_protocol>BIN_V2</message_protocol>
    <reset_subs_using_multipart>true</reset_subs_using_multipart>

    <!-- share downloaded atts with shared protocol -->
    <isolate_reader_protocol>false</isolate_reader_protocol>
    <!-- do not propagate clientmux's merged dictionary back -->
    <isolate_writer_protocol>true</isolate_writer_protocol>
  </component>
  
  <!--  
  ============================================================================
  Adhoc Pricing Server
  ============================================================================ 
  -->
  
  <component name="AdhocPricingSink" lazy="true" class_name="com.rbsfm.fi.pricing.mux.socket.combi.SocketSinkCombi">
    <sink_class_name>com.rbsfm.fi.pricing.mux.socket.SubscriptionSocketClientSink</sink_class_name>
    <enabled>${adhocpricing_enabled}</enabled>
    <servername>${AdhocPricingServer}</servername>
    <hostnameResolver>HostnameResolver</hostnameResolver>
    <use_stub_queue>true</use_stub_queue>
    <stale_message_delay>${pricing_heartbeat_secs}</stale_message_delay>

    <!-- share downloaded atts with shared protocol -->
    <isolate_reader_protocol>false</isolate_reader_protocol>
    <!-- do not propagate clientmux's merged dictionary back -->
    <isolate_writer_protocol>true</isolate_writer_protocol>
  </component>

  <!--  
  ============================================================================
  Caprice Risk Server
  ============================================================================ 
  -->
  
  <component name="CapriceRiskSink" lazy="true" class_name="com.rbsfm.fi.pricing.mux.socket.combi.SocketSinkCombi">
    <sink_class_name>com.rbsfm.fi.pricing.mux.socket.SubscriptionSocketClientSink</sink_class_name>
    <enabled>${capricerisk_enabled}</enabled>
    <servername>${CapriceRiskServer}</servername>
    <hostnameResolver>HostnameResolver</hostnameResolver>
    <stale_message_delay>30</stale_message_delay>
    <use_stub_queue>true</use_stub_queue>

    <!-- share downloaded atts with shared protocol -->
    <isolate_reader_protocol>false</isolate_reader_protocol>
    <!-- do not propagate clientmux's merged dictionary back -->
    <isolate_writer_protocol>true</isolate_writer_protocol>
  </component>

  <!--  
  ============================================================================
  Derivatives Sink
  ============================================================================ 
  -->
  
  <component name="DerivativesSink" lazy="true" class_name="com.rbsfm.fi.pricing.mux.socket.combi.SocketSinkCombi">
    <sink_class_name>com.rbsfm.fi.pricing.mux.socket.SubscriptionSocketClientSink</sink_class_name>
    <enabled>${optionserver_enabled}</enabled>
    <servername>${DerivativesServer}</servername>
    <hostnameResolver>HostnameResolver</hostnameResolver>
    <stale_message_delay>20000</stale_message_delay>
    <use_stub_queue>true</use_stub_queue>

    <!-- share downloaded atts with shared protocol -->
    <isolate_reader_protocol>false</isolate_reader_protocol>
    <!-- do not propagate clientmux's merged dictionary back -->
    <isolate_writer_protocol>true</isolate_writer_protocol>
  </component>
  
  <component name="DerivativesMessageHandlerDelegate" lazy="true"
    class_name="com.rbsfm.fi.pricing.mux.delegate.message.PricingServerMessageDelegate">
    <hostselector>DerivativesSink</hostselector>
    <soapurl>http://%hostname%:%message_port%/master/Client.wsdl</soapurl>
    <messagetypes>
      <messagetype destinationType="PS" destinationName="${DerivativesServer}"/>
    </messagetypes>
  </component>
  
  <!--  
  ============================================================================
  IndexServerSink
  ============================================================================ 
  -->
  
  <component name="IndexSink" lazy="true" class_name="com.rbsfm.fi.pricing.mux.socket.combi.SocketSinkCombi">
    <sink_class_name>com.rbsfm.fi.pricing.mux.socket.SubscriptionSocketClientSink</sink_class_name>
    <enabled>${pnlserver_enabled}</enabled>
    <servername>${IndexServer}</servername>
    <hostnameResolver>HostnameResolver</hostnameResolver>
    <stale_message_delay>10</stale_message_delay>
    <subscriptions>
      <subscription type="${MessageTypes.BOND}"><att name="SOURCE" value="!IGNORE"/></subscription>
      <subscription type="${MessageTypes.TRADING_BOOK}"/>
    </subscriptions>
    <use_stub_queue>true</use_stub_queue>

    <!-- share downloaded atts with shared protocol -->
    <isolate_reader_protocol>false</isolate_reader_protocol>
    <!-- do not propagate clientmux's merged dictionary back -->
    <isolate_writer_protocol>true</isolate_writer_protocol>
  </component>
  
  <component name="BookSource" class_name="com.rbsfm.ficommon.permission.mux.UserPermissionSource">
    <sinks>
      <sink name="IndexSink"/>
    </sinks>
    <type>${MessageTypes.TRADING_BOOK}</type>
    <clear_on_stale>false</clear_on_stale>
  </component>
  
  <component name="IndexSource" class_name="com.rbsfm.fi.pricing.mux.MessageCacheSourceSink">
    <sinks>
      <sink name="IndexSink"/>
    </sinks>
    <supress_duplicates>true</supress_duplicates>
  </component>
  
  <!--  
  ============================================================================
  Exchange Data Sink
  ============================================================================ 
  -->
  
  <component name="ExchangeDataSink" lazy="true" class_name="com.rbsfm.fi.pricing.mux.socket.combi.SocketSinkCombi">
    <sink_class_name>com.rbsfm.fi.pricing.mux.socket.SubscriptionSocketClientSink</sink_class_name>
    <enabled>${exchangedata_enabled}</enabled>
    <servername>${ExchangeDataServer}</servername>
    <hostnameResolver>HostnameResolver</hostnameResolver>
    <stale_message_delay>10</stale_message_delay>
    <use_stub_queue>true</use_stub_queue>

    <!-- share downloaded atts with shared protocol -->
    <isolate_reader_protocol>false</isolate_reader_protocol>
    <!-- do not propagate clientmux's merged dictionary back -->
    <isolate_writer_protocol>true</isolate_writer_protocol>
  </component>

  
  <!--
  ============================================================================
  SourceSink that limits the number of messages that can pas through it
  ============================================================================
  -->
  
  <component name="PricingThrottler" lazy="true" class_name="com.rbsfm.fi.pricing.mux.MessageThrottler">
    <sinks>
      <sink name="PricingSink" enabled="${pricingserver_enabled}"/>
      <sink name="CDSPricingSink" enabled="${cdspricingserver_enabled}"/>
      <sink name="InstrumentMaintenanceSink" enabled="true"/>
      <sink name="CurveSink" enabled="${curveserver_enabled}"/>
      <sink name="EcnBestPriceSink" enabled="${ecnbestprice_enabled}"/>
      <sink name="EcnMarketBestPriceSink" enabled="${ecnbestprice_enabled}"/>
      <sink name="EcnPriceFeedSink" enabled="${ecnpricefeed_enabled}"/>
      <sink name="EcnSpreadsSink" enabled="${ecnspreads_enabled}"/>
      <sink name="EcnQuoteFeedSink" enabled="${ecnquotefeed_enabled}"/>
      <sink name="BETAutoQuoterSink" enabled="${bet_autoquoter_enabled}"/>
      <sink name="FilteredDSSink" enabled="${jotterserver_enabled}"/>
      <sink name="ExPricePubSinkArray"/>
      <sink name="DerivativesSink" enabled="${pnlserver_enabled}"/>
      <sink name="IndexSource"/>
      <sink name="AdhocPricingSink" enabled="${adhocpricing_enabled}"/>
      <sink name="ExchangeDataSink" enabled="${exchangedata_enabled}"/>
      <sink name="PlatoEnrichmentSink" enabled="${platoenrichment_enabled}"/>
    </sinks>
    <queue_size>0</queue_size>
    <batch_size>${mux_throttle_batchsize}</batch_size>
    <frequency_ms>${mux_throttle_frequency}</frequency_ms>
    <message_protocol>${message_protocol}</message_protocol>
  </component>
  
  <component name="PNLThrottler" lazy="true" class_name="com.rbsfm.fi.pricing.mux.MessageThrottler">
    <sinks>
      <sink name="PNLSource"/>
      <sink name="TradeEntryFilteredSink"/>
      <sink name="TradeDataSink"/>
      <sink name="RiskServerSink"/>
      <sink name="CapriceRiskSink"/>
    </sinks>
    <queue_size>0</queue_size>
    <batch_size>${mux_throttle_batchsize}</batch_size>
    <frequency_ms>${mux_throttle_frequency}</frequency_ms>
    <message_protocol>${message_protocol}</message_protocol>
  </component>
  
  <!--
  ============================================================================
  SocketSource that passes message from the Throttler to any connected clients
  ============================================================================
  -->
  
  <component name="SocketServerSource" lazy="true" class_name="com.rbsfm.fi.pricing.mux.socket.SocketServerSource">
    <port>${out_port}</port>
    <message_protocol>${message_protocol}</message_protocol>
    <sinks>
      <sink name="PricingThrottler"/>
      <sink name="PNLThrottler"/>
      <sink name="StaticSource"/>
      <sink name="OrderManagerSink"/>
    </sinks>
    <socket_queue_size>0</socket_queue_size>
    <socket_queue_is_replacable>${socket_queue_replaceable}</socket_queue_is_replacable>
    <do_accept_in_sending_thread>${socket_queue_sendingthread_accept}</do_accept_in_sending_thread>
    <no_delay>${no_delay}</no_delay>
    <send_buffer_size>${send_buffer_size}</send_buffer_size>
    <recv_buffer_size>${recieve_buffer_size}</recv_buffer_size>
    <monitor>
      <delegate name="TimeZone" class_name="com.rbsfm.fi.pricing.mux.socket.DateDelegate">
        <source_name>${server_name}</source_name>
        <source_type>MX</source_type>
      </delegate>
      <delegate name="SecurityDelegate" class_name="com.rbsfm.fi.pricing.mux.socket.SecurityDelegate">
        <enabled>${secure}</enabled>
        <security_helper>SecurityHelper</security_helper>
        <access_token>${sso_socket_token}</access_token>
      </delegate>
      <delegate name="RPCDelegate" class_name="com.rbsfm.fi.pricing.mux.rpc.RPCDelegate">
        <sso_security_model>SecurityModel</sso_security_model>
        <map rpc_source="InstrumentMaintenanceSink" predicate="InstMaintSinkPredicate"/> 
        <!-- <map rpc_source="InstrumentMaintenanceSink" predicate="BondStaticPredicate"/> -->
        <map rpc_source="PricingSink" predicate="PricingMasterPredicate"/>
        <map rpc_source="TradeEntrySinkSocketSink" predicate="TradeEntryMessagePredicate"/>
        <map rpc_source="TradeDataSinkSocketSink" predicate="TradeDataMessagePredicate"/>
        <map rpc_source="RiskGridMessageRPCSource"/>
        <map rpc_source="CapriceRiskGridMessageRPCSource"/>
        <map rpc_source="PNLMultiHostRPCSource" predicate="PNLDataPredicate"/>
        <map rpc_source="OrderManagerSink" predicate="OrderManagerPredicate"/>        
        <map rpc_source="AdhocPricingSink" predicate="AdhocPricingRPCPredicate"/>
        <map rpc_source="EcnQuoteFeedSink" predicate="EcnQuoteFeedPredicate"/>
        <!-- put this last or it will gobble all rpc messages from CP Client -->
        <map rpc_source="ClientRPCSource"/>
      </delegate>
      <delegate name="RiskDelegate" class_name="com.rbsfm.ficommon.permission.mux.UserPermissionedSubscriptionDelegate">
        <user_permission_store>BookSource.UserPermissionStore</user_permission_store>
        <permission_type>Book</permission_type>
        <sub_sink>RiskServerSink</sub_sink>
        <types>
          <type name="riskbucket" att="RiskBookId" composite="."/>
          <type name="riskinstrument" att="RiskBookId" composite="."/>
          <type name="riskbasket" att="RiskBookId" composite="."/>
          <type name="StripHedge"/>
        </types>
      </delegate>
      <delegate name="CapriceRiskDelegate" class_name="com.rbsfm.fi.pricing.mux.subscription.SubSinkSubscriptionDelegate">
        <sub_sink>CapriceRiskSink</sub_sink>
        <predicates><predicate name="CapriceRiskPredicate"/></predicates>
      </delegate>
      <delegate name="AdhocPricingDelegate" class_name="com.rbsfm.fi.pricing.mux.subscription.SubSinkSubscriptionDelegate">
        <sub_sink>AdhocPricingSink</sub_sink>
        <predicates><predicate name="AdhocPricingSubscriptionPredicate"/></predicates>
      </delegate>
      <delegate name="PNLDelegate" class_name="com.rbsfm.ficommon.permission.mux.UserPermissionedSubscriptionDelegate">
        <user_permission_store>BookSource.UserPermissionStore</user_permission_store>
        <permission_type>Book</permission_type>
        <sub_sink>PNLSink</sub_sink>
        <types>
          <type name="pnlposition" att="PosBookId" composite="."/>
          <type name="pnlpositionsummary" att="PosBookId" composite="."/>
          <type name="pnldetail" att="book"/>
          <type name="pnlinstrument"/>
          <type name="pnltradesource"/>
          <type name="pnltradeversion"/>
          <type name="pnladjustment" att="BookId"/>
          <type name="pnlserverinfo"/>
          <type name="pnlforwardsettledpositionvector" att="book"/>
        </types>
      </delegate>
      <delegate name="OrderManagerStaticDelegate"
        class_name="com.rbsfm.fi.pricing.mux.subscription.SubSinkSubscriptionDelegate">
        <predicates><predicate name="OrderManagerStaticPredicate"/></predicates>
        <sub_sink>OrderManagerSink</sub_sink>
        <subscription type="Bond"/><subscription type="BrokerStatus"/>
      </delegate>
      <delegate name="TradeEntryServerDelegate" class_name="com.rbsfm.ficommon.permission.mux.UserPermissionedSubscriptionDelegate">
        <user_permission_store>BookSource.UserPermissionStore</user_permission_store>
        <permission_type>Book</permission_type>
        <sub_sink>TradeDataSink</sub_sink>
        <types>
          <type name="pnltradeleg" att="Book"/>
        </types>
      </delegate>
      <delegate name="CounterpartyStaticDelegate"
        class_name="com.rbsfm.fi.pricing.mux.subscription.CacheSubscriptionDelegate">
        <predicates><predicate name="PNLStaticPredicate"/></predicates>
        <cache>StaticSource.Cache</cache>
      </delegate>
      <delegate name="InstrumentStaticDelegate"
        class_name="com.rbsfm.fi.pricing.mux.subscription.CacheSubscriptionDelegate">
        <predicates><predicate name="IndexStaticPredicate"/></predicates>
        <cache>IndexSource.Cache</cache>
      </delegate>
      <delegate name="DerivativeDelegate"
        class_name="com.rbsfm.fi.pricing.mux.subscription.SubSinkSubscriptionDelegate">
        <predicates><predicate name="DerivativesPredicate"/></predicates>
        <sub_sink>DerivativesSink</sub_sink>
      </delegate>
      <delegate name="MarketDepth"
        class_name="com.rbsfm.fi.pricing.mux.subscription.SubSinkSubscriptionDelegate">
        <predicates><predicate name="MarketDepthPredicate"/></predicates>
        <sub_sink>ExchangeDataSink</sub_sink>
      </delegate>
      <delegate name="BestPrice"
        class_name="com.rbsfm.fi.pricing.mux.subscription.SubSinkSubscriptionDelegate">
        <predicates><predicate name="DoNothingPredicate"/></predicates>        
		<subscription type="${MessageTypes.BOND}"/>
		<subscription type="${MessageTypes.FUTURE}"/>
		<subscription type="${MessageTypes.SWAP}"/>
		<subscription type="${MessageTypes.INTEREST_RATE_FUTURE}"/>
        ${clientmux.bestprice.subscriptiontypes} 
        <sub_sink>ExchangeDataSink</sub_sink>
      </delegate>      
      <!--
      <delegate name="Sniffer" class_name="com.rbsfm.fi.pricing.mux.subscription.SubscriptionDelegate"/>
      -->
    </monitor>
    <fixed_subscriptions>
      <subscription type="stale"/>
      <subscription source_type="PS"/>
      <subscription type="User"/>
      <subscription source_name="${server_name}"/>
      <subscription enabled="${curveserver_enabled}"  source_name="${CurveServer}"/>
      <subscription enabled="${bet_autoquoter_enabled}" source_name="${EcnBETAutoQuoterServer}"/>
      <subscription enabled="${ecnbestprice_enabled}" source_name="${EcnBestPriceServer}"/>
      <subscription enabled="${ecnbestprice_enabled}" source_name="${EcnMarketDepthServer}"/>
      <subscription enabled="${ecnpricefeed_enabled}" source_name="${EcnPriceFeedServer}"/>
      <subscription enabled="${ecnquotefeed_enabled}" source_name="${EcnQuoteFeedServer}"/>
      <subscription enabled="${ecnspreads_enabled}"   source_name="${EcnSpreadsServer}"/>
      <subscription enabled="${jotterserver_enabled}" source_name="${JotterServer}"/>
      <subscription enabled="${ordermanager_enabled}" source_name="${OrderManagerServer}"/>      
    </fixed_subscriptions>
  </component>
  
  <component name="ClientRPCSource" class_name="com.rbsfm.fi.pricing.mux.rpc.ClientRPCSource">
    <client>ClientService</client>
    <unlogged_grid_type>ClientHeartbeat</unlogged_grid_type>
    <suppress_cancel_rpcs>true</suppress_cancel_rpcs>
  </component>
  
  <component name="CapriceRiskGridMessageRPCSource" class_name="com.rbsfm.fi.pricing.mux.rpc.GridMessageRPCSource">
    <sink>CapriceRiskSink</sink>
    <matchOnType>true</matchOnType> 
  </component>

  <component name="RiskGridMessageRPCSource" class_name="com.rbsfm.fi.pricing.mux.rpc.GridMessageRPCSource">
    <sink>RiskServerSink</sink>
    <matchOnType>true</matchOnType> 
  </component>
  
  <component name="PNLMultiHostRPCSource" class_name="com.rbsfm.fi.trading.mux.PNLServerMultihostRPCSource">
    <multihost>PNLSink</multihost>
    <book_owner_provider>PNLBookOwnerProvider</book_owner_provider>
    <!--  If any of the services are down, requests for that host cannot be fulfilled.
    	    In this scenario, send the client a success rpc response, but log the problem. The
    	    client will be happy (albeit with a blank position blotter etc) instead of putting up
    	    numerous error dialogs telling the user about a problem they can do nothing about.
    -->
    <success_response_when_service_down>true</success_response_when_service_down>
  </component>
  
  <!--
  ============================================================================
  Heartbeat Generator that passes messages to Socket Source
  ============================================================================
  -->
  
  <component name="HeartbeatGenerator" lazy="true" class_name="com.rbsfm.fi.pricing.mux.HeartbeatGenerator">
    <source_type>MX</source_type>
    <source_name>BootstrapMux</source_name>
    <heartbeat_interval>2</heartbeat_interval>
    <source>SocketServerSource</source>
    <monitorSource>false</monitorSource>
  </component>
  
  <!--  
  ============================================================================
  Bootstrapper requester is notifed of new connections to the Socket Source
  and calls ClientService to trigger a rebootstrap from all Sink servers
  ============================================================================
  -->
  
  <component name="BootstrapRequester" class_name="com.rbsfm.fi.pricing.mux.socket.BootstrapRequester">
    <bootstrap_client>ClientService</bootstrap_client>
    <source>SocketServerSource</source>
  </component>
  
  <!--  
  ==========================================================
  Server Availablity Components - updates the host selectors
  based on actually availability. Exposes own availability.
  ========================================================== 
  -->
  
  <component name="MyHostSelector" class_name="com.rbsfm.fi.pricing.mux.failover.HostSelector">
    <servername>${server_name}</servername>
    <hostnameResolver>HostnameResolver</hostnameResolver>
  </component>
  
  <component name="ServerAvailabilityScanner" class_name="com.rbsfm.fi.pricing.mux.failover.ServerAvailabilityScanner">
    <port>%availability_check_port%</port>
    <host_selectors>
      <host_selector name="PricingSink" enabled="${pricingserver_enabled}" startup_wait="true" startup_wait_secs="${startup_wait_pricing}"/>
      <host_selector name="CDSPricingSink" enabled="${cdspricingserver_enabled}" startup_wait="true" startup_wait_secs="${startup_wait_pricing}"/>  
      <host_selector name="InstrumentMaintenanceSink" enabled="true" startup_wait="false" startup_wait_secs="${startup_wait_pricing}"/>  
      <host_selector name="EcnBestPriceSink" enabled="${ecnbestprice_enabled}" startup_wait="false"/>
      <host_selector name="EcnPriceFeedSink" enabled="${ecnpricefeed_enabled}" startup_wait="false"/>
      <host_selector name="EcnQuoteFeedSink" enabled="${ecnquotefeed_enabled}" startup_wait="false"/>
      <host_selector name="CurveSink" enabled="${curveserver_enabled}" startup_wait="false"/>
      <host_selector name="EcnSpreadsSink" enabled="${ecnspreads_enabled}" startup_wait="false"/>
      <host_selector name="BETAutoQuoterSink" enabled="${bet_autoquoter_enabled}" startup_wait="false"/>
      <host_selector name="JotterServerSink" enabled="${jotterserver_enabled}" startup_wait="false"/>
      <host_selector name="TradeEntrySink" enabled="${tradeentry_enabled}" startup_wait="false"/>
      <host_selector name="TradeStaticSink" enabled="${tradestatic_enabled}" startup_wait="false"/>
      <host_selector name="TradeDataSink" enabled="${tradedata_enabled}" startup_wait="false"/>
      <host_selector name="OrderManagerSink" enabled="${ordermanager_enabled}" startup_wait="false"/>      
      <host_selector name="RiskServerSink" enabled="${riskserver_enabled}" startup_wait="false"/>
      <host_selector name="CapriceRiskSink" enabled="${capricerisk_enabled}" startup_wait="false"/>
      <host_selector name="AdhocPricingSink" enabled="${adhocpricing_enabled}" startup_wait="false"/>
      <host_selector name="IndexSink" enabled="${pnlserver_enabled}" startup_wait="false"/>
      <host_selector name="DerivativesSink" enabled="${pnlserver_enabled}" startup_wait="false"/>
      <host_selector name="ExchangeDataSink" enabled="${exchangedata_enabled}" startup_wait="false"/>
      <host_selector name="PlatoEnrichmentSink" enabled="${platoenrichment_enabled}" startup_wait="false"/>
    </host_selectors>
    <multi_host_components>
      <component name="ExPricePubSinkArray"/>
      <component name="PNLSink"/>
    </multi_host_components>
  </component>
  
  <component name="ServerAvailabilityCheck" class_name="com.rbsfm.fi.pricing.mux.failover.ServerAvailabilityCheck">
    <port>${availability_check_port}</port>
    <digest-properties>DigestProperties</digest-properties>    
  </component>
  
  <component name="DigestProperties" class_name="com.rbsfm.common.system.DigestProperties">
    <contributor>MemoryLogger</contributor>
    <contributor>logger.memory</contributor>
  </component>  
  
  <!-- SwapPoint Ticker Mappings -->
  <component name="SwapPointTickerMapping" class_name="com.rbsfm.fi.pricing.gds.SwapPointTickerMapping">
    <sourceFile>${configdir}/TickerMappings.txt</sourceFile>
  </component>
  
  <component name="EcnBestPriceMessageHandlerDelegate" lazy="true"
    class_name="com.rbsfm.fi.pricing.mux.delegate.message.EcnBestPriceMessageDelegate">
    <hostselector>EcnBestPriceSink</hostselector>
    <soapurl>http://%hostname%:%message_port%/ecn/BestPriceClient.wsdl</soapurl>
    <defaultMessageHandler>false</defaultMessageHandler>
    <messagetypes>
      <messagetype destinationType="EB" destinationName="${EcnBestPriceServer}"/>
    </messagetypes>
    <xmlAdapterManager>XmlAdapterManager</xmlAdapterManager>
    <oneSkew>true</oneSkew>
  </component>
  
</app>

