    <component name="InstrumentMaintPersistenceManager"    class_name="com.rbsfm.fi.instmaint.persist.InstrumentMaintPersistenceManager">
        <dataSource>FiDb</dataSource>
        <source>SocketServerSource</source>
        <dependencyTree>DependencyTree</dependencyTree>
        <persister>StandardPersist</persister>
        <isBondAdding>true</isBondAdding>
        <enrichManager>InstrumentMaintEnrichManager</enrichManager>
        <lifeCycleManager>InstrumentMaintLifeCycleManager</lifeCycleManager>
        <deltaSummary>DeltaSummary</deltaSummary>
        <sqlSPList>
            <!-- FOR FRN ONLY 
            <sqlSP name="appCreateCorporatesBondNode">
                <parameters>
                    <parameter name="@SubTreeRef" from="StagingLatam"/>
                    <parameter name="@CorpOrSov" from=""/>
                    <parameter name="@CountryISO" from="${AttributeNames.COUNTRY_ISO_ATT}"/>
                    <parameter name="@Isin" from="${AttributeNames.SD_ALT_INSTRUMENT_TYPE_ISIN}"/>
                    <parameter name="@DisplayName" from="${AttributeNames.SD_CP_DISPLAYNAME}"/>
                    <parameter name="@PriceType" from="${AttributeNames.}"/>
                    <parameter name="@Benchmark" from="${AttributeNames.}"/>
                    <parameter name="@PricingMethod" from="${AttributeNames.}"/>
                    <parameter name="@Currency" from="${AttributeNames.}"/>
                    <parameter name="@PortfolioId" from="${AttributeNames.}"/>
                    <parameter name="@Moodys" from="${AttributeNames.}"/>
                    <parameter name="@SandP" from="${AttributeNames.}"/>
                    <parameter name="@Fitch" from="${AttributeNames.}"/>
                    <parameter name="@BidSpread" from="${AttributeNames.}"/>
                    <parameter name="@AskSpread" from="${AttributeNames.}"/>
                    <parameter name="@IsFrn" from="${AttributeNames.}"/>
                    <parameter name="@UserName" from="${AttributeNames.}"/>
                </parameters>
            </sqlSP>
            <sqlSP name="appCreateCorporatesBondNode">
                <parameters>
                    <parameter name="@CountryISO" from="${AttributeNames.}"/>
                    <parameter name="@BondNodeRef" from="${AttributeNames.}"/>
                    <parameter name="@BondId" from="${AttributeNames.}"/>
                    <parameter name="@BondName" from="${AttributeNames.}"/>
                    <parameter name="@BondTypeRef" from="${AttributeNames.}"/>
                    <parameter name="@Coupon" from="${AttributeNames.}"/>
                    <parameter name="@IsPerpetual" from="${AttributeNames.}"/>
                    <parameter name="@MaturityDate" from="${AttributeNames.}"/>
                    <parameter name="@FirstAccrualDate" from="${AttributeNames.}"/>
                    <parameter name="@FirstSettlementDate" from="${AttributeNames.}"/>
                    <parameter name="@FirstCouponAmount" from="${AttributeNames.}"/>
                    <parameter name="@FirstCouponDate" from="${AttributeNames.}"/>
                    <parameter name="@LastCouponAmount" from="${AttributeNames.}"/>
                    <parameter name="@LastCouponDate" from="${AttributeNames.}"/>
                    <parameter name="@RedemptionAmount" from="${AttributeNames.}"/>
                    <parameter name="@IsCodeISIN" from="${AttributeNames.}"/>
                    <parameter name="@BloombergTicker" from="${AttributeNames.}"/>
                    <parameter name="@IssueSize" from="${AttributeNames.}"/>
                    <parameter name="@Currency" from="${AttributeNames.}"/>
                    <parameter name="@Country" from="${AttributeNames.}"/>
                    <parameter name="@BondCalcType" from="${AttributeNames.}"/>
                    <parameter name="@Series" from="${AttributeNames.}"/>
                    <parameter name="@IsFrn" from="${AttributeNames.}"/>
                    <parameter name="@CISCode" from="${AttributeNames.}"/>
                    <parameter name="@SubDebt" from="${AttributeNames.}"/>
                    <parameter name="@Version" from="${AttributeNames.}"/>
                    <parameter name="@ServerName" from="${AttributeNames.}"/>
                    <parameter name="@UpdaterRef" from="${AttributeNames.}"/>
                </parameters>
            </sqlSP>
            <sqlSP name="ScheduleStore">
                <parameters>
                    <parameter name="@Id" from="${AttributeNames.}"/>
                    <parameter name="@Type" from="${AttributeNames.}"/>
                    <parameter name="@Date" from="${AttributeNames.}"/>
                    <parameter name="@Amount" from="${AttributeNames.}"/>
                    <parameter name="@Version" from="${AttributeNames.}"/>
                    <parameter name="@ServerName" from="${AttributeNames.}"/>
                    <parameter name="@UpdaterRef" from="${AttributeNames.}"/>
                </parameters>
            </sqlSP>
            <sqlSP name="appBADiscountMarginCalcStore">
                <parameters>
                    <parameter name="@BondNodeRef" from="${AttributeNames.}"/>
                    <parameter name="@IndexName" from="${AttributeNames.}"/>
                    <parameter name="@LiveNodeRef" from="${AttributeNames.}"/>
                    <parameter name="@RepoNodeRef" from="${AttributeNames.}"/>
                    <parameter name="@discountMargin" from="${AttributeNames.}"/>
                    <parameter name="@Version" from="${AttributeNames.}"/>
                    <parameter name="@ServerName" from="${AttributeNames.}"/>
                    <parameter name="@UpdaterRef" from="${AttributeNames.}"/>
                </parameters>
            </sqlSP>
            <sqlSP name="appBADiscountMarginCalcStore">
                <parameters>
                    <parameter name="@BondNodeRef" from="${AttributeNames.}"/>
                    <parameter name="@IndexName" from="${AttributeNames.}"/>
                    <parameter name="@LiveNodeRef" from="${AttributeNames.}"/>
                    <parameter name="@RepoNodeRef" from="${AttributeNames.}"/>
                    <parameter name="@discountMargin" from="${AttributeNames.}"/>
                    <parameter name="@Version" from="${AttributeNames.}"/>
                    <parameter name="@ServerName" from="${AttributeNames.}"/>
                    <parameter name="@UpdaterRef" from="${AttributeNames.}"/>
                </parameters>
            </sqlSP>
            <sqlSP name="CalculatorStore" onUpdate="false" onUpdateLive="false">
                <parameters>
                    <parameter name="@NodeRef" from="${AttributeNames.SD_INSTRUMENT_ID}" />
                    <parameter name="@CalculatorId" value="ScheduleCalculator" />
                    <parameter name="@JavaClass" value="com.rbsfm.fi.pricing.dependency.bond.ScheduleCalculator" />
                    <parameter name="@Version" value="0" type="Integer" />
                    <parameter name="@ServerName" value="${serverName}" />
                    <parameter name="@UpdaterRef" value="${serverName}" />
                </parameters>
            </sqlSP>
            <sqlSP name="CalculatorStore" onUpdate="false" onUpdateLive="false">
                <parameters>
                    <parameter name="@NodeRef" from="${AttributeNames.SD_INSTRUMENT_ID}" />
                    <parameter name="@CalculatorId" value="bidAskCompCalc" />
                    <parameter name="@JavaClass" value="com.rbsfm.fi.pricing.dependency.bond.BidAskYieldComparisonCalculator" />
                    <parameter name="@Version" value="0" type="Integer" />
                    <parameter name="@ServerName" value="${serverName}" />
                    <parameter name="@UpdaterRef" value="${serverName}" />
                </parameters>
            </sqlSP>
            -->
            <sqlSP name="appLATAMEcnCreateBond" onUpdate="false" onUpdateLive="false">
                <parameters>
                    <parameter name="@CorpOrSov" from="Sov"/>
                    <parameter name="@BondNodeRef" from="${AttributeNames.SD_ALT_INSTRUMENT_TYPE_ISIN}"/>
                    <parameter name="@BondName" from="${AttributeNames.SD_CP_DISPLAYNAME}"/>
                    <parameter name="@AliasName" from=""/>
                    <parameter name="@BondTicker" from="${AttributeNames.SD_BLOOMBERG_TICKER}"/>
                    <parameter name="@AssociatedCurve" from=""/>
                    <parameter name="@Coupon" from="${AttributeNames.SD_COUPON}" type="Double" default="-1.0"/>
                    <parameter name="@MaturityDate" from="${AttributeNames.SD_MATURITY_DATE}"/>
                    <parameter name="@BondTypeRef" from="${AttributeNames.SD_CP_BONDTYPE}"/>
                    <parameter name="@Currency" from="${AttributeNames.CURRENCY_ATT}"/> <!-- MISSING ???? -->
                    <parameter name="@Country" from="${AttributeNames.SD_COUNTRY_FULL_NAME}"/>
                    <parameter name="@CountryISO" from="${AttributeNames.COUNTRY_ISO_ATT}"/> <!-- MISSING ???? -->
                    <parameter name="@BondCalcType" from="${AttributeNames.BOND_CALC_TYPE_ATT}"/> <!-- MISSING ???? -->
                    <parameter name="@Series" from="${AttributeNames.SD_SERIES}"/>
                    <parameter name="@IssueSize" from="${AttributeNames.SD_ISSUE_SIZE}" type="Double" default="0"/>
                    <parameter name="@FirstAccrualDate" from="${AttributeNames.SD_FIRST_ACCRUAL_DATE}"/>
                    <parameter name="@FirstSettlementDate" from="${AttributeNames.SD_FIRST_SETTLEMENT_DATE}"/>
                    <parameter name="@FirstCouponAmount" from="${AttributeNames.SD_FIRST_COUPON_AMOUNT}"/>
                    <parameter name="@FirstCouponDate" from="${AttributeNames.SD_FIRST_COUPON_DATE}"/>
                    <parameter name="@LastCouponAmount" from="${AttributeNames.SD_LAST_COUPON_AMOUNT}"/>
                    <parameter name="@LastCouponDate" from="${AttributeNames.SD_LAST_COUPON_DATE}"/>
                    <parameter name="@RedemptionAmount" from="${AttributeNames.SD_REDEMPTION_AMOUNT}"/>
                    <parameter name="@IsCodeISIN" from="Y"/>
                    <parameter name="@IsOnRun" from="0"/>
                </parameters>
            </sqlSP>
            <sqlSP name="appLATAMEcnCreateBond" onUpdate="false" onUpdateLive="false">
                <parameters>
                    <parameter name="@InstrumentRef" from="${AttributeNames.SD_ALT_INSTRUMENT_TYPE_ISIN}"/>
                    <parameter name="@Cusip" from="${AttributeNames.SD_ALT_INSTRUMENT_TYPE_CUSIP}"/> <!-- MISSING -->
                    <parameter name="@BloombergSpread" from="0"/> <!-- MISSING -->
                    <parameter name="@BloombergSize" from="1000000"/> <!-- MISSING -->
                </parameters>
            </sqlSP>
            <sqlSP name="appLoadLATAMSanData" onUpdate="false" onUpdateLive="false">
                <parameters>
                    <parameter name="@InstrumentId" from="${AttributeNames.SD_ALT_INSTRUMENT_TYPE_ISIN}"/>
                    <parameter name="@IsFRN" from="false"/>
                </parameters>
            </sqlSP>
        </sqlSPList>
    </component>
    

