<?xml version="1.0" encoding="utf-16"?>
<messages>
  <message>
    <header dataSetId="BET-100423-49-7" dataSetType="AQ_AUDIT_RESPONSE" sourceType="" sourceName="ceemea-autoquoter-offshore" />
    <fields>
      <field name="_serverName_" value="ceemea-autoquoter-offshore" />
      <field name="account" value="TEST" />
      <field name="aqAqdminCPRef" value="516" />
      <field name="brkConvId" value="49" />
      <field name="broker" value="RBOS" />
      <field name="brokerRef" value="BET" />
      <field name="clientName" value="ROYAL BANK OF SCOTLAND PLC, THE" />
      <field name="conversationId" value="BET-100423-49" />
      <field name="convNextTimeCheck" value="23/04/2010 15:56:21" />
      <field name="convTimeLimit" value="59" />
      <field name="convTimeRemaining" value="-21" />
      <field name="counterAllowed" value="True" />
      <field name="counterParty" value="ROYAL BANK OF SCOTLAND PLC, THE" />
      <field name="counterpartyEnabled" value="True" />
      <field name="counterPartyFirmName" value="ROYAL BANK OF SCOTLAND PLC, THE" />
      <field name="counterpartyFound" value="True" />
      <field name="counterpartyGTEAccountCode" value="9999990X" />
      <field name="counterpartyInternal" value="False" />
      <field name="counterpartyTrader" value="SWELSH5" />
      <field name="dataSetId" value="BET-100423-49-7" />
      <field name="dataSetId.Parsed" value="BET-100423-49-7" />
      <field name="dataSetType" value="AQ_AUDIT_RESPONSE" />
      <field name="dataSetType.Parsed" value="AQ_AUDIT_RESPONSE" />
      <field name="dealCategory" value="EGVEG" />
      <field name="deskId" value="ceemea" />
      <field name="EVENT#" value="event_7" />
      <field name="executionId" value="2543" />
      <field name="executionTime" value="2010-04-23 15:56:36.812" />
      <field name="executionType" value="M" />
      <field name="expirationType" value="EXECUTED" />
      <field name="factoryClass" value="Rbsfm.FI.AutoQuoter.Service.MessageFactory" />
      <field name="INCLUDE_SUGGESTED" value="True" />
      <field name="lastMessageRej" value="false" />
      <field name="Leg1.accrued" value="60" />
      <field name="Leg1.aggPosition" value="NaN" />
      <field name="Leg1.appliedBucket" value="B1" />
      <field name="Leg1.appliedBucketNumber" value="1" />
      <field name="Leg1.appliedSkew" value="0" />
      <field name="Leg1.appliedSpread" value="0" />
      <field name="Leg1.appliedTier" value="AQT2" />
      <field name="Leg1.benchmarkCoupon" value="0.0" />
      <field name="Leg1.benchmarkPrice" value="0.0" />
      <field name="Leg1.benchmarkYield" value="0.0" />
      <field name="Leg1.bestMid" value="0" />
      <field name="Leg1.bestPrice" value="0" />
      <field name="Leg1.bestPriceLive" value="false" />
      <field name="Leg1.bestPriceTarget" value="Leg1.suggestedPrice" />
      <field name="Leg1.bondRef" value="POLGB 5.5 Apr-15" />
      <field name="Leg1.bookId" value="CEEMEA-PLN" />
      <field name="Leg1.brokerOrderSeqNo" value="49" />
      <field name="Leg1.buySell" value="B" />
      <field name="Leg1.calculationMethod" value="manualPrice" />
      <field name="Leg1.coupon" value="0.055" />
      <field name="Leg1.crossServerSwitch" value="False" />
      <field name="Leg1.currency" value="PLN" />
      <field name="Leg1.dailyLimit" value="500000" />
      <field name="Leg1.ecnPrice" value="101.76" />
      <field name="Leg1.executedPrice" value="101.925" />
      <field name="Leg1.executedYield" value="5.05414" />
      <field name="Leg1.executedYieldSpread" value="0.0" />
      <field name="Leg1.indicativePrice" value="101.925" />
      <field name="Leg1.indicativeYield" value="5.05414" />
      <field name="Leg1.indicativeYieldSpread" value="0.0" />
      <field name="Leg1.instrumentRef" value="PL0000105953" />
      <field name="Leg1.ISIN" value="PL0000105953" />
      <field name="Leg1.isOutsideAllBuckets" value="False" />
      <field name="Leg1.lastSentMid" value="101.925" />
      <field name="Leg1.lastSentQuote" value="101.925" />
      <field name="Leg1.lastSentYield" value="5.05414" />
      <field name="Leg1.maturityDate" value="25/04/2015 00:00:00" />
      <field name="Leg1.midPrice" value="101.925" />
      <field name="Leg1.midSpread" value="0" />
      <field name="Leg1.midYield" value="5.0541391302221" />
      <field name="Leg1.netAmount" value="20385060" />
      <field name="Leg1.nssdAdjustedPrice" value="101.925" />
      <field name="Leg1.nssdAdjustedYield" value="5.05414" />
      <field name="Leg1.nssdRepoRate" value="0" />
      <field name="Leg1.originalPrice" value="101.925" />
      <field name="Leg1.originalYield" value="5.054" />
      <field name="Leg1.originalYieldSpread" value="0" />
      <field name="Leg1.priceDetailType" value="BOND" />
      <field name="Leg1.pricingOwner" value="welshsa" />
      <field name="Leg1.principal" value="20385000" />
      <field name="Leg1.qty" value="200000" />
      <field name="Leg1.rfqPriceValid" value="True" />
      <field name="Leg1.settlementDate" value="27/04/2010 00:00:00" />
      <field name="Leg1.stdtPlusDays" value="2" />
      <field name="Leg1.suggestedPrice" value="101.925" />
      <field name="Leg1.suggestedYield" value="5.05414" />
      <field name="Leg1.suggestedYieldSpread" value="0" />
      <field name="Leg1.theirBenchmarkSpread" value="-0.5180000000000184" />
      <field name="Leg1.ticker" value="POLGB" />
      <field name="Leg1.tPlusDays" value="2" />
      <field name="Leg1.tradeDelta" value="-87.442" />
      <field name="Leg1.traderInsidePrice" value="101.675" />
      <field name="Leg1.traderInsideSpread" value="0" />
      <field name="Leg1.traderInsideYield" value="5.11141000131517" />
      <field name="Leg1.traderPosition" value="NaN" />
      <field name="Leg1.traderRef" value="welshsa" />
      <field name="Leg1.traderRiskBook" value="SOV-MURP" />
      <field name="Leg2.accrued" value="7920.0" />
      <field name="Leg2.aggPosition" value="NaN" />
      <field name="Leg2.appliedBucket" value="B1" />
      <field name="Leg2.appliedBucketNumber" value="1" />
      <field name="Leg2.appliedSkew" value="0.0" />
      <field name="Leg2.appliedSpread" value="0.0" />
      <field name="Leg2.appliedTier" value="AQT2" />
      <field name="Leg2.benchmarkCoupon" value="0.0" />
      <field name="Leg2.benchmarkPrice" value="0.0" />
      <field name="Leg2.benchmarkYield" value="0.0" />
      <field name="Leg2.bestMid" value="0.0" />
      <field name="Leg2.bestPrice" value="0.0" />
      <field name="Leg2.bestPriceLive" value="false" />
      <field name="Leg2.bestPriceTarget" value="Leg2.suggestedPrice" />
      <field name="Leg2.bondRef" value="POLGB 6.25 Oct-15" />
      <field name="Leg2.bookId" value="CEEMEA-PLN" />
      <field name="Leg2.brokerOrderSeqNo" value="50" />
      <field name="Leg2.buySell" value="S" />
      <field name="Leg2.calculationMethod" value="manualPrice" />
      <field name="Leg2.coupon" value="0.0625" />
      <field name="Leg2.crossServerSwitch" value="false" />
      <field name="Leg2.currency" value="PLN" />
      <field name="Leg2.dailyLimit" value="500000.0" />
      <field name="Leg2.ecnPrice" value="105.41" />
      <field name="Leg2.executedPrice" value="105.55" />
      <field name="Leg2.executedYield" value="5.05932" />
      <field name="Leg2.executedYieldSpread" value="0.0" />
      <field name="Leg2.indicativePrice" value="105.55" />
      <field name="Leg2.indicativeYield" value="5.0593200000000005" />
      <field name="Leg2.indicativeYieldSpread" value="0.0" />
      <field name="Leg2.instrumentRef" value="PL0000103602" />
      <field name="Leg2.ISIN" value="PL0000103602" />
      <field name="Leg2.isOutsideAllBuckets" value="false" />
      <field name="Leg2.maturityDate" value="2015-10-24" />
      <field name="Leg2.midPrice" value="105.55000000000001" />
      <field name="Leg2.midSpread" value="0.0" />
      <field name="Leg2.midYield" value="5.059315847691678" />
      <field name="Leg2.netAmount" value="2.639542E7" />
      <field name="Leg2.nssdAdjustedPrice" value="105.55" />
      <field name="Leg2.nssdAdjustedYield" value="5.0593200000000005" />
      <field name="Leg2.nssdRepoRate" value="0.0" />
      <field name="Leg2.originalPrice" value="105.55" />
      <field name="Leg2.originalYield" value="5.059" />
      <field name="Leg2.originalYieldSpread" value="0.0" />
      <field name="Leg2.priceDetailType" value="BOND" />
      <field name="Leg2.pricingOwner" value="welshsa" />
      <field name="Leg2.principal" value="2.63875E7" />
      <field name="Leg2.qty" value="250000.0" />
      <field name="Leg2.rfqPriceValid" value="true" />
      <field name="Leg2.settlementDate" value="2010-04-27" />
      <field name="Leg2.stdtPlusDays" value="2" />
      <field name="Leg2.suggestedPrice" value="105.55" />
      <field name="Leg2.suggestedYield" value="5.0593200000000005" />
      <field name="Leg2.suggestedYieldSpread" value="0.0" />
      <field name="Leg2.ticker" value="POLGB" />
      <field name="Leg2.tPlusDays" value="2" />
      <field name="Leg2.tradeDelta" value="121.6875" />
      <field name="Leg2.traderInsidePrice" value="105.80000000000001" />
      <field name="Leg2.traderInsideSpread" value="0.0" />
      <field name="Leg2.traderInsideYield" value="5.008032378645222" />
      <field name="Leg2.traderPosition" value="NaN" />
      <field name="Leg2.traderRef" value="welshsa" />
      <field name="Leg2.traderRiskBook" value="SOV-MURP" />
      <field name="manualAllowed" value="True" />
      <field name="noOfCompetitors" value="0" />
      <field name="numberOfLegs" value="2" />
      <field name="orderMode" value="2" />
      <field name="orderOrInq" value="I" />
      <field name="orderSeqNo" value="BET-100423-49" />
      <field name="popupClass.QU" value="Rbsfm.Capmarkets.AutoQuoter.UI.Popups.EUROGOV.EGVEG_QUALT" />
      <field name="priceRequested" value="false" />
      <field name="priorityCustomer" value="True" />
      <field name="priorityCustomerLevel" value="1" />
      <field name="quoteId" value="2544" />
      <field name="quoteTime" value="23/04/2010 15:56:42" />
      <field name="quoteType" value="N" />
      <field name="reason" value="ACCEPTED" />
      <field name="reconciliationText" value="ACCEPTED" />
      <field name="rejectAllowed" value="True" />
      <field name="requiresReject" value="false" />
      <field name="requiresResponse" value="true" />
      <field name="resendCount" value="0" />
      <field name="salespersonCode" value="DD97" />
      <field name="salespersonLocation" value="Asia" />
      <field name="salespersonRef" value="koran" />
      <field name="salesToTrader" value="False" />
      <field name="secondaryTraderRef" value="welshsa,richesf" />
      <field name="sourceNames" value="()" />
      <field name="subsequentRequest" value="true" />
      <field name="switchtype" value="CVC" />
      <field name="switchYieldSpread" value="0.5180000000000184" />
      <field name="tradeDelta" value="34.24549999999999" />
      <field name="traderRef" value="welshsa" />
      <field name="type" value="3" />
      <field name="wireTime" value="10" />
    </fields>
  </message>
</messages>

