<?xml version="1.0" encoding="utf-16"?>
<messages>
  <message>
    <header dataSetId="BET-100408-38" dataSetType="Conversation" sourceType="" sourceName="ceemea-autoquoter-offshore" />
    <fields>
      <field name="___PRIMARY_KEY___" value="ceemea-autoquoter-offshore.QU.1029" />
      <field name="_serverName_" value="ceemea-autoquoter-offshore" />
      <field name="acceptAllowed" value="true" />
      <field name="account" value="TEST1" />
      <field name="activeTrade" value="True" />
      <field name="aqAqdminCPRef" value="516" />
      <field name="brkConvId" value="38" />
      <field name="broker" value="RBOS" />
      <field name="brokerBookId" value="TESTCMP7" />
      <field name="brokerRef" value="BET" />
      <field name="clientName" value="ROYAL BANK OF SCOTLAND PLC, THE" />
      <field name="conversationId" value="BET-100408-38" />
      <field name="convNextTimeCheck" value="08/04/2010 17:00:09" />
      <field name="convTimeLimit" value="59" />
      <field name="convTimeRemaining" value="58" />
      <field name="counterAllowed" value="True" />
      <field name="counterParty" value="ROYAL BANK OF SCOTLAND PLC, THE" />
      <field name="counterpartyEnabled" value="True" />
      <field name="counterPartyFirmName" value="ROYAL BANK OF SCOTLAND PLC, THE" />
      <field name="counterpartyFound" value="True" />
      <field name="counterpartyGTEAccountCode" value="9999990X" />
      <field name="counterpartyInternal" value="False" />
      <field name="counterpartyTrader" value="RBSCUSTR" />
      <field name="dataSetId" value="BET-100408-38" />
      <field name="dataSetId.Parsed" value="BET-100408-381" />
      <field name="dataSetType" value="Conversation" />
      <field name="dataSetType.Parsed" value="Conversation" />
      <field name="dealCategory" value="EBC" />
      <field name="dealCategoryVersion" value="1" />
      <field name="description" value="10 , POLGB 0 Jul-10 @ 97.610[8.593]" />
      <field name="deskId" value="ceemea" />
      <field name="enteredCounterWF" value="true" />
      <field name="factoryClass" value="Rbsfm.FI.AutoQuoter.Service.NormalisingMessageDispatcher" />
      <field name="failedPriceToleranceCheck" value="false" />
      <field name="gridFlags" value="1" />
      <field name="INCLUDE_SUGGESTED" value="True" />
      <field name="indicativeTime" value="48" />
      <field name="interventionReason" value="Book status is PEND&#xA;" />
      <field name="isExpiration" value="False" />
      <field name="isMine" value="True" />
      <field name="isQuote" value="False" />
      <field name="isTraderIntervention" value="True" />
      <field name="Leg1.accrued" value="0" />
      <field name="Leg1.appliedBucket" value="B1" />
      <field name="Leg1.appliedBucketNumber" value="1" />
      <field name="Leg1.appliedSkew" value="0" />
      <field name="Leg1.appliedSpread" value="0" />
      <field name="Leg1.appliedTier" value="AQT2" />
      <field name="Leg1.benchmarkCoupon" value="0.0" />
      <field name="Leg1.benchmarkPrice" value="0.0" />
      <field name="Leg1.benchmarkYield" value="0.0" />
      <field name="Leg1.bestMid" value="0" />
      <field name="Leg1.bestPrice" value="0" />
      <field name="Leg1.bestPriceLive" value="false" />
      <field name="Leg1.bestPriceTarget" value="Leg1.suggestedPrice" />
      <field name="Leg1.bondRef" value="POLGB 0 Jul-10" />
      <field name="Leg1.bookId" value="CEEMEA-PLN" />
      <field name="Leg1.buySell" value="B" />
      <field name="Leg1.calculationMethod" value="manualPrice" />
      <field name="Leg1.coupon" value="0" />
      <field name="Leg1.crossServerSwitch" value="False" />
      <field name="Leg1.currency" value="PLN" />
      <field name="Leg1.dailyLimit" value="500000" />
      <field name="Leg1.ecnPrice" value="0" />
      <field name="Leg1.indicativePrice" value="97.656" />
      <field name="Leg1.indicativeYield" value="8.424" />
      <field name="Leg1.indicativeYieldSpread" value="0.0" />
      <field name="Leg1.instrumentRef" value="PL0000105078" />
      <field name="Leg1.ISIN" value="PL0000105078" />
      <field name="Leg1.isOutsideAllBuckets" value="False" />
      <field name="Leg1.maturityDate" value="25/07/2010 00:00:00" />
      <field name="Leg1.midPrice" value="97.6558" />
      <field name="Leg1.midSpread" value="0" />
      <field name="Leg1.midYield" value="8.4247329750157" />
      <field name="Leg1.netAmount" value="976560" />
      <field name="Leg1.nssdAdjustedPrice" value="97.656" />
      <field name="Leg1.nssdAdjustedYield" value="8.424000000000001" />
      <field name="Leg1.nssdRepoRate" value="0" />
      <field name="Leg1.originalPrice" value="97.61" />
      <field name="Leg1.originalYield" value="8.593" />
      <field name="Leg1.originalYieldSpread" value="0" />
      <field name="Leg1.priceDetailType" value="BILLY" />
      <field name="Leg1.pricingOwner" value="michamg" />
      <field name="Leg1.principal" value="976560" />
      <field name="Leg1.qty" value="10000" />
      <field name="Leg1.rfqPriceValid" value="True" />
      <field name="Leg1.settlementDate" value="12/04/2010 00:00:00" />
      <field name="Leg1.stdtPlusDays" value="2" />
      <field name="Leg1.suggestedPrice" value="97.61" />
      <field name="Leg1.suggestedYield" value="8.593" />
      <field name="Leg1.suggestedYieldSpread" value="0" />
      <field name="Leg1.ticker" value="POLGB" />
      <field name="Leg1.tPlusDays" value="2" />
      <field name="Leg1.traderInsidePrice" value="96.6558" />
      <field name="Leg1.traderInsideSpread" value="0" />
      <field name="Leg1.traderInsideYield" value="12.1429399676282" />
      <field name="Leg1.traderPosition" value="0" />
      <field name="Leg1.traderRef" value="gallane" />
      <field name="Leg1.traderRiskBook" value="UNKNOWN" />
      <field name="manualAllowed" value="True" />
      <field name="manualStreamActive" value="False" />
      <field name="memoText1" value="                                    TRKIRK                                      " />
      <field name="memoText2" value="                                                                                " />
      <field name="noOfCompetitors" value="0" />
      <field name="numberOfLegs" value="1" />
      <field name="orderFromTradablePrice" value="true" />
      <field name="orderMode" value="2" />
      <field name="orderOrInq" value="O" />
      <field name="orderSeqNo" value="BET-100408-38" />
      <field name="partialStream" value="False" />
      <field name="popupClass.TI" value="Rbsfm.Capmarkets.AutoQuoter.UI.Popups.EUROGOV.EBC_QUALT" />
      <field name="priorityCustomer" value="True" />
      <field name="priorityCustomerLevel" value="1" />
      <field name="quoteId" value="1029" />
      <field name="quoteTime" value="08/04/2010 16:59:13" />
      <field name="quoteType" value="V" />
      <field name="quoteValidTime" value="0" />
      <field name="reason" value="Book status is PEND&#xA;" />
      <field name="rejectAllowed" value="True" />
      <field name="requiresReject" value="false" />
      <field name="requiresResponse" value="true" />
      <field name="resendCount" value="0" />
      <field name="salespersonCode" value="DD97" />
      <field name="salespersonLocation" value="Asia" />
      <field name="salespersonRef" value="koran" />
      <field name="salesToTrader" value="False" />
      <field name="seasoningReason" value="Not a US Investor." />
      <field name="seasoningStatus" value="true" />
      <field name="sourceNames" value="ceemea-autoquoter-offshore(AQ)" />
      <field name="streamActive" value="False" />
      <field name="traderRef" value="gallane" />
      <field name="type" value="1" />
      <field name="wireTime" value="15" />
    </fields>
  </message>
</messages>

