<project name="latam-patch" default="get.patch.files" basedir=".">
  <import file="${basedir}/build/build-scm.xml" />
  <target name="get.patch.files">
     <scmpatchcheckout revision="1.6" file="rbsfm/fiecn/src/com/rbsfm/fi/pricing/ecn/mapping/EcnInstrumentMappingHomeImpl.java"/>
     <scmpatchcheckout revision="1.13" file="rbsfm/ficommon/src/com/rbsfm/fi/pricing/util/cache/ObjectAttributeIndexFunction.java"/>
     <scmpatchcheckout revision="1.97.4.1" file="rbsfm/fiecn/src/com/rbsfm/fi/pricing/ecn/pricefeed/AbstractEcnPublisher.java"/>
     <scmpatchcheckout revision="1.4.6.1" file="rbsfm/fiecn/src/com/rbsfm/fi/pricing/ecn/status/InstrumentECNStatus.java"/>
     <scmpatchcheckout revision="1.50" file="rbsfm/fiecn/src/com/rbsfm/fi/pricing/ecn/mux/AutoQuoterMesssageFormatter.java"/>
     <scmpatchcheckout revision="1.61.2.9" file="rbsfm/cpbuild/config/templates/ecnpricefeed.xml"/>
  </target>
</project>
