  <host name="" hostname="lonms02735" type="primary" location="london">
      <service name="ceemea-autoquoter-offshore"/>
      <service name="ceemea-clientmux-offshore"/>
      <service name="ceemea-ecnpricefeed-offshore"/>
      <service name="ceemea-exchangedata-offshore"/>
      <service name="ceemea-expricepub-offshore"/>
      <service name="ceemea-pricing-instmaint"/>
      <service name="ceemea-pricing-offshore"/>
      <service name="ceemea-recmux-exchangedata"/>  
  </host>

  <host name="" hostname="lonms08044" type="secondary" location="london">
      <service name="ceemea-autoquoter-offshore"/>
      <service name="ceemea-clientmux-offshore"/>
      <service name="ceemea-ecnpricefeed-offshore"/>
      <service name="ceemea-exchangedata-offshore"/>
      <service name="ceemea-expricepub-offshore"/>
      <service name="ceemea-pricing-instmaint"/>
      <service name="ceemea-pricing-offshore"/>
      <service name="ceemea-recmux-exchangedata"/>  
  </host>

  <host name="" hostname="lonms06277" type="primaryDR" location="london">
      <service name="ceemea-autoquoter-offshore"/>
      <service name="ceemea-clientmux-offshore"/>
      <service name="ceemea-ecnpricefeed-offshore"/>
      <service name="ceemea-exchangedata-offshore"/>
      <service name="ceemea-expricepub-offshore"/>
      <service name="ceemea-pricing-instmaint"/>
      <service name="ceemea-pricing-offshore"/>
      <service name="ceemea-recmux-exchangedata"/>
  </host>

  <host name="" hostname="lonms08028" type="secondaryDR" location="london">
      <service name="ceemea-autoquoter-offshore"/>
      <service name="ceemea-clientmux-offshore"/>
      <service name="ceemea-ecnpricefeed-offshore"/>
      <service name="ceemea-exchangedata-offshore"/>
      <service name="ceemea-expricepub-offshore"/>
      <service name="ceemea-pricing-instmaint"/>
      <service name="ceemea-pricing-offshore"/>
      <service name="ceemea-recmux-exchangedata"/>
  </host>
