
<!--
  <component name="FiDb" class_name="com.rbsfm.common.sql.SybaseConnectionPool">
    <jmxDomain>DATABASE</jmxDomain>
    <database_name>fi_CEEMEA_dev</database_name>
    <user>fi_ceemea_server</user>
    <password>svrpwd1</password>
    <auto_commit>true</auto_commit>
    <connection_pool>
      <initial_connections>1</initial_connections>
      <min_connections>5</min_connections>
      <max_connections>0</max_connections>
			<error_limit>6</error_limit>
    </connection_pool>
    <is_closed_test>INTERNAL</is_closed_test>
    <server_name>lon3841xus.fm.rbsgrp.net</server_name>
    <port_number>2050</port_number>
  </component>
  -->

   <component name="GdsCurveClient" class_name="com.rbsfm.fi.pricing.dependency.swap.GdsCurveClient" lazy="true">
      <property name="MarketDataService" ref="MarketDataManagerServiceDelegate"/>
      <property name="SSOTokenGenerator" ref="CoreGdsPeriodicSSOTokenGenerator"/>
      <property name="ServiceLocation" ref="CoreGdsCurrencyServiceLocation"/>
   </component>  

   <component name="GdsCurveSetRates" class_name="com.rbsfm.fi.pricing.dependency.swap.GdsCurveSetRates" bean="true" lazy="false">
     <property name="Cron" ref="Cron"/>
     <property name="GdsCurveClient" ref="GdsCurveClient"/>
     <property name="DependencyTree" ref="DependencyTree"/>
     <property name="CurveManager" ref="CurveManager"/>
     <property name="curves">
         <list>
             <value>FRA.PLN</value>
             <value>6MFRA.PLN</value>
             <value>CFRA.PLN</value>
         </list>
     </property>
     <property name="enabled" value="@{gds.set.rate.enabled}"/>
     <property name="runTime" value="23:00"/>
  </component>

  <component name="LoadGdsTSForHK" class_name="com.rbsfm.fi.pricing.dependency.swap.GdsCurveCloseRates" lazy="@{LoadGdsTSForHK.lazy}">
     <property name="Cron" ref="Cron"/>
     <property name="GdsCurveClient" ref="GdsCurveClient"/>
     <property name="DependencyTree" ref="DependencyTree"/>      
     <property name="SwapTickerMappings" ref="SwapPointTickerMapping"/>
     <property name="DependencyTree" ref="DependencyTree"/>
     <property name="GdsCurveName" value="3M~HD.USD"/>
     <property name="CpCurveName" value="LIBOR-HD_USD_H"/>
     <property name="enabled" value="@{gds.close.rate.enabled}"/>
     <property name="runTime" value="23:00"/>
  </component>
  
  <component name="LoadGdsTSForLdn" class_name="com.rbsfm.fi.pricing.dependency.swap.GdsCurveCloseRates" lazy="@{LoadGdsTSForLdn.lazy}">
     <property name="Cron" ref="Cron"/>
     <property name="GdsCurveClient" ref="GdsCurveClient"/>
     <property name="DependencyTree" ref="DependencyTree"/>      
     <property name="SwapTickerMappings" ref="SwapPointTickerMapping"/>
     <property name="DependencyTree" ref="DependencyTree"/>
     <property name="GdsCurveName" value="3M~HD.USD"/>
     <property name="CpCurveName" value="LIBOR-HD_USD_L"/>
     <property name="enabled" value="@{gds.close.rate.enabled}"/>
     <property name="runTime" value="23:00"/>
   </component>
  
   <component name="LoadGdsTSForGre" class_name="com.rbsfm.fi.pricing.dependency.swap.GdsCurveCloseRates" lazy="false">
     <property name="Cron" ref="Cron"/>
     <property name="GdsCurveClient" ref="GdsCurveClient"/>
     <property name="DependencyTree" ref="DependencyTree"/>      
     <property name="SwapTickerMappings" ref="SwapPointTickerMapping"/>
     <property name="DependencyTree" ref="DependencyTree"/>
     <property name="GdsCurveName" value="3M~HD.USD"/>
     <property name="CpCurveName" value="LIBOR-HD_USD"/>
     <property name="enabled" value="@{gds.close.rate.enabled}"/>
     <property name="runTime" value="23:00"/>       
   </component>
   
