  <host name="" hostname="lonms06353" type="primary" location="london">
      <server name="ceemea-autoquoter-offshore"/>
      <server name="ceemea-clientmux-offshore"/>
      <server name="ceemea-ecnpricefeed-offshore"/>
      <server name="ceemea-exchangedata-offshore"/>
      <server name="ceemea-expricepub-offshore"/>
      <server name="ceemea-pricing-instmaint"/>
      <server name="ceemea-pricing-offshore"/>
      <server name="ceemea-recmux-exchangedata"/>  
  </host>
  
  <host name="" hostname="lonms06277" type="secondary" location="london">
      <server name="ceemea-autoquoter-offshore"/>
      <server name="ceemea-clientmux-offshore"/>
      <server name="ceemea-ecnpricefeed-offshore"/>
      <server name="ceemea-exchangedata-offshore"/>
      <server name="ceemea-expricepub-offshore"/>
      <server name="ceemea-pricing-instmaint"/>
      <server name="ceemea-pricing-offshore"/>
      <server name="ceemea-recmux-exchangedata"/>  
  </host>

