<?xml version="1.0"?>
<!--
  ===========================================================
  Bloomberg MPF Gateway Configuration File

  ===========================================================
  -->
<app xmlns:xi="http://www.w3.org/2001/XInclude" app_name="${server.group} ${server.type} ${server.instance}">
	
<!-- Including file:/D:/cpnetbuild/builds/2009-Jul-13-14-44-52-mpfgateway2-1_0_1_localmkts/rbsfm/cpbuild/release/mpfgateway2-1_0_1_localmkts/rbsfm/cpbuild/config/templates/..\includes\Logging.xml  -->
<!--
===========================================================
             Shared Logging configuration.
===========================================================
-->
${log.console}

<component name="logger.file.all" class_name="com.rbsfm.common.logger.FileLogger">
    <format>\${time} \${logname} [\${thread}] \${user}: \${message}</format>
    <file>${log.dir}/bloomberg-mpfgateway2-stamford.log.%n</file>
    <file_rotation_rule>by_size<size>5000</size><maxFiles>20</maxFiles></file_rotation_rule>
	<asynchronous>true<queueSize>0</queueSize></asynchronous>
</component>

<component name="logger.memory" class_name="com.rbsfm.common.logger.InMemoryLogger">
    <format>\${time} \${logname} [\${thread}] \${user}: \${message}</format>
    <size>500</size>
</component>

<component name="logger.log4j.error" class_name="com.rbsfm.common.logger.Log4jLogger">
    <format>\${time} \${app} [\${thread}] \${message}</format>
    <category>ERROR</category>
    <config_file>${log4j.configuration}</config_file>
</component>

<component name="LogAdmin" class_name="com.rbsfm.common.logger.LogAdmin">
    <log name="MPF-PACKET-14" active="true"/>
    <log name="MPF-PACKET-8" active="true"/>
    <log name="DEBUG" active="false"/>
    <log name="ERROR" active="true"/>
    <log name="FIANALYTICS" active="true"/>
    <log name="FICURVE" active="false"/>
    <log name="FIATTRIBUTE" active="false"/>
    <log name="FIHOME" active="false"/>
    <log name="FIPUB" active="false"/>
    <log name="FITREE" active="false"/>
    <log name="GATEWAY_MSG" active="false" />
    <log name="GDS_SERVICES" active="true"/>
    <log name="GDS_SERVICES_OUTPUT" active="true"/>
    <log name="INFO" active="true"/>
    <log name="MESSAGE" active="false"/>
    <log name="MUX" active="false"/>
    <log name="RPC" active="false"/>
    <log name="SANITIZER" active="false"/>
    <log name="SECURITY" active="false"/>
    <log name="SOAP" active="false"/>
    <log name="SOAPRPC" active="true"/>
    <log name="SSO" active="false"/>
    <log name="SQL" active="false"/>
    <log name="SUB" active="false"/>
    <log name="TRADEWEB_FEEDMSG" active="false"/>
    <log name="TRADEWEB_IO" active="true"/>
    <log name="WARNING" active="true"/>
    <log name="XML" active="false"/>
    <log name="GDS_SERVICES" active="true" />
    <log name="GDS_SERVICES_OUTPUT" active="true"/>
</component>

<component name="MemoryLogger" lazy="true"
  class_name="com.rbsfm.common.system.TimedMemoryUsageLogger">
  <timer_interval>${memlogger.intervalMs}</timer_interval>
  <log>INFO</log>
  <force_gc>false</force_gc>
  <control>MemoryLogger</control>
  <logFreq>${memlogger.logFreq}</logFreq>    
  <listeners>
	<listener name="MemoryMonitor"/>
  </listeners>	
</component>

<component name="BusinessHoursLogConfig"
  class_name="com.rbsfm.fi.pricing.util.BusinessHoursLogConfig">
  <dayStart>07:00</dayStart>
  <dayEnd>17:30</dayEnd>
</component>

<component name="MemoryMonitor" class_name="com.rbsfm.ficommon.util.MemoryMonitor">
  <dumpThreadsAtPercent>95</dumpThreadsAtPercent>
  <logSize>${memlogger.logSize}</logSize>
  <logOnLogRoll>true</logOnLogRoll>
</component>


<!-- Included file:/D:/cpnetbuild/builds/2009-Jul-13-14-44-52-mpfgateway2-1_0_1_localmkts/rbsfm/cpbuild/release/mpfgateway2-1_0_1_localmkts/rbsfm/cpbuild/config/templates/..\includes\Logging.xml  -->


  <!--
  ===========================================================
  System properties configuration.
  ===========================================================
  -->
  <component name="SystemProperties" 
    class_name="com.rbsfm.common.properties.ConfigurableProperties">
    <properties>
      <basedir>${deploy.dir}</basedir>
      <configdir>${deploy.dir}/config</configdir>
      <logdir>${log.dir}</logdir>
      <bindir>${basedir}/bin</bindir>

      <serverDetailsURL>${server.details.url}</serverDetailsURL>
      <serverDetailsURL2>${server.details.url.backup}</serverDetailsURL2>

      <server_environment>${system}</server_environment>

    </properties>
  </component>
  <!--
  ===========================================================
  Server properties configuration.
  ===========================================================
  -->
  <component name="ServerSystemProperties" 
    class_name="com.rbsfm.fi.pricing.util.ServerSystemProperties">
    <logProperties>true</logProperties>
    <hostnameResolver>HostnameResolver</hostnameResolver>
    <server_name>${serverName}</server_name>
    <host>${host:primary}</host>
    <property name="in_port" value="%socket_port%"/>
    <property name="jmx_port" value="%jmx_port%"/>
    <property name="availability_check_port" value="%availability_check_port%"/>
    <property name="server" value="%Server%"/>
    <property name="BloombergMPFServerA" value="%BloombergMPFServerA%"/>
    <property name="BloombergMPFServerB" value="%BloombergMPFServerB%"/>
  </component>

  <!--
  ===========================================================
  JMX administrator.
  ===========================================================
  -->
  <component name="JmxWebAdministrator" class_name="com.rbsfm.common.admin.JmxWebAdministrator">
    <port>${jmx_port}</port>
    <user login="${jmx.user}" password="${jmx.password}"/>
  </component>

  <!--
    Provides check of gateway availability
  -->
  <component name="ServerAvailabilityCheck" 
    class_name="com.rbsfm.fi.pricing.mux.failover.ServerAvailabilityCheck">
    <port>${availability_check_port}</port>
  </component>

  <component name="ServerAvailabilityScanner" class_name="com.rbsfm.fi.pricing.mux.failover.ServerAvailabilityScanner">
    <port>%availability_check_port%</port>
    <host_selectors>
    </host_selectors>
  </component>

  <!--
  =================================================================
  Set the default control manager to manage the AutoQuoter controls
  =================================================================
  -->
  <component name="ControlManager" lazy="true" class_name="com.rbsfm.common.system.ControlManager">
    <control>JmxWebAdministrator</control>
    <control>MemoryLogger</control>
    <control>ServerAvailabilityScanner</control>
    <control>BBConnectionMonitor</control>
    <control>SocketServerSink</control>
    <control>HeartbeatMonitor</control>
    <control>MPFStats</control>
    <control>BloombergMPFConnection</control>
    <control>ContributionManager</control>
    <control>MessageCache</control>
    <control>MessageSubscriber</control>
    <control>ContributionProviderFilePoller</control>
    <control>ServerAvailabilityCheck</control>
  </component>

  <component name="HostnameResolver" lazy="true" class_name="com.rbsfm.fi.pricing.mux.failover.HostnameResolver">
  	<serverDetailsURL>${serverDetailsURL}</serverDetailsURL>
  	<serverDetailsURL2>${serverDetailsURL2}</serverDetailsURL2>
  </component>

  <component name="ClassConstants" class_name="com.rbsfm.common.properties.ClassConstantsProperties">
    <class name="MessageTypes" package="com.rbsfm.fi.pricing.external.message"/>
  </component>

  <!--
    =======================================
    Specific Bloomberg MPF Gateway Components
    =======================================
  -->
    
  <!-- Receives messages from price feed servers -->
  <component name="SocketServerSink" class_name="com.rbsfm.fi.pricing.mux.socket.SocketServerSink">
    <port>${in_port}</port>
    <msg_buffer_size_bytes>30720</msg_buffer_size_bytes>
    <msg_count_log_increment>1000</msg_count_log_increment>
    <use_direct_buffer>true</use_direct_buffer>
  </component>

  <!--
  ===========================================================
  Heartbeat monitor.
  ===========================================================
  -->
  <component name="HeartbeatMonitor" class_name="com.rbsfm.fi.pricing.mux.MultiSourceHeartbeatMonitor">
    <sink name="SocketServerSink"/>
    <stale_message_delay>10</stale_message_delay>
    <heartbeats_only>false</heartbeats_only>   
  </component>
  
  <component name="MessageCache" lazy="true" class_name="com.rbsfm.fi.pricing.mux.MessageCacheSourceSink">
    <supress_duplicates>false</supress_duplicates>
    <stale_on_stale>true</stale_on_stale>
    <stale_by_source>true</stale_by_source>
    <use_source_when_staling>true</use_source_when_staling>
    <prevent_stale_msg_chaining>true</prevent_stale_msg_chaining>
    <sink name="SocketServerSink"/>
    <sink name="HeartbeatMonitor"/>
    <supply_initial_value_on_subscribe>true</supply_initial_value_on_subscribe>
  </component>  	
  
  <component name="MessageSubscriber" lazy="true" class_name="com.rbsfm.fi.pricing.ecn.pricefeed.mpf.unified.MessageSubscriber">
    <sink name="MessageCache"/>
    <stats>MPFStats</stats>
  </component>  	  
  
    <component lazy="true" name="IsMarketStatusOnPredicate" class_name="com.rbsfm.ficommon.mux.predicate.ConfigurableMessagePredicate">
    <predicate>
      <attribute name="marketStatus">
        <and>
          <notnull/>
          <equals>ON</equals>
        </and>
      </attribute>
    </predicate>
   </component>  

  <component lazy="true" name="IsEnabledPredicate" class_name="com.rbsfm.ficommon.mux.predicate.ConfigurableMessagePredicate">
    <predicate>
      <attribute name="isEnabled">
        <and>
          <notnull/>
          <equals>true</equals>
        </and>
      </attribute>
    </predicate>
  </component>

  <component lazy="true" name="IsBookOnPredicate" class_name="com.rbsfm.ficommon.mux.predicate.ConfigurableMessagePredicate">
    <predicate>
      <attribute name="enabledReason">
        <and>
          <notnull/>
          <not>
          <equals>Book not enabled</equals>
          </not>
        </and>
      </attribute>
    </predicate>
  </component>
  <!-- Manages logical connection to MPF, with line handler(s). -->
  
  <component name="BloombergMPFConnection" class_name="com.rbsfm.fi.pricing.ecn.pricefeed.mpf.unified.Connection">
    <hostnameResolver>HostnameResolver</hostnameResolver>
    <!-- global configs for behaviour -->
    <attempt_reconnect_interval>5000</attempt_reconnect_interval>
    <check_reply_timeout_interval>20000</check_reply_timeout_interval>
    <heartbeat_interval>60000</heartbeat_interval>
    <send_reset_interval>5000</send_reset_interval>
    
    <max_num_securities_per_packet>15</max_num_securities_per_packet>
    <max_packet_delay>120000</max_packet_delay>
    <max_packet_queue_size>28</max_packet_queue_size>
    <max_quote_queue_delay>500</max_quote_queue_delay>
    <max_ack_queue_size>14</max_ack_queue_size>
    
    <check_for_no_size_in_quote>false</check_for_no_size_in_quote>
    <check_for_no_yield_in_quote>false</check_for_no_yield_in_quote>
    <quote_handling_enabled>false</quote_handling_enabled>
    
    <!-- common setting across the instances -->
    <city_code>${city_code}</city_code>
    <bank_code>${bank_code}</bank_code>

    <!-- specify the line handlers -->
    <connection host_name="${BloombergMPFServerA}" />
    <connection host_name="${BloombergMPFServerB}" />
    
    <stats>MPFStats</stats>
  </component>

  <component name="MPFStats" class_name="com.rbsfm.fi.pricing.ecn.pricefeed.mpf.MPFStats">
    <log_buckets>1440</log_buckets>
    <log_bucket_period>60</log_bucket_period>
  </component>
      
  <!-- Checks MPF Connection status - closes connections to gateway if connection is down -->
  <component name="BBConnectionMonitor" class_name="com.rbsfm.fi.pricing.ecn.pricefeed.mpf.BBConnectionMonitor">
    <socketServerSink>SocketServerSink</socketServerSink>
	<connection>BloombergMPFConnection</connection>
	<connection_down_threshold_ms>60000</connection_down_threshold_ms>
	<poll_interval_ms>10000</poll_interval_ms>
  </component>

  
  <component name="ContributionProviderFilePoller" class_name="com.rbsfm.common.util.FilePoller">
    <pollingIntervalMs>30000</pollingIntervalMs>
    
<!-- Including file:/D:/cpnetbuild/builds/2009-Jul-13-14-44-52-mpfgateway2-1_0_1_localmkts/rbsfm/cpbuild/release/mpfgateway2-1_0_1_localmkts/rbsfm/cpbuild/config/templates/../includes/mpfgateway2/bonds_stamford.xml  -->

<poll filename = "${contribution_provider_dir}/LATAM.xml"/>
<poll filename = "${contribution_provider_dir}/LATAM-Close.xml"/> 

<!-- Included file:/D:/cpnetbuild/builds/2009-Jul-13-14-44-52-mpfgateway2-1_0_1_localmkts/rbsfm/cpbuild/release/mpfgateway2-1_0_1_localmkts/rbsfm/cpbuild/config/templates/../includes/mpfgateway2/bonds_stamford.xml  -->


  </component>
  
  <component name="ContributionManager" class_name="com.rbsfm.fi.pricing.ecn.pricefeed.mpf.unified.ContributionManager">
    <context>${monitor_context}</context>
    <connection>BloombergMPFConnection</connection>
    <filePoller>ContributionProviderFilePoller</filePoller>
  </component>
  
  <component lazy="true" name="FIConfig" class_name="com.rbsfm.fi.pricing.external.detail.FIConfig">
    <precision yield="${precision.yield}" point="${precision.point}" price="${precision.price}" spread="${precision.spread}" risk="${precision.risk}" duration="${precision.duration}" margin="${precision.margin}" accrual="${precision.accrual}"/>
    <tolerance bestprice="3"/>
    <rounding closingprice="0.00005"/>
    <jaxpDocFactoryClass>org.apache.xerces.jaxp.DocumentBuilderFactoryImpl</jaxpDocFactoryClass>
  </component>
</app>

