<?xml version="1.0" encoding="iso-8859-1"?>
<properties>
<!--

  MAAPI Configuration is acheived from the CodeWorks component com.rbsfm.fi.marketaxess.config.MAAPIInitialiser.

  THE ONLY CONFIGURATION IN THIS FILE SHOULD BE THE PHYSICAL LOCATION OF THE DTD DIRECTORY RELATIVE TO THE LOCATION OF THIS FILE
  (this due to the dreadful approach to configuration taken by MA)

  Please see the config for the CodeWorks server you are looking at.

  The following features are supported by MAAPIInitialiser (which is the complete set as at MAAPI 1.0.0 :

  Message...
                        <encryption/>
                        <msgprotocol/>
                        <messageversion/>

  Connection details...
                        <remoteip/>
                        <remoteport/>
                        <username/>
                        <password/>

  Buffers...
                        <receivebuffersize/>
                        <sendbuffersize/>

  Timing...
                        <readtimeout/>
                        <apiheartbeatinterval/>
                        <sessionmaxidletime/>

  Validation...
                        <inboundvalidation/>
                        <outboundvalidation/>
                        <dtdpathtype/>
                        <dtdpath/>

  Proxy connection...
                        <useproxy/>
                        <proxyhost/>
                        <proxyport/>
                        <proxyuser/>
                        <proxypwd/>

  Misc...
                        <statistics/>
                        <emailalertflag/>

-->

  <category name="maapi"> <!-- Ensures the hokey MA API reads the message version from the provided DTD -->
    <dtdpathtype>rel</dtdpathtype>
    <dtdpath>dtd/</dtdpath>
  </category>        	

</properties>