<messageMap>
	<incomingMessageAttributes typeField="State" idField="OrderSeqNo" lastTypeForConversation="Reconciliation"/>
	<outgoingMessageAttributes typeField="MESSAGETYPE" idField="brkConvId" lastTypeForConversation="ReconciliationAckNack"/>

	<logger name="incoming"/>
	<logger name="outgoing"/>
	<logger name="unknown_instrument" notificationName="Unknown Instrument"/>
	
	<!-- ==================================== INCOMING ================================================ -->
	<incoming>		
	
	    <hook class_name="com.rbsfm.fi.marketaxess.converter.MaSpreadInboundMessageTransforms">
	    	<!-- 
	    		This class will perform misc value translations on the following attributes:
	    		Competition: field is adjusted by -1
	    		OrderQty: if present, a default 1000x multiplier is applied
	    		BenchmarkSize: if present, a default 1000x multiplier is applied
	    	-->
	    	<config>
	    	</config>
	    </hook>

	    <!-- 
			Copy all fields in the SOURCE message (except those specified) 
			into the DESTINATION message with a MA_ prefix - this is for copying 
			back on way out. These field copy loops (there is a corresponding one
			in the outbound mappings) allow us to easily and transparently "pass
			thorough" values that the AutoQuoter will not need.
		
			REMEMBER that if fields are added as default values DIRECTLY into the 
			target (destination) object, they will NOT get picked up by this process
			and hence cannot be retrieved on the way back.
		-->
		<fieldLoop name="CopyBrokerFields" loopOver="sourceMessage">
			if fieldName not in ["TransTypeName", "Coupon", "MaturityDate", "SettlementDate", "LogInfo"]: destMessage["MA_"+fieldName] = sourceMessage[fieldName]
		</fieldLoop>
		
	    <fieldMap name="Common">
	    	<fieldLoopRef name="CopyBrokerFields"/>
			<mapField destField="brokerRef" value="MAS" type="string"/>
			<mapField destField="brkConvId" sourceField="OrderSeqNo" type="string"/>
			<mapField destField="tradeProtocol" value="SPREAD" type="string"/>
		</fieldMap>
		
		<valueMap name="BuySell">
			<value sourceValue="BUY" destValue="B"/>
			<value sourceValue="SELL" destValue="S"/>
		</valueMap>
		
		<!-- This value map flips things around for the cross leg -->
		<valueMap name="CrossBuySell">
			<value sourceValue="BUY" destValue="S"/>
			<value sourceValue="SELL" destValue="B"/>
		</valueMap>
		
		<fieldMap name="Memo">
			<mapField destField="memoText1" sourceField="ResponseNote" type="string" optional="true"/>			
			<mapField destField="memoText2" sourceField="LogInfo" type="string" optional="true"/>
		</fieldMap>
		
		<fieldMap name="BenchmarkDetails">
			<mapField destField="benchmark" sourceField="BenchmarkIsin" optional="true"/>
			<mapField destField="benchmarkIsin" sourceField="BenchmarkIsin" optional="true"/>
			<mapField destField="benchmarkTicker" sourceField="BenchmarkTicker" type="string" optional="true"/>
			<mapField destField="benchmarkCoupon" sourceField="BenchmarkCoupon" type="string" optional="true"/>
			<mapField destField="benchmarkMaturity" sourceField="BenchmarkMaturity" type="string" optional="true"/>
		</fieldMap>
		
		<fieldMap name="InquiryDetails">
			<mapField destField="convStartTime" sourceField="DateTime" type="datetime" optional="true"/> 
			<mapField destField="convTimeLimit" sourceField="SecondsTillExpiry" optional="true"/>			
			<mapField destField="noOfDealers" sourceField="Competition" type="integer"/>
		</fieldMap>
		
		<fieldMap name="CommonTradeDetails">
			<fieldMapRef name="Common"/>
			<fieldMapRef name="Memo"/>
			<fieldMapRef name="BenchmarkDetails"/>
			<mapField destField="account" sourceField="Account" type="string" optional="true"/>
			<mapField destField="counterPartyFirmName" sourceField="LongName" type="string"/>
      		<mapField destField="counterpartyId" sourceField="Account" type="string" optional="true"/>			
			<mapField destField="clientName" sourceField="Customer" type="string"/>
			<mapField destField="counterpartyTrader" sourceField="UserLogon" type="string"/>
			
			<!-- Used to route to the actual AutoQuoter via the AQRouter -->
			<mapField destField="instrumentRef" sourceField="Isin" type="string"/>		
			
			<mapField destField="swapType" sourceField="SwapType" optional="true"/>
			<mapField destField="adjustedSpread" sourceField="BondYieldSpread" optional="true"/>
			<mapField destField="Adjustment" sourceField="SpreadAdjustment" optional="true"/>
		</fieldMap>
		
		<fieldMap name="CashTradeDetails">
			<fieldMapRef name="CommonTradeDetails"/>						
			<mapField destField="settlementDate" sourceField="SettlementDate" type="date"/>
			<mapField destField="qty" sourceField="OrderQty" />			
			<mapField destField="maturityDate" sourceField="MaturityDate" type="date"/>
			<mapField destField="ticker" sourceField="Ticker" type="string"/>
			<mapField destField="coupon" sourceField="Coupon" type="string"/>
			<mapField destField="currency" sourceField="CurrencyCode" />
			<mapField destField="buySell" valueMap="BuySell" sourceField="Side" type="string"/>
			<mapField destField="tradeDate" sourceField="TradeDate" type="date" />
			<mapField destField="tradeType" value="OUTRIGHT" />
		</fieldMap>
		
		<fieldMap name="CrossTradeDetails">
			<fieldMapRef name="CommonTradeDetails"/>
			<mapField destField="crossbrokerRef" value="MAS" type="string"/>			
			<mapField destField="tradeType"  value="CROSS"/>
			<mapField destField="numberOfLegs" value="2" type="integer"/>			
			<mapField destField="buySell" valueMap="BuySell" sourceField="Side" type="string"/>
			<mapField destField="crossbuySell" valueMap="CrossBuySell" sourceField="Side" type="string"/>
			<mapField destField="settlementDate" sourceField="SettlementDate" type="date"/>
			<mapField destField="crosssettlementDate" sourceField="CrossSettlementDate" type="date"/>
			<mapField destField="qty" sourceField="OrderQty" />
			<if sourceFieldExists="CrossOrderQty">
				<mapField destField="crossqty" sourceField="CrossOrderQty"/>
			</if>
			<mapField destField="crossinstrumentRef" sourceField="BenchmarkIsin" type="string"/>
			<mapField destField="maturityDate" sourceField="MaturityDate" type="date"/>
			<mapField destField="crossmaturityDate" sourceField="BenchmarkMaturity" type="date"/>
			<mapField destField="ticker" sourceField="Ticker" type="string"/>
			<mapField destField="crossticker" sourceField="BenchmarkTicker" type="string"/>
			<mapField destField="coupon"       sourceField="Coupon" type="string"/>
			<mapField destField="crosscoupon" sourceField="BenchmarkCoupon" type="string"/>
			<mapField destField="currency" sourceField="CurrencyCode" />
			<mapField destField="crosscurrency" sourceField="CurrencyCode" />
			<mapField destField="PAYMENT_TYPE" sourceField="PaymentType" optional="true"/>
			<mapField destField="tradeDate" sourceField="TradeDate" type="date" />			
			<mapField destField="crossInstrument" sourceField="CrossInstrument" optional="true"/>
		</fieldMap>	
		
		<!-- ==================================== INCOMING DESTINATION MESSAGES ================================================ -->
		
        <!-- The initial Spread Inquiry -->
		<sourceMessage type="SUBMITTED">
			<destMessage type="InquiryMessage">
			    <if sourceFieldExists="CROSS_TRADE">
			    	<fieldMapRef name="CrossTradeDetails"/>
			    	<mapField destField="CROSS_TRADE" value="TRUE" type="string"/>
			    </if>
			    <else>
			    	<fieldMapRef name="CashTradeDetails"/>
			    </else>
			    
			    <fieldMapRef name="InquiryDetails"/>
			    <mapField destField="messageType" value="PriceRequestFill" /> 	
			    <mapField destField="TradePhase" value="HoldingBinActive" /> 	 
			</destMessage>
		</sourceMessage>

		<!-- Trade progress info to be shown on the AutoQuoter client -->
		<sourceMessage type="PENDING_IN_BIN">
		 	<destMessage type="InquiryResponseAckNack">
			     <fieldMapRef name="Common"/>
			        
			     <!-- Stops the ConversationFactory from thinking this is an error message -->
			     <mapField destField="isAck" value="true"/>	
			         
			     <!-- Used for status update descriptions -->
			     <mapField destField="memoText1" value="Quote has reached MarketAxess Holding Bin." type="string"/>
   
			     <!-- Used to route to the actual AutoQuoter via the AQRouter -->
				 <mapField destField="instrumentRef" sourceField="Isin" type="string"/>
				 <mapField destField="TradePhase" value="HoldingBinActive" />
				</destMessage>
		</sourceMessage>
		
		<!-- Trade progress info to be shown on the AutoQuoter client -->
		<sourceMessage type="LIVE">
		 	<destMessage type="InquiryResponseAckNack">
			     <fieldMapRef name="Common"/>
			        
			     <!-- Stops the ConversationFactory from thinking this is an error message -->
			     <mapField destField="isAck" value="true"/>	
			         
			     <!-- Used for status update descriptions -->
			     <mapField destField="memoText1" value="MarketAxess Holding Bin is live." type="string"/>
				    
			     <!-- Used to route to the actual AutoQuoter via the AQRouter -->
				 <mapField destField="instrumentRef" sourceField="Isin" type="string"/>
				 <mapField destField="TradePhase" value="HoldingBinLive" />
			</destMessage>
		</sourceMessage>
		
		<!-- Client Accepts Spread -->
		<sourceMessage type="TRADED">
		 	<destMessage type="InquiryResponseAckNack">
			     <fieldMapRef name="Common"/>
			        
			     <!-- Stops the ConversationFactory from thinking this is an error message -->
			     <mapField destField="isAck" value="true"/>	
			         
			     <!-- Used for status update descriptions -->
			     <mapField destField="memoText1" value="Client accepts spread."/>
				    
			     <!-- Used to route to the actual AutoQuoter via the AQRouter -->
				 <mapField destField="instrumentRef" sourceField="Isin" type="string"/>
				 <mapField destField="TradePhase" value="Traded" />
				</destMessage>
		</sourceMessage>
		
		<!-- Client Cancellation --> 
		<sourceMessage type="CLIENT_CXL">
			<destMessage type="ConvTermMessage">
		    	<fieldMapRef name="Common"/>
		        
		        <!-- Used for status update descriptions -->
		        <!-- Look in AQTerminationReason.java for this termination string -->
			    <mapField destField="terminationReason" value="CLIENT-CANCEL" type="string"/>
			    
		        <!-- Used to route to the actual AutoQuoter via the AQRouter -->
			    <mapField destField="instrumentRef" sourceField="Isin" type="string"/>
			    <mapField destField="TradePhase" value="ClientCxl" />
			</destMessage>
			<destMessage type="ReconciliationMessage">
				<fieldMapRef name="Common"/>
				<fieldMapRef name="Memo"/>
				
				<mapField destField="TradePhase" value="ClientCxl" />
				
				<!-- Used to route to the actual AutoQuoter via the AQRouter -->
				<mapField destField="instrumentRef" sourceField="Isin" type="string"/>
			</destMessage>
		</sourceMessage> 
		    
		<!-- Quote Withdrawn --> 
		<sourceMessage type="WITHDRAWN">
		 	<destMessage type="InquiryResponseAckNack">
			    <fieldMapRef name="Common"/>
			        
			    <!-- Stops the ConversationFactory from thinking this is an error message -->
			    <mapField destField="isAck" value="true"/>	
			         
			    <!-- Used for status update descriptions -->
			    <mapField destField="memoText1" value="Quote withdrawn/updated"/>
				    
			    <!-- Used to route to the actual AutoQuoter via the AQRouter -->
				<mapField destField="instrumentRef" sourceField="Isin" type="string"/>
				
				<mapField destField="TradePhase" value="Withdrawn" />
			</destMessage>
			<destMessage type="ReconciliationMessage">
				<fieldMapRef name="Common"/>
				<fieldMapRef name="Memo"/>
				
				<mapField destField="TradePhase" value="Withdrawn" />
				
				<!-- Used to route to the actual AutoQuoter via the AQRouter -->
				<mapField destField="instrumentRef" sourceField="Isin" type="string"/>
			</destMessage>
		</sourceMessage>
		
		<!-- Price Expired -->
		<sourceMessage type="EXP_PRICE">
			<destMessage type="ConvTermMessage">
		    	<fieldMapRef name="Common"/>
		        
		        <!-- Used for status update descriptions -->
		        <!-- Look in AQTerminationReason.java for this termination string -->
			    <mapField destField="terminationReason" value="TIMEOUT" type="string"/>
			    
		        <!-- Used to route to the actual AutoQuoter via the AQRouter -->
			    <mapField destField="instrumentRef" sourceField="Isin" type="string"/>
			    
			    <mapField destField="TradePhase" value="Expired" />
			</destMessage>
			<destMessage type="ReconciliationMessage">
				<fieldMapRef name="Common"/>
				<fieldMapRef name="Memo"/>
				
				<mapField destField="TradePhase" value="Expired" />
				
				<!-- Used to route to the actual AutoQuoter via the AQRouter -->
				<mapField destField="instrumentRef" sourceField="Isin" type="string"/>
			</destMessage>
		</sourceMessage>
		
		<!-- Also price expired -->
		<sourceMessage type="EXP_DNQ">
			<destMessage type="ConvTermMessage">
		    	<fieldMapRef name="Common"/>
		        
		        <!-- Used for status update descriptions -->
		        <!-- Look in AQTerminationReason.java for this termination string -->
			    <mapField destField="terminationReason" value="TIMEOUT" type="string"/>
			    
		        <!-- Used to route to the actual AutoQuoter via the AQRouter -->
			    <mapField destField="instrumentRef" sourceField="Isin" type="string"/>
			    
			    <mapField destField="TradePhase" value="Expired" />
			</destMessage>
			<destMessage type="ReconciliationMessage">
				<fieldMapRef name="Common"/>
				<fieldMapRef name="Memo"/>
				
				<mapField destField="TradePhase" value="Expired" />
				
				<!-- Used to route to the actual AutoQuoter via the AQRouter -->
				<mapField destField="instrumentRef" sourceField="Isin" type="string"/>
			</destMessage>
		</sourceMessage>
		
		<!-- RBS Cancels -->
		<sourceMessage type="YOU_CXL">
		    <destMessage type="InquiryResponseAckNack">
			     <fieldMapRef name="Common"/>
			        
			     <!-- Stops the ConversationFactory from thinking this is an error message -->
			     <mapField destField="isAck" value="true"/>	
			         
			     <!-- Used for status update descriptions -->
			     <mapField destField="memoText1" value="RBS withdraws quote." type="string"/>
				    
			     <!-- Used to route to the actual AutoQuoter via the AQRouter -->
				 <mapField destField="instrumentRef" sourceField="Isin" type="string"/>
				 <mapField destField="TradePhase" value="RBSCancels" />
			</destMessage>
			<destMessage type="ConvTermMessage">
		    	<fieldMapRef name="Common"/>
		        
		        <!-- Used for status update descriptions -->
		        <!-- Look in AQTerminationReason.java for this termination string -->
			    <mapField destField="terminationReason" value="TIMEOUT" type="string"/>
			    
		        <!-- Used to route to the actual AutoQuoter via the AQRouter -->
			    <mapField destField="instrumentRef" sourceField="Isin" type="string"/>
			    
			    <mapField destField="TradePhase" value="RBSCancels" />
			</destMessage>
			<destMessage type="ReconciliationMessage">
				<fieldMapRef name="Common"/>
				<fieldMapRef name="Memo"/>
				
				<mapField destField="TradePhase" value="RBSCancels" />
				
				<!-- Used to route to the actual AutoQuoter via the AQRouter -->
				<mapField destField="instrumentRef" sourceField="Isin" type="string"/>
			</destMessage>
		</sourceMessage>
		
		<!-- We Passed (this is the ack from MA) -->
		<sourceMessage type="PASSED">
			<destMessage type="ConvTermMessage">
		    	<fieldMapRef name="Common"/>
		        
		        <!-- Used for status update descriptions -->
		        <!-- Look in AQTerminationReason.java for this termination string -->
			    <mapField destField="terminationReason" value="TRADER_PASSED" type="string"/>
			    
		        <!-- Used to route to the actual AutoQuoter via the AQRouter -->
			    <mapField destField="instrumentRef" sourceField="Isin" type="string"/>
			    
			    <mapField destField="TradePhase" value="RBSPassed" />
			</destMessage>
			<destMessage type="ReconciliationMessage">
				<fieldMapRef name="Common"/>
				<fieldMapRef name="Memo"/>
				
				<mapField destField="TradePhase" value="RBSPassed" />
				
				<!-- Used to route to the actual AutoQuoter via the AQRouter -->
				<mapField destField="instrumentRef" sourceField="Isin" type="string"/>
			</destMessage>
		</sourceMessage>
		
		<!-- Pass in bin -->
		<sourceMessage type="CLIENT_PASSED">
			<destMessage type="ConvTermMessage">
		    	<fieldMapRef name="Common"/>
		        
		        <!-- Used for status update descriptions -->
		        <!-- Look in AQTerminationReason.java for this termination string -->
			    <mapField destField="terminationReason" value="TRADER_PASSED" type="string"/>
			    
		        <!-- Used to route to the actual AutoQuoter via the AQRouter -->
			    <mapField destField="instrumentRef" sourceField="Isin" type="string"/>
			    
			    <mapField destField="TradePhase" value="ClientPassed" />
			</destMessage>
			<destMessage type="ReconciliationMessage">
				<fieldMapRef name="Common"/>
				<fieldMapRef name="Memo"/>
				
				<mapField destField="TradePhase" value="ClientPassed" />
				
				<!-- Used to route to the actual AutoQuoter via the AQRouter -->
				<mapField destField="instrumentRef" sourceField="Isin" type="string"/>
			</destMessage>
		</sourceMessage>
		
		<sourceMessage type="PASSED_IN_BIN">
			<destMessage type="ConvTermMessage">
		    	<fieldMapRef name="Common"/>
		        
		        <!-- Used for status update descriptions -->
		        <!-- Look in AQTerminationReason.java for this termination string -->
			    <mapField destField="terminationReason" value="TRADER_PASSED" type="string"/>
			    
		        <!-- Used to route to the actual AutoQuoter via the AQRouter -->
			    <mapField destField="instrumentRef" sourceField="Isin" type="string"/>
			    
			    <mapField destField="TradePhase" value="RBSPassed" />
			</destMessage>
			<destMessage type="ReconciliationMessage">
				<fieldMapRef name="Common"/>
				<fieldMapRef name="Memo"/>
				
				<mapField destField="TradePhase" value="RBSPassed" />
				
				<!-- Used to route to the actual AutoQuoter via the AQRouter -->
				<mapField destField="instrumentRef" sourceField="Isin" type="string"/>
			</destMessage>
		</sourceMessage>
		
		 <!-- Request Benchmark Spot Price -->
		 <sourceMessage type="DONE_ASC">
		   <destMessage type="CorpBenchmarkInquiry">
		     <if sourceFieldExists="CROSS_TRADE">
			   <fieldMapRef name="CrossTradeDetails"/>
			   <mapField destField="CROSS_TRADE" value="TRUE" type="string"/>
			 </if>
			 <else>
			    <fieldMapRef name="CashTradeDetails"/>
			 </else>
			    
			 <fieldMapRef name="InquiryDetails"/>
			 <mapField destField="messageType" value="PriceRequestFill" /> 
			 
			 <mapField destField="TradePhase" value="DoneASC" />
		   </destMessage>
		 </sourceMessage>
		     
		 <!-- Benchmark Spot Price Counter -->
		 <sourceMessage type="COUNTER">
			<destMessage type="OrderCounterAckNack">
			    <fieldMapRef name="Common"/>
			
				<mapField destField="priceRequested" sourceField="SpotPrice" /> 

				<!-- Used to route to the actual AutoQuoter via the AQRouter -->
			    <mapField destField="instrumentRef" sourceField="Isin" type="string"/>
			    
			    <mapField destField="TradePhase" value="ClientCounters" />
			</destMessage>
		</sourceMessage>
		 
		 <!-- Done Phone Spot -->
		<sourceMessage type="DONE_PHONE_SPOT">
			<destMessage type="ProgressTradeByPhone">
			    <if sourceFieldExists="CROSS_TRADE">
			    	<fieldMapRef name="CrossTradeDetails"/>
			    	<mapField destField="CROSS_TRADE" value="TRUE" type="string"/>
			    </if>
			    <else>
			    	<fieldMapRef name="CashTradeDetails"/>
			    </else>
			    
			    <fieldMapRef name="InquiryDetails"/>
			    <mapField destField="messageType" value="PriceRequestFill" /> 
			    <mapField destField="TradePhase" value="DonePhoneSpot" />
			</destMessage>
		</sourceMessage>
		
		 <!-- Request Final Corp Price -->
		 <sourceMessage type="DONE_APC">
		 	<destMessage type="CorpSpreadFinalPriceInq">
		     	<if sourceFieldExists="CROSS_TRADE">
			   		<fieldMapRef name="CrossTradeDetails"/>
			   		<mapField destField="CROSS_TRADE" value="TRUE" type="string"/>
			 	</if>
			 	<else>
			    	<fieldMapRef name="CashTradeDetails"/>
			 	</else>
			    
			    <fieldMapRef name="InquiryDetails"/>
			    <mapField destField="messageType" value="PriceRequestFill" /> 
			    
			    <mapField destField="TradePhase" value="DoneAPC" />
		  	</destMessage>
		</sourceMessage>
		          
		<!-- Trade is DONE -->
		<sourceMessage type="DONE">
			<destMessage type="InquiryResponseAckNack">
			     <fieldMapRef name="Common"/>
			        
			     <!-- Stops the ConversationFactory from thinking this is an error message -->
			     <mapField destField="isAck" value="true"/>	
			         
			     <!-- Used for status update descriptions -->
			     <mapField destField="memoText1" value="Spread Trade Complete" type="string"/>
				    
			     <!-- Used to route to the actual AutoQuoter via the AQRouter -->
				 <mapField destField="instrumentRef" sourceField="Isin" type="string"/>
				 
				 <mapField destField="TradePhase" value="Done" />
			</destMessage>
			<destMessage type="ReconciliationMessage">
				<fieldMapRef name="Common"/>
				<fieldMapRef name="Memo"/>
				
				<mapField destField="TradePhase" value="Done" />
				
				<!-- Used to route to the actual AutoQuoter via the AQRouter -->
				<mapField destField="instrumentRef" sourceField="Isin" type="string"/>
			</destMessage>
		</sourceMessage>
		
	</incoming>

	<!-- ==================================== OUTGOING ================================================ -->

	<outgoing>
		<hook class_name="com.rbsfm.fi.marketaxess.converter.MaOutgoingTransforms">
			<config>				
				<sizes defaultMultiplier="0.001">
					<sourceField name="qty"/>
					<include keyField="MESSAGETYPE">
						<message name="InquiryMessage"/>
						<message name="InquiryResponseMessage"/>
						<message name="InquiryRejectMessage"/>
					</include>
				</sizes>
				<competition adjustBy="1" field="noOfDealers"/>	
				<dates defaultDateFormat="yyyy-MM-dd" defaultDateTimeFormat="yyyy-MM-dd HH:mm:ss.SSS">
					<date name="maturityDate"/>
					<date name="settlementDate"/>
					<date name="benchmarkMaturity"/>
					<include keyField="MESSAGETYPE">
						<message name="InquiryMessage"/>
						<message name="InquiryResponseMessage"/>
						<message name="InquiryRejectMessage"/>
					</include>
				</dates>
			</config>
		</hook>   
		
		<!--
			Copy all MA_ prefixed fields back into outgoing message, ommitting the MA_ prefix
		-->
		<fieldLoop name="CopyBrokerFields" loopOver="sourceMessage">
			if fieldName.startswith("MA_"): destMessage[fieldName[3:]] = sourceMessage[fieldName]
		</fieldLoop>
		
		<!--
			Copy all benchmark fields back into outgoing message
		-->
		<fieldLoop name="CopyBenchmarkFields" loopOver="sourceMessage">
			if fieldName.startswith("benchmark"): destMessage[fieldName] = sourceMessage[fieldName]
		</fieldLoop>
		
		<valueMap name="TransactionSide">
			<value sourceValue="B" destValue="BID"/>
			<value sourceValue="S" destValue="OFFER"/>
		</valueMap>
		
		<valueMap name="CrossQuantityType">
			<value sourceValue="DUR-R" destValue="DURATION-WEIGHTED"/>
			<value sourceValue="PAR" destValue="PAR-FOR-PAR"/>
			<value sourceValue="CLT" destValue="CLIENT-AMOUNT"/>
			<value sourceValue="PRO-R" destValue="PROCEEDS"/>
		</valueMap>
	
		<fieldMap name="CommonQuoteDetails">
			<if sourceFieldExists="TradePhase">
		    	<mapField destField="TradePhase" sourceField="TradePhase"/>
		    </if>
		    <if sourceFieldExists="messageType">
		    	<mapField destField="messageType" sourceField="messageType"/>
		    </if>
		    <fieldLoopRef name="CopyBrokerFields"/>									
			<fieldLoopRef name="CopyBenchmarkFields"/>
		    <mapField destField="Protocol" value="EUSPREAD" type="string"/>
			<mapField destField="RefreshRequested" sourceField="priceRequested" optional="true"/>
			<mapField destField="Timer" sourceField="validTime" type="integer"/>					
			<mapField destField="LastTrader" sourceField="rbosTrader" type="string"/>
			<mapField destField="Isin" sourceField="instrumentRef" type="string"/>
			<mapField destField="Ticker" sourceField="ticker" type="string"/>
			<mapField destField="CurrencyCode" sourceField="currency" type="string"/>
			<mapField destField="UserLogon" sourceField="counterpartyTrader" type="string"/>
			<mapField destField="LongName" sourceField="counterPartyFirmName" type="string"/>			
			<mapField destField="Account" sourceField="account" type="string" optional="true"/>			
			<mapField destField="Customer" sourceField="clientName" type="string"/>
			<mapField destField="OrderQty" sourceField="qty" />
			<mapField destField="Price" sourceField="indicativePrice" type="double"/>
			<mapField destField="Yield" sourceField="indicativeYield" type="double"/>			
			<mapField destField="Coupon" sourceField="coupon" type="double"/>
			<mapField destField="Principal" sourceField="principal" optional="true"/>
			<mapField destField="Accrued" sourceField="accrued" optional="true"/>
			<mapField destField="NetAmount" sourceField="netAmount" optional="true"/>
			<mapField destField="MaturityDate" sourceField="maturityDate" type="date"/>
			<mapField destField="SettlementDate" sourceField="settlementDate" type="date"/>
			<if sourceFieldExists="benchmark">
				<if sourceField="benchmark" value="FRN">							
					<mapField destField="BenchmarkId" sourceField="FRN_INDEX" optional="true"/>
					<mapField destField="QuoteSpread" sourceField="indicativeYield" type="double"/>
				</if>
				<else>
					<mapField destField="BenchmarkId" sourceField="benchmark"/>
					<mapField destField="QuoteSpread" sourceField="indicativeYieldSpread" type="double"/>
				</else>
			</if>
			<else>
				<mapField destField="QuoteSpread" sourceField="indicativeYieldSpread" type="double"/>
			</else>
			<if sourceFieldExists="Side">
				<mapField destField="TransactionSide" sourceField="Side" type="string"/>				
			</if>
			<else>
				<mapField destField="TransactionSide" valueMap="TransactionSide" sourceField="buySell" type="string"/>
			</else>
			<if sourceFieldExists="PaymentType">
				<mapField destField="PaymentType" sourceField="PaymentType" type="string"/>
			</if>
			<else>
				<mapField destField="PaymentType" sourceField="PAYMENT_TYPE" type="string" optional="true"/>
			</else>			
		</fieldMap>
			
		<fieldMap name="OutrightQuoteDetails">			
			<fieldMapRef name="CommonQuoteDetails"/>
			<if sourceFieldExists="benchmarkPrice">
				<mapField destField="CrossPrice" sourceField="benchmarkPrice" type="double"/>
			</if>			
			<if sourceFieldExists="benchmarkYield">
				<mapField destField="CrossYield" sourceField="benchmarkYield" type="double"/>
			</if>
		</fieldMap>
				
		<fieldMap name="CrossQuoteDetails">
			<fieldMapRef name="CommonQuoteDetails"/>				
		</fieldMap>				
				
		<fieldMap name="QuoteDetails">		
			<if sourceFieldExists="tradeType">
				<if sourceField="tradeType" value="OUTRIGHT">
					<fieldMapRef name="OutrightQuoteDetails"/>
				</if>			
				<elseif sourceField="tradeType" value="CROSS">
					<fieldMapRef name="CrossQuoteDetails"/>
				</elseif>
				<else>
					<log name="error" message="failed to map trade details as unknown tradeType[${sourceMessage.tradeType}]"/>
				</else>
			</if>			
			<else>
				<!-- 
					We arrive here if we last received a WireTimeExpire Message and the trader sent a non-requested 
					Price Refresh but may as well handle all cases.
					For crosses we don't get all the attributes we would normally get
				-->
				<if sourceFieldExists="crossindicativePrice">
					<fieldMapRef name="CrossQuoteDetails"/>
					<mapField destField="tradeType" value="CROSS" type="string"/>
				</if>
				<else>
					<fieldMapRef name="OutrightQuoteDetails"/>
					<mapField destField="tradeType" value="OUTRIGHT" type="string"/>
				</else>
			</else>
		</fieldMap>						
		
		<!-- The Outgoing Types -->
		<!-- Includes the type returned for a InquiryMessage (initial RFQ and final Corp price inquiry) 
				or CorpBenchmarkInquiryMessage incoming message -->
		<sourceMessage type="InquiryResponseMessage">	
			<!-- If we are responding to a price tick action then we need to 
				 pull the current value out of the holding bin -->
			<if sourceField="PRICETICK" value="TRUE">
				<destMessage type="InquiryRejection">
				   <fieldMapRef name="CommonQuoteDetails"/>		
				   <mapField destField="messageType" value="InquiryWithdrawal" type="string"/>	
				   <mapField destField="PRICETICK" sourceField="PRICETICK" type="string" optional="true"/> 
				</destMessage>				
			</if>					
			<destMessage type="PriceRequestFill">
				<fieldMapRef name="QuoteDetails"/>										
				<if sourceFieldExists="priceRequested">
					<if sourceField="priceRequested" value="true">
						<mapField destField="MessageResponseId" value="3" type="integer"/>
						<mapField destField="TradingMessageDescription" value="PRICE" type="string"/>
					</if>						
					<else>
						<mapField destField="MessageResponseId" value="4" type="integer"/>
						<mapField destField="TradingMessageDescription" value="PRICE-REFRESH" type="string"/>
					</else>
				</if>
				<else>
					<mapField destField="MessageResponseId" value="3" type="integer"/>
					<mapField destField="TradingMessageDescription" value="PRICE" type="string"/>						
				</else>
				
				<!-- set in CorpSpreadConversationFactory.syncAnyOutgoingMessage() -->
				<!-- Used for initial spread quote -->
				<mapField destField="QuoteSpread" sourceField="sprd" type="double" optional="true"/>
				
				<!-- Used for DONE ASC phase -->
				<mapField destField="BenchmarkPrice" sourceField="benchmarkPrice" type="double" optional="true"/>
				
				<!-- Used for DONE APC phase -->
				<mapField destField="Price" sourceField="indicativePrice" type="double" optional="true"/>
				
				<!-- Used when updating/withdrawing a price from MA -->
				<mapField destField="PRICETICK" sourceField="PRICETICK" type="string" optional="true"/> 
			</destMessage>			
		</sourceMessage>
		
		<sourceMessage type="ReconciliationAckNack">
		  <log name="info" message=" Ignoring ReconciliationAckNack - not mapped for MA"/>		  
		</sourceMessage>
	
		<sourceMessage type="InquiryAckNack">		
		  <log name="info" message="Ignoring InquiryAckNack - not mapped for MA"/>
		</sourceMessage>

		<sourceMessage type="WiretimeExpireAckNack">
		  <log name="info" message="Ignoring WiretimeExpireAckNack - not mapped for MA"/>
		</sourceMessage>
		
		<sourceMessage type="CustAccExpAckNack">
		  <log name="error" message="Unexpected message CustAccExpAckNack"/>		  
		</sourceMessage>
		
		<sourceMessage type="CustAcceptAckNack">			
			<log name="info" message="Ignoring CustAcceptAckNack - not mapped for MA"/>
		</sourceMessage>

		<sourceMessage type="ConvTermAckNack">		  
		  <log name="info" message="Ignoring ConvTermAckNack - not mapped for MA"/>
		</sourceMessage>		
				
		<sourceMessage type="InquiryTermMessage">		  
			<destMessage type="InquiryTermination">
			    <fieldLoopRef name="CopyBrokerFields"/>
				<mapField destField="OrderSeqNo" sourceField="brkConvId" type="string"/>
				<mapField destField="MessageResponseId" value="6"/>
				<mapField destField="TradingMessageDescription" value="DLR-PASS"/>
				<mapField destField="ResponseNote" sourceField="rejectionReason" type="string" optional="true"/>
				<mapField destField="LastTrader" sourceField="rbosTrader" optional="true"/>
				<mapField destField="messageType" value="InquiryTermination"/>
			</destMessage>					  
		</sourceMessage>

		<sourceMessage type="InquiryAcceptMessage">		  
			<log name="error" message="Unexpected message InquiryAcceptMessage - ignored"/>
		</sourceMessage>

		<sourceMessage type="InquiryRejectMessage">		
		        <!-- Auto-rejections should now get routed from the DefaultHandler but kept just in case -->
			<if sourceField="rejectionReason" value="unhandled">
				<destMessage type="InquiryRejection">
				    <fieldLoopRef name="CopyBrokerFields"/>
					<mapField destField="OrderSeqNo" sourceField="brkConvId" type="string"/>
					<mapField destField="MessageResponseId" value="19"/>
					<mapField destField="TradingMessageDescription" value="GO-TO-MA"/>
					<mapField destField="ResponseNote" sourceField="rejectionReason" type="string" optional="true"/>
					<mapField destField="LastTrader" sourceField="rbosTrader"/>
				</destMessage>				
			</if>
			<else>
				<destMessage type="InquiryRejection">
				    <fieldLoopRef name="CopyBrokerFields"/>
					<mapField destField="OrderSeqNo" sourceField="brkConvId" type="string"/>
					<mapField destField="MessageResponseId" value="6"/>
					<mapField destField="TradingMessageDescription" value="DLR-PASS"/>
					<mapField destField="ResponseNote" sourceField="rejectionReason" type="string" optional="true"/>
					<mapField destField="LastTrader" sourceField="rbosTrader"/>
				</destMessage>			
			</else>		
		</sourceMessage>

		<!-- ======== TODO: Messages not originating from the autoquoter ============== -->		

		<!-- Inquiries for which there is no subscription -->
		<sourceMessage type="InquiryMessage">			
			<log name="unknown_instrument" message="Received inquiry for unsubscribed instrument ${sourceMessage.instrumentRef}: sending notification to defer to Ma Viewer"/>
  			<destMessage type="InquiryRejection">
  			    <fieldLoopRef name="CopyBrokerFields"/>
				<mapField destField="OrderSeqNo" sourceField="brkConvId" type="string"/>
				<mapField destField="MessageResponseId" value="19"/>
				<mapField destField="TradingMessageDescription" value="GO-TO-MA"/>
				<mapField destField="ResponseNote" value="unhandled" type="string"/>
				<mapField destField="LastTrader" sourceField="rbosTrader"/>
			</destMessage>				
		</sourceMessage>		
		
		<sourceMessage type="ConvTermMessage">
			<log name="info" message="Ignoring unhandled ConvTermMessage - not mapped for MA"/>
		</sourceMessage>		

	</outgoing>
	
</messageMap>
