<messageMap>
	<incomingMessageAttributes typeField="TransTypeName" idField="OrderSeqNo" lastTypeForConversation="Reconciliation"/>
	<outgoingMessageAttributes typeField="MESSAGETYPE" idField="brkConvId" lastTypeForConversation="ReconciliationAckNack"/>

	<logger name="incoming"/>
	<logger name="outgoing"/>
	<logger name="unknown_instrument" notificationName="Unknown Instrument"/>
	

	<incoming>		
		<hook class_name="com.rbsfm.fi.marketaxess.converter.MaMessageClassifier">
			<config>
				<messages idField="TradingMessageId" typeField="TransTypeName">
					<message id="1" name="InquiryNotification" type="PriceRequest"/>
					<message id="2" name="InquiryRefreshRequest" type="PriceRequestRefresh"/>
					<message id="3" name="DealerPriceResponse" type="PriceRequestFill"/>
					<message id="4" name="DealerOwnPriceRefresh" type="PriceRequestFill"/>
					<message id="5" name="DealerPriceCancel" type="DealerPriceCancel"/>
					<message id="6" name="DealerInquiryPass" type="DealerInquiryPass"/>
					<message id="7" name="ClientInquiryCancel" type="InquiryFinished"/>
					<message id="8" name="InquiryOverallTimeOut" type="Expiration"/>
					<message id="9" name="DealerFailNotification" type="InquiryFinished"/>
					<message id="10" name="DealerPriceGoesSubject" type="WiretimeExpire"/>
					<message id="11" name="DealerDidNotTradeAndWasCover" type="PassTradedAwayCovered"/>
					<message id="12" name="DealerDidNotTradeButWasNotCoverOrNoPrice" type="PassTradedAwayCovered"/>
					<message id="13" name="ClientAcceptsDealerPrice" type="CustomerAccept"/>
					<message id="14" name="MessageACK" type="SystemMessageAck"/>
					<message id="15" name="MessageNACK" type="SystemMessageNack"/>
					<message id="18" name="APITradingSessionStatus" type="ApiTradingSessionStatus"/>
					<message id="19" name="DealerDefersInquiryToViewer" type="DealerDefersInquiryToViewer"/>
					<message id="25" name="ListInquiryPending" type="PriceRequest"/>
					<message id="26" name="ListInquiryLive" type="PriceRequest"/>
					<message id="28" name="DealerDidNotQuote" type="InquiryFinished"/>
					<message id="29" name="ClientPasses" type="PassTradedAwayCovered"/>
					<message id="30" name="InquiryFinishedTraderCancel" type="InquiryFinished"/>
					<message id="31" name="InquiryFinishedTraderPassed" type="InquiryFinished"/>
					<message id="32" name="AxeAdd" type="AxeAdd"/>
					<message id="33" name="AxeDelete" type="AxeDelete"/>
					<message id="101" name="Execution" type="MaExecution"/>	  	
				</messages>	  	
				<switchConfig class_name="com.rbsfm.fi.pricing.ecn.gateway.converter.SwitchClassifier">
					<parameters>
						<in securityId1="InstrumentId1" securityId2="InstrumentId2"/>
							<out 
								securityType1="SecurityType1" 
								securityType2="SecurityType2"
								securitySrc1="SecuritySrc1"
								securitySrc2="SecuritySrc2" 
								targetType="DestType" 
								crossInstrument="CrossInstrument"/>
						</parameters>
						<sourceForInterest>AQRouter</sourceForInterest>
					<sourceIntrumentTypePatterns>
						<source pattern=".*corp.*"  type="CORP"/>
						<source pattern=".*supra.*" type="SUPRA"/>
						<source pattern=".*inflation.*" type="INFLATION"/>
						<source pattern=".*eurogov.*" type="GOVIE"/>
						<source pattern=".*gilts.*" type="GOVIE"/>
						<source pattern=".*emg.*" type="EMG"/>
					</sourceIntrumentTypePatterns>
					<!-- For categories we have anuber of special cases.  
					UNKNOWN where we cant classify it  - should probably be called UNCLASSIFIED
					UNKNWON in the corporates sense where we have a autoquoter that is supposed to handle unknown instruments
					UNKNOWN where we should actually be rejecting the trade 
					REJECT where we no from the category combinations that we should automatically reject the trade.

					-->
					<!-- figure out a way of auto rejecting crap that we don't want. -->
						<dealTypes>
							<dealType instrumentType1="UNCLASSIFIED" 	instrumentType2="UNCLASSIFIED" target="UNKNOWN">
								<attribute name="tradeType"   value="SWITCH" type="string"/>
								<attribute name="switchType" value="CVC"    type="string"/>
							</dealType>
							<dealType instrumentType1="CORP"      instrumentType2="CORP"      target="CORP">
								<attribute name="tradeType"   value="SWITCH" type="string"/>
								<attribute name="switchType" value="CVC"    type="string"/>
							</dealType>
							<dealType instrumentType1="SUPRA"     instrumentType2="SUPRA"     target="SUPRA">
								<attribute name="tradeType"   value="SWITCH" type="string"/>
								<attribute name="switchType" value="CVC"    type="string"/>
							</dealType>
							<dealType instrumentType1="INFLATION" instrumentType2="INFLATION" target="INFLATION">
								<attribute name="tradeType"   value="SWITCH" type="string"/>
								<attribute name="switchType" value="GVG"    type="string"/>
							</dealType>
							<dealType instrumentType1="GOVIE"     instrumentType2="GOVIE"     target="GOVIE">
								<attribute name="tradeType"   value="SWITCH" type="string"/>
								<attribute name="switchType" value="GVG"    type="string"/>
							</dealType>
							<dealType instrumentType1="EMG"       instrumentType2="EMG"       target="EMG">
								<attribute name="tradeType"   value="SWITCH" type="string"/>
								<attribute name="switchType" value="GVG"    type="string"/>
							</dealType>
							<dealType instrumentType1="CORP"      instrumentType2="SUPRA"     target="CORP">
								<attribute name="tradeType"   value="CROSS"  type="string"/>
								<attribute name="switchType" value="CVG"    type="string"/>
							</dealType>
							<dealType instrumentType1="CORP"      instrumentType2="INFLATION" target="CORP">
								<attribute name="tradeType"   value="CROSS"  type="string"/>
								<attribute name="switchType" value="CVG"    type="string"/>
							</dealType>
							<dealType instrumentType1="CORP"      instrumentType2="EMG"       target="CORP">
								<attribute name="tradeType"   value="CROSS"  type="string"/>
								<attribute name="switchType" value="CVG"    type="string"/>
							</dealType>
							<dealType instrumentType1="CORP"      instrumentType2="GOVIE"     target="CORP">
								<attribute name="tradeType"   value="CROSS"  type="string"/>
								<attribute name="switchType" value="CVG"    type="string"/>
							</dealType>
							<dealType instrumentType1="CORP"      instrumentType2="UNCLASSIFIED"     target="CORP">
								<attribute name="tradeType"   value="CROSS"  type="string"/>
								<attribute name="switchType" value="CVG"    type="string"/>
							</dealType>
							<dealType instrumentType1="SUPRA"     instrumentType2="INFLATION" target="SUPRA">
								<attribute name="tradeType"   value="CROSS"  type="string"/>
								<attribute name="switchType" value="CVG"    type="string"/>
							</dealType>
							<dealType instrumentType1="SUPRA"     instrumentType2="UNCLASSIFIED" target="SUPRA">
								<attribute name="tradeType"   value="CROSS"  type="string"/>
								<attribute name="switchType" value="CVG"    type="string"/>
							</dealType>
							<dealType instrumentType1="SUPRA"     instrumentType2="EMG"       target="EMG">
								<attribute name="tradeType"   value="CROSS"  type="string"/>
								<attribute name="switchType" value="CVG"    type="string"/>
							</dealType>
							<dealType instrumentType1="SUPRA"     instrumentType2="GOVIE"	target="SUPRA">
								<attribute name="tradeType"   value="CROSS"  type="string"/>
								<attribute name="switchType" value="CVG"    type="string"/>
							</dealType>
							<dealType instrumentType1="INFLATION" instrumentType2="EMG"       target="EMG">
								<attribute name="tradeType"   value="CROSS"  type="string"/>
								<attribute name="switchType" value="CVG"    type="string"/>
							</dealType>
							<dealType instrumentType1="INFLATION" instrumentType2="GOVIE"     target="INFLATION">
								<attribute name="tradeType"   value="CROSS"  type="string"/>
								<attribute name="switchType" value="GVG"    type="string"/>
							</dealType>
							<dealType instrumentType1="INFLATION" instrumentType2="UNCLASSIFIED"     target="REJECT">
								<attribute name="tradeType"   value="CROSS"  type="string"/>
								<attribute name="switchType" value="GVG"    type="string"/>
							</dealType>
							<dealType instrumentType1="GOVIE"     instrumentType2="UNCLASSIFIED"     target="REJECT">
								<attribute name="tradeType"   value="SWITCH" type="string"/>
								<attribute name="switchType" value="GVG"    type="string"/>
							</dealType>
						</dealTypes>  	
						<include>
							<message name="PriceRequest"/>						
							<message name="PriceRequestRefresh"/>
							<message name="CustomerAccept"/>
						</include>
				</switchConfig>			
			</config>
	  	</hook>
	  	<hook class_name="com.rbsfm.fi.marketaxess.converter.MaIncomingTransforms">
		<config>
			<responseNote>
				<coverStr>Cover:</coverStr>
				<remarkStr>Remark</remarkStr>
			</responseNote>
			<sizes defaultMultiplier="1000">
				<sourceField name="OrderQty"/>				
				<sourceField name="BenchmarkSize"/>				
				<include keyField="TransTypeName">
					<message name="PriceRequest"/>
					<message name="PriceRequestRefresh"/>
					<message name="CustomerAccept"/>
				</include>
			</sizes>
			<competition adjustBy="-1" field="Competition"/>
			<fieldMapping>
				<!-- We always treat the fee-adjusted price (i.e. the returned bond price, as the gross price. -->
				<sourceField name="BondPrice" dest="GrossPrice"/>
				<sourceField name="BondGrossPrice" dest="Price"/>
				<sourceField name="BondYield" dest="GrossYield"/>
				<sourceField name="BondGrossYield" dest="Yield"/>
				<sourceField name="BondYieldSpread" dest="GrossYieldSpread"/>
				<sourceField name="BondGrossYieldSpread" dest="YieldSpread"/>
				<include keyField="TransTypeName">
					<message name="PriceRequest"/>
					<message name="PriceRequestRefresh"/>
					<message name="CustomerAccept"/>
				</include>
			</fieldMapping>
		</config>
		</hook>
		<hook class_name="com.rbsfm.fi.marketaxess.converter.MaEndStateClassifier">
		<config>			
			<keyField>TradingMessageId</keyField>
			<resultField>EndStatus</resultField>
			<genericMapping>
				<message key="7" value="InqCancel"/>
				<message key="8" value="InqTimeout"/>
				<message key="9" value="DealerFail"/>				
				<message key="12" value="DealerNoCoverOrPrice"/>
				<message key="13" value="ClientAccept"/>
				<message key="30" value="InqFinDealerCancel"/>
				<message key="31" value="InqFinDealerPass"/>
			</genericMapping>
			<specialCases>
				<message key="11" default="DealerCover">
					<case result="DealerCoverTied">
						<cond match="true" pattern=".*traded away.*" field="LogInfo"/>
						<cond match="true" pattern=".*tied for cover.*" field="LogInfo"/>
					</case>
					<case result="DealerCoverTiedBest">
						<cond match="true" pattern=".*traded away.*" field="LogInfo"/>
						<cond match="true" pattern=".*tied for best.*" field="LogInfo"/>
					</case>
				</message>
				<message key="28" default="DealerNoQuote">
					<case result="DealerCancel">					
						<cond match="true" pattern=".*cancels.*" field="LogInfo"/>
					</case>				
				</message>
			</specialCases>
		</config>
		</hook>

		

		
		<!-- ============================ Value Maps ============================ -->	
		<valueMap name="BuySell">
			<value sourceValue="BID" destValue="B"/>
			<value sourceValue="OFFER" destValue="S"/>
		</valueMap>
		
		<valueMap name="SwitchBuySell">
			<value sourceValue="BID" destValue="S"/>
			<value sourceValue="OFFER" destValue="B"/>
		</valueMap>		
		
		<valueMap name="SwitchQuantityType">
			<value sourceValue="DURATION-WEIGHTED" destValue="DUR-R"/>
			<value sourceValue="PAR-FOR-PAR" destValue="PAR"/>
			<value sourceValue="CLIENT-AMOUNT" destValue="CLT"/>
			<value sourceValue="PROCEEDS" destValue="PRO-R"/>
		</valueMap>

		<valueMap name="FinalTradeState">			
			<value sourceValue="InqCancel" destValue="REJECTED"/>
			<value sourceValue="InqTimeout" destValue="TIMEOUT"/>			
			<value sourceValue="DealerFail" destValue="PASSED"/>
			<value sourceValue="DealerCoverTied" destValue="COVER_TIED"/>
			<value sourceValue="DealerCover" destValue="COVERED"/>						
			<value sourceValue="DealerNoCoverOrPrice" destValue="TRADED_AWAY"/>
			<value sourceValue="ClientAccept" destValue="ACCEPTED"/>
			<value sourceValue="DealerNoQuote" destValue="TIMEOUT"/>
			<value sourceValue="DealerCancel" destValue="PASSED"/>
			<value sourceValue="DealerCoverTiedBest" destValue="TIED_TRADED_AWAY"/>
			<value sourceValue="ClientPass" destValue="PASSED"/>			
			<value sourceValue="InqFinDealerCancel" destValue="REJECTED"/>
			<value sourceValue="InqFinDealerPass" destValue="REJECTED"/>
		</valueMap>

		<valueMap name="TerminationReason">						
			<value sourceValue="InqCancel" destValue="PASSED"/>
			<value sourceValue="InqTimeout" destValue="TIMEOUT"/>
			<value sourceValue="DealerFail" destValue="PASSED"/>
			<value sourceValue="DealerCoverTied" destValue="COVERED"/>
			<value sourceValue="DealerCover" destValue="COVERED"/>									
			<value sourceValue="DealerNoCoverOrPrice" destValue="TRADED_AWAY"/>
			<value sourceValue="DealerNoQuote" destValue="TIMEOUT"/>			
			<value sourceValue="DealerCancel" destValue="PASSED"/>			
			<value sourceValue="DealerCoverTiedBest" destValue="TIED_TRADED_AWAY"/>
			<value sourceValue="ClientPass" destValue="PASSED"/>						
			<value sourceValue="InqFinDealerCancel" destValue="TRADER_CANCELLED"/>
			<value sourceValue="InqFinDealerPass" destValue="TRADER_PASSED"/>						
		</valueMap>
		
		<valueMap name="ListStatus">
			<value sourceValue="25" destValue="P"/>
			<value sourceValue="26" destValue="A"/>
		</valueMap>
								
	
		<!-- ==================================================================== -->
		<!-- 
			Copy all fields in MA message (except those specified) 
			into destination with a MA_ prefix - this is for copying 
			back on way out. 
		-->
		<fieldLoop name="CopyBrokerFields" loopOver="sourceMessage">
			if fieldName not in ["TransTypeName", "Coupon", "MaturityDate", "SettlementDate", "LogInfo"]: destMessage["MA_"+fieldName] = sourceMessage[fieldName]
		</fieldLoop>

		<!-- ==================================================================== -->
		
		
		<!-- ============================ Field Maps ============================ -->        				

		<fieldMap name="Common">
			<fieldLoopRef name="CopyBrokerFields"/>
			<mapField destField="brokerRef" value="MA" type="string"/>
			<mapField destField="brkConvId" sourceField="OrderSeqNo" type="string"/>
			<mapField destField="IncomingType" sourceField="TransTypeName" type="string"/>			
		</fieldMap>
		
		<fieldMap name="Memo">
			<mapField destField="memoText1" sourceField="ResponseNote" type="string" optional="true"/>			
			<mapField destField="memoText2" sourceField="LogInfo" type="string" optional="true"/>
		</fieldMap>
		
		<fieldMap name="DealerQuoteDetails">
			<mapField destField="grossPrice" sourceField="GrossPrice" optional="true"/>
			<mapField destField="indicativePrice" sourceField="Price"/>
			<mapField destField="indicativeYield" sourceField="Yield" optional="true"/>
			<mapField destField="indicativeYieldSpread" sourceField="YieldSpread" optional="true"/>				
		</fieldMap>

		<fieldMap name="InquiryDetails">
			<mapField destField="convStartTime" sourceField="DateTime" type="datetime" optional="true"/> 
			<mapField destField="convTimeLimit" sourceField="SecondsTillExpiry" optional="true"/>			
			<mapField destField="noOfDealers" sourceField="Competition" type="integer"/>
		</fieldMap>
		
		<fieldMap name="ListDetails">
			<if sourceFieldExists="ListId">
				<mapField destField="listId" sourceField="ListId" type="string"/>
				<mapField destField="listActiveTime" sourceField="ListTimeDue" type="datetime"/>
				<mapField destField="listStatus" valueMap="ListStatus" sourceField="TradingMessageId" type="string"/>
			</if>
		</fieldMap>


		<fieldMap name="CommonTradeDetails">
			<fieldMapRef name="Common"/>
			<fieldMapRef name="Memo"/>
			<mapField destField="account" sourceField="Account" type="string" optional="true"/>
			<mapField destField="counterPartyFirmName" sourceField="LongName" type="string"/>
      			<mapField destField="counterpartyId" sourceField="Account" type="string" optional="true"/>			
			<mapField destField="clientName" sourceField="Customer" type="string"/>
			<mapField destField="counterpartyTrader" sourceField="UserLogon" type="string"/>
			<mapField destField="instrumentRef" sourceField="Isin" type="string"/>					
		</fieldMap>
		
		<fieldMap name="CashTradeDetails">
			<fieldMapRef name="CommonTradeDetails"/>						
			<mapField destField="settlementDate" sourceField="SettlementDate" type="date"/>
			<mapField destField="qty" sourceField="OrderQty" />			
			<mapField destField="maturityDate" sourceField="MaturityDate" type="date"/>
			<mapField destField="ticker" sourceField="Ticker" type="string"/>
			<mapField destField="coupon" sourceField="Coupon" type="string"/>
			<mapField destField="currency" sourceField="CurrencyCode" />
			<mapField destField="buySell" valueMap="BuySell" sourceField="TransactionSide" type="string"/>
			<mapField destField="benchmark" sourceField="BenchmarkIsin" optional="true"/>
			<mapField destField="PAYMENT_TYPE" sourceField="PaymentType" optional="true"/>
			<mapField destField="FRN_INDEX" sourceField="BenchmarkIsin" optional="true"/>			
			<mapField destField="tradeDate" sourceField="TradeDate" type="date" />
			<mapField destField="tradeType" sourceField="tradeType" />
		</fieldMap>
		
		<fieldMap name="CrossTradeDetails">
			<fieldMapRef name="CommonTradeDetails"/>			
			<mapField destField="switchinstrumentRef" sourceField="InstrumentId2" type="string"/>
			<mapField destField="tradeType"  sourceField="tradeType"/>
			<mapField destField="switchtype" sourceField="switchType"/>
			<mapField destField="numberOfLegs" value="2" type="integer"/>			
			<mapField destField="buySell" valueMap="BuySell" sourceField="TransactionSide" type="string"/>
			<mapField destField="switchbuySell" valueMap="SwitchBuySell" sourceField="TransactionSide" type="string"/>
			<mapField destField="switchQtyType" valueMap="SwitchQuantityType" sourceField="CrossType" type="string"/>
			<mapField destField="settlementDate" sourceField="SettlementDate" type="date"/>
			<mapField destField="switchsettlementDate" sourceField="BenchmarkSettleDate" type="date"/>
			<mapField destField="qty" sourceField="OrderQty" />
			<if sourceFieldExists="BenchmarkSize">
				<mapField destField="switchqty" sourceField="BenchmarkSize"/>
			</if>
			<else>
				<mapField destField="switchqty" sourceField="OrderQty"/>
			</else>
			<mapField destField="maturityDate" sourceField="MaturityDate" type="date"/>
			<mapField destField="switchmaturityDate" sourceField="BenchmarkMaturity" type="date"/>
			<mapField destField="ticker" sourceField="Ticker" type="string"/>
			<mapField destField="switchTicker" sourceField="BenchmarkTicker" type="string"/>
			<mapField destField="coupon"       sourceField="Coupon" type="string"/>
			<mapField destField="switchcoupon" sourceField="BenchmarkCoupon" type="string"/>
			<mapField destField="currency" sourceField="CurrencyCode" />
			<mapField destField="switchcurrency" sourceField="CurrencyCode" />
			<mapField destField="PAYMENT_TYPE" sourceField="PaymentType" optional="true"/>
			<mapField destField="tradeDate" sourceField="TradeDate" type="date" />			
			<mapField destField="instrumentCat" sourceField="SecurityType1"/>
			<mapField destField="switchinstrumentCat" sourceField="SecurityType2"/>
			<mapField destField="instrumentSrc" sourceField="SecuritySrc1"/>
			<mapField destField="switchinstrumentSrc" sourceField="SecuritySrc2"/>
			<if sourceField="DestType" value="REJECT">
				<mapField destField="_destination_" value="REJECT"/>
			</if>
			<else>
				<mapField destField="_destination_" sourceField="SecuritySrc1"/>
			</else>
			<mapField destField="crossInstrument" sourceField="CrossInstrument" optional="true"/>
		</fieldMap>	
	
		<!-- =========================== Incoming Messages ==========================================-->        
    
		    <sourceMessage type="PriceRequest">
			  <destMessage type="InquiryMessage">
			    <if sourceField="tradeType" value="OUTRIGHT">
			    	<fieldMapRef name="CashTradeDetails"/>
			    </if>
			    <else>
			    	<fieldMapRef name="CrossTradeDetails"/>
			    </else>
			    <fieldMapRef name="InquiryDetails"/>
			    <fieldMapRef name="ListDetails"/>
			  </destMessage>
		    </sourceMessage>

		    <sourceMessage type="PriceRequestRefresh">
			<destMessage type="WiretimeExpireMessage">
	  			<if sourceField="tradeType" value="OUTRIGHT">
					<fieldMapRef name="CashTradeDetails"/>
				</if>
				<else>
					<fieldMapRef name="CrossTradeDetails"/>
				</else>
				<fieldMapRef name="InquiryDetails"/>
				<mapField destField="priceRequested" value="true"/>	
			</destMessage>
		    </sourceMessage>

		    <sourceMessage type="SystemMessageAck">
		      <if sourceField="OriginalMessageId" value="3">
			<destMessage type="InquiryResponseAckNack">
				<fieldMapRef name="Common"/>
				<mapField destField="isAck" value="true"/>		
			</destMessage>
		     </if>
		     <elseif sourceField="OriginalMessageId" value="4">
				<destMessage type="InquiryResponseAckNack">
				<fieldMapRef name="Common"/>
				<mapField destField="isAck" value="true"/>     		
			     </destMessage>
		     </elseif>
		     <elseif sourceField="OriginalMessageId" value="5">
			<destMessage type="InquiryRejectAckNack">
				<fieldMapRef name="Common"/>
				<mapField destField="isAck" value="true"/>		
			</destMessage>
		     </elseif>     
		     <elseif sourceField="OriginalMessageId" value="6">
			<destMessage type="InquiryRejectAckNack">
				<fieldMapRef name="Common"/>
				<mapField destField="isAck" value="true"/>	
			</destMessage>
		     </elseif>        
		     <else>
			<log name="info" message="Ignoring SystemMessageAck for message[${sourceMessage.OriginalMessageId}]"/>
		     </else>
		    </sourceMessage>

		    <sourceMessage type="SystemMessageNack">
			 <if sourceField="OriginalMessageId" value="3">
				<destMessage type="InquiryResponseAckNack">
				<fieldMapRef name="Common"/>
				<mapField destField="isAck" value="false"/>
				<mapField destField="nackText" sourceField="AckNackDescription" optional="true"/>    	
			    </destMessage>
			 </if>
			 <elseif sourceField="OriginalMessageId" value="4">
				<destMessage type="InquiryResponseAckNack">
					<fieldMapRef name="Common"/>
					<mapField destField="isAck" value="false"/>
					<mapField destField="nackText" sourceField="AckNackDescription" optional="true"/>         		
				 </destMessage>
			 </elseif>
			 <elseif sourceField="OriginalMessageId" value="5">
				<destMessage type="InquiryRejectAckNack">
				<fieldMapRef name="Common"/>
				<mapField destField="isAck" value="false"/>
				<mapField destField="nackText" sourceField="AckNackDescription" optional="true"/>    		
			    </destMessage>
			 </elseif>     
			 <elseif sourceField="OriginalMessageId" value="6">
			    <destMessage type="InquiryRejectAckNack">
				<fieldMapRef name="Common"/>
				<mapField destField="isAck" value="false"/>
				<mapField destField="nackText" sourceField="AckNackDescription" optional="true"/>    		
			    </destMessage>
			 </elseif>        
			 <else>
				<log name="info" message="Ignoring SystemMessageNack for message[${sourceMessage.OriginalMessageId}]"/>
			 </else>
		    </sourceMessage>

		    <!-- Currently the old api ignores when messageId is DealerOwnPriceRefresh -->
		    <sourceMessage type="PriceRequestFill">
		      <if sourceField="TradingMessageId" value="3">
			<destMessage type="InquiryResponseAckNack">
				<fieldMapRef name="Common"/>
				<mapField destField="isAck" value="true"/>	
			</destMessage>
		      </if>
		      <else>
			<log name="info" message="Ignoring PriceRequestFill for message[${sourceMessage.TradingMessageId}]"/>
		      </else>
		    </sourceMessage>

		    <sourceMessage type="DealerInquiryPass">
		      <destMessage type="InquiryRejectAckNack">
			<fieldMapRef name="Common"/>
			<mapField destField="isAck" value="true"/>
			<mapField destField="memoText2" sourceField="LogInfo" type="string" optional="true"/>
		      </destMessage>
		    </sourceMessage>    

		    <sourceMessage type="InquiryFinished">
			<destMessage type="ConvTermMessage">
				<fieldMapRef name="Common"/>
				<fieldMapRef name="Memo"/>
				<mapField destField="finalTradeState" sourceField="EndStatus" valueMap="FinalTradeState" type="string"/>
				<mapField destField="terminationReason" sourceField="EndStatus" valueMap="TerminationReason" type="string"/>		
			</destMessage>
			<destMessage type="ReconciliationMessage">
				<fieldMapRef name="Common"/>
				<fieldMapRef name="Memo"/>
				<mapField destField="finalTradeState" sourceField="EndStatus" valueMap="FinalTradeState" type="string"/>
				<mapField destField="terminationReason" sourceField="EndStatus" valueMap="TerminationReason" type="string"/>
			</destMessage>
		    </sourceMessage>        

		    <sourceMessage type="Expiration">
			<destMessage type="ConvTermMessage">
				<fieldMapRef name="Common"/>
				<mapField destField="finalTradeState" sourceField="EndStatus" valueMap="FinalTradeState" type="string"/>
				<mapField destField="terminationReason" sourceField="EndStatus" valueMap="TerminationReason" type="string"/>    		
				<mapField destField="memoText2" sourceField="LogInfo" type="string" optional="true"/>
			</destMessage>
			<destMessage type="ReconciliationMessage">
				<fieldMapRef name="Common"/>
				<mapField destField="finalTradeState" sourceField="EndStatus" valueMap="FinalTradeState" type="string"/>
				<mapField destField="terminationReason" sourceField="EndStatus" valueMap="TerminationReason" type="string"/>    		
				<mapField destField="memoText2" sourceField="LogInfo" type="string" optional="true"/>
			</destMessage>
		    </sourceMessage>

		    <sourceMessage type="PassTradedAwayCovered">
			<destMessage type="ConvTermMessage">
				<fieldMapRef name="Common"/>
				<fieldMapRef name="Memo"/>
				<mapField destField="finalTradeState" sourceField="EndStatus" valueMap="FinalTradeState" type="string"/>
				<mapField destField="terminationReason" sourceField="EndStatus" valueMap="TerminationReason" type="string"/>
			</destMessage>
			<destMessage type="ReconciliationMessage">
				<fieldMapRef name="Common"/>
				<fieldMapRef name="Memo"/>
				<mapField destField="finalTradeState" sourceField="EndStatus" valueMap="FinalTradeState" type="string"/>
				<mapField destField="terminationReason" sourceField="EndStatus" valueMap="TerminationReason" type="string"/>
			</destMessage>
		    </sourceMessage>

		    <sourceMessage type="CustomerAccept">
			<destMessage type="CustAcceptMessage">
				<if sourceField="tradeType" value="OUTRIGHT">
					<fieldMapRef name="CashTradeDetails"/>
				</if>
				<else>
					<fieldMapRef name="CrossTradeDetails"/>
			    	</else>
				<fieldMapRef name="DealerQuoteDetails"/>
				<mapField destField="finalTradeState" sourceField="EndStatus" valueMap="FinalTradeState" type="string"/>    		
				<mapField destField="execTime" sourceField="TradeTime" type="datetime" optional="true"/>
				<mapField destField="coverPrice" sourceField="CoverPrice" optional="true"/>
			</destMessage>
			<destMessage type="ReconciliationMessage">
				<if sourceField="tradeType" value="OUTRIGHT">
					<fieldMapRef name="CashTradeDetails"/>
				</if>
				<else>
					<fieldMapRef name="CrossTradeDetails"/>
			    	</else>
				<fieldMapRef name="DealerQuoteDetails"/>
				<mapField destField="finalTradeState" sourceField="EndStatus" valueMap="FinalTradeState" type="string"/>    		
				<mapField destField="execTime" sourceField="TradeTime" type="datetime"/>
				<mapField destField="coverPrice" sourceField="CoverPrice" optional="true"/>
			</destMessage>
		   </sourceMessage>

		  <sourceMessage type="WiretimeExpire">
			<destMessage type="WiretimeExpireMessage">
			   <fieldMapRef name="Common"/>
				<mapField destField="priceRequested" value="false"/>	
				<mapField destField="noReject" value="true"/>	
				<mapField destField="memoText2" sourceField="LogInfo" type="string" optional="true"/>
			</destMessage>
		  </sourceMessage>

		  <sourceMessage type="ListInquiryPending">
				<log name="info" message="Ignored ListInquiryPending - NOT YET IMPLEMENTED"/>
		  </sourceMessage>

		  <sourceMessage type="ListInquiryLive">
				<log name="info" message="Ignored ListInquiryLive - NOT YET IMPLEMENTED"/>
		  </sourceMessage>

		  <sourceMessage type="ApiTradingSessionStatus">
			<log name="info" message="Ignoring ApiTradingSessionStatus message - no Aq Message to map to"/>
		  </sourceMessage>

		  <sourceMessage type="MaExecution">
			<log name="info" message="Ignoring - Execution message no Aq Message to map to"/>
		  </sourceMessage>

		  <sourceMessage type="DealerPriceCancel">
			<log name="info" message="Ignoring - DealerPriceCancel message no Aq Message to map to"/>
		  </sourceMessage>

		  <sourceMessage type="DealerDefersInquiryToViewer">
				<log name="info" message="Ignoring - DealerDefersInquiryToViewer message no Aq Message to map to"/>
		  </sourceMessage>

		  <sourceMessage type="AxeAdd">
				<log name="info" message="Ignoring - AxeAdd message no Aq Message to map to"/>
		  </sourceMessage>

		  <sourceMessage type="AxeDelete">
				<log name="info" message="Ignoring - AxeDelete message no Aq Message to map to"/>
		  </sourceMessage>
		
	</incoming>


	<!-- ==================================== OUTGOING ================================================ -->
	<outgoing>
		<hook class_name="com.rbsfm.fi.marketaxess.converter.MaOutgoingTransforms">
			<config>				
				<sizes defaultMultiplier="0.001">
					<sourceField name="qty"/>
					<sourceField name="switchqty"/>					
					<include keyField="MESSAGETYPE">
						<message name="InquiryMessage"/>
						<message name="InquiryResponseMessage"/>
					</include>
				</sizes>
				<competition adjustBy="1" field="noOfDealers"/>	
				<dates defaultDateFormat="yyyy-MM-dd" defaultDateTimeFormat="yyyy-MM-dd HH:mm:ss.SSS">
					<date name="maturityDate"/>
					<date name="settlementDate"/>
					<date name="benchmarkMaturity"/>
					<date name="switchmaturityDate"/>
					<date name="switchsettlementDate"/>
					<include keyField="MESSAGETYPE">
						<message name="InquiryMessage"/>
						<message name="InquiryResponseMessage"/>
					</include>
				</dates>
			</config>
		</hook>   
		
		<valueMap name="TransactionSide">
			<value sourceValue="B" destValue="BID"/>
			<value sourceValue="S" destValue="OFFER"/>
		</valueMap>
		
		<valueMap name="CrossQuantityType">
			<value sourceValue="DUR-R" destValue="DURATION-WEIGHTED"/>
			<value sourceValue="PAR" destValue="PAR-FOR-PAR"/>
			<value sourceValue="CLT" destValue="CLIENT-AMOUNT"/>
			<value sourceValue="PRO-R" destValue="PROCEEDS"/>
		</valueMap>
	
		<!--
			Copy all MA_ prefixed fields back into outgoing message
		-->
		<fieldLoop name="CopyBrokerFields" loopOver="sourceMessage">
			if fieldName.startswith("MA_"): destMessage[fieldName[3:]] = sourceMessage[fieldName]
		</fieldLoop>
		<!--
			Copy all benchmark fields back into outgoing message
		-->
		<fieldLoop name="CopyBenchmarkFields" loopOver="sourceMessage">
			if fieldName.startswith("benchmark"): destMessage[fieldName] = sourceMessage[fieldName]
		</fieldLoop>
		
		<fieldMap name="CommonQuoteDetails">
			<fieldLoopRef name="CopyBrokerFields"/>									
			<fieldLoopRef name="CopyBenchmarkFields"/>
			<mapField destField="RefreshRequested" sourceField="priceRequested" optional="true"/>
			<mapField destField="Timer" sourceField="validTime" type="integer"/>					
			<mapField destField="LastTrader" sourceField="rbosTrader" type="string"/>
			<mapField destField="Isin" sourceField="instrumentRef" type="string"/>
			<mapField destField="Ticker" sourceField="ticker" type="string"/>
			<mapField destField="CurrencyCode" sourceField="currency" type="string"/>
			<mapField destField="UserLogon" sourceField="counterpartyTrader" type="string"/>
			<mapField destField="LongName" sourceField="counterPartyFirmName" type="string"/>			
			<mapField destField="Account" sourceField="account" type="string" optional="true"/>			
			<mapField destField="Customer" sourceField="clientName" type="string"/>
			<mapField destField="OrderQty" sourceField="qty" type="double"/>
			<mapField destField="Price" sourceField="indicativePrice" type="double"/>
			<mapField destField="Yield" sourceField="indicativeYield" type="double"/>			
			<mapField destField="Coupon" sourceField="coupon" type="double"/>
			<mapField destField="Principal" sourceField="principal" optional="true"/>
			<mapField destField="Accrued" sourceField="accrued" optional="true"/>
			<mapField destField="NetAmount" sourceField="netAmount" optional="true"/>
			<mapField destField="MaturityDate" sourceField="maturityDate" type="date"/>
			<mapField destField="SettlementDate" sourceField="settlementDate" type="date"/>
			<if sourceFieldExists="benchmark">
				<if sourceField="benchmark" value="FRN">							
					<mapField destField="BenchmarkId" sourceField="FRN_INDEX" optional="true"/>
					<mapField destField="QuoteSpread" sourceField="indicativeYield" type="double"/>

				</if>
				<else>
					<mapField destField="BenchmarkId" sourceField="benchmark"/>
					<mapField destField="QuoteSpread" sourceField="indicativeYieldSpread" type="double"/>
				</else>
			</if>
			<else>
				<mapField destField="QuoteSpread" sourceField="indicativeYieldSpread" type="double"/>
			</else>
			<if sourceFieldExists="TransactionSide">
				<mapField destField="TransactionSide" sourceField="TransactionSide" type="string"/>				
			</if>
			<else>
				<mapField destField="TransactionSide" valueMap="TransactionSide" sourceField="buySell" type="string"/>
			</else>
			<if sourceFieldExists="PaymentType">
				<mapField destField="PaymentType" sourceField="PaymentType" type="string"/>
			</if>
			<else>
				<mapField destField="PaymentType" sourceField="PAYMENT_TYPE" type="string" optional="true"/>
			</else>			
		</fieldMap>
			
		<fieldMap name="OutrightQuoteDetails">			
			<fieldMapRef name="CommonQuoteDetails"/>
			<if sourceFieldExists="benchmarkPrice">
				<mapField destField="CrossPrice" sourceField="benchmarkPrice" type="double"/>
			</if>			
			<if sourceFieldExists="benchmarkYield">
				<mapField destField="CrossYield" sourceField="benchmarkYield" type="double"/>
			</if>
		</fieldMap>
				
		<fieldMap name="CrossQuoteDetails">
			<fieldMapRef name="CommonQuoteDetails"/>
			<!-- We don't get the switchType or switchQtyType back if non-requested refresh after WireTimeExpire -->
			<mapField destField="CrossType" valueMap="CrossQuantityType" sourceField="switchQtyType" type="string" optional="true"/>
			<mapField destField="CrossPrice" sourceField="switchindicativePrice" type="double"/>
			<mapField destField="CrossYield" sourceField="switchindicativeYield" type="double"/>
			<mapField destField="SwitchQty" sourceField="switchqty"/>
			
			<!--mapField destField="benchmarkTicker" sourceField="switchTicker" type="string" optional="true"/>
			<mapField destField="benchmarkCoupon" sourceField="switchcoupon" type="double"/>
			<mapField destField="benchmarkMaturity" sourceField="switchmaturityDate" type="date"/>									
			<mapField destField="benchmarkTicker" sourceField="benchmarkTicker" type="string" optional="true"/>
			<mapField destField="benchmarkCoupon" sourceField="benchmarkCoupon" type="double"/>
			<mapField destField="benchmarkMaturity" sourceField="benchmarkMaturity" type="date"/-->						
		</fieldMap>				
				
		<fieldMap name="QuoteDetails">			
			<if sourceFieldExists="tradeType">
				<if sourceField="tradeType" value="OUTRIGHT">
					<fieldMapRef name="OutrightQuoteDetails"/>
				</if>			
				<elseif sourceField="tradeType" value="CROSS">
					<fieldMapRef name="CrossQuoteDetails"/>
				</elseif>
				<else>
					<log name="error" message="failed to map trade details as unknown tradeType[${sourceMessage.tradeType}]"/>
				</else>
			</if>			
			<else>
				<!-- 
					We arrive here if we last received a WireTimeExpire Message and the trader sent a non-requested 
					Price Refresh but may aswell handle all cases.
					For crosses we don't get all the attributes we would normally get
				-->
				<if sourceFieldExists="switchindicativePrice">
					<fieldMapRef name="CrossQuoteDetails"/>
					<mapField destField="tradeType" value="CROSS" type="string"/>
				</if>
				<else>
					<fieldMapRef name="OutrightQuoteDetails"/>
					<mapField destField="tradeType" value="OUTRIGHT" type="string"/>
				</else>
			</else>
		</fieldMap>						
		

		<sourceMessage type="ReconciliationAckNack">
		  <log name="info" message=" Ignoring ReconciliationAckNack - not mapped for MA"/>		  
		</sourceMessage>
	
		<sourceMessage type="InquiryAckNack">		
		  <log name="info" message="Ignoring InquiryAckNack - not mapped for MA"/>
		</sourceMessage>

		<sourceMessage type="WiretimeExpireAckNack">
		  <log name="info" message="Ignoring WiretimeExpireAckNack - not mapped for MA"/>
		</sourceMessage>
		
		<sourceMessage type="CustAccExpAckNack">
		  <log name="error" message="Unexpected message CustAccExpAckNack"/>		  
		</sourceMessage>
		
		<sourceMessage type="CustAcceptAckNack">			
			<log name="info" message="Ignoring CustAcceptAckNack - not mapped for MA"/>
		</sourceMessage>

		<sourceMessage type="ConvTermAckNack">		  
		  <log name="info" message="Ignoring ConvTermAckNack - not mapped for MA"/>
		</sourceMessage>		
				
		<sourceMessage type="InquiryResponseMessage">						
				<destMessage type="PriceRequestFill">
					<fieldMapRef name="QuoteDetails"/>										
					<if sourceFieldExists="priceRequested">
						<if sourceField="priceRequested" value="true">
							<mapField destField="MessageResponseId" value="3" type="integer"/>
							<mapField destField="TradingMessageDescription" value="PRICE" type="string"/>
						</if>						
						<else>
							<mapField destField="MessageResponseId" value="4" type="integer"/>
							<mapField destField="TradingMessageDescription" value="PRICE-REFRESH" type="string"/>
						</else>
					</if>
					<else>
						<mapField destField="MessageResponseId" value="3" type="integer"/>
						<mapField destField="TradingMessageDescription" value="PRICE" type="string"/>						
					</else>
				</destMessage>			
		</sourceMessage>

		<sourceMessage type="InquiryTermMessage">		  
			<destMessage type="InquiryTermination">
				<fieldLoopRef name="CopyBrokerFields"/>
				<mapField destField="OrderSeqNo" sourceField="brkConvId" type="string"/>
				<mapField destField="MessageResponseId" value="6"/>
				<mapField destField="TradingMessageDescription" value="DLR-PASS"/>
				<mapField destField="ResponseNote" sourceField="rejectionReason" type="string" optional="true"/>
				<mapField destField="LastTrader" sourceField="rbosTrader" optional="true"/>
			</destMessage>					  
		</sourceMessage>

		<sourceMessage type="InquiryAcceptMessage">		  
			<log name="error" message="Unexpected message InquiryAcceptMessage - ignored"/>
		</sourceMessage>

		<sourceMessage type="InquiryRejectMessage">		
		        <!-- Auto-rejections should now get routed from the DefaultHandler but kept just in case -->
			<if sourceField="rejectionReason" value="unhandled">
				<destMessage type="InquiryRejection">
					<fieldLoopRef name="CopyBrokerFields"/>
					<mapField destField="OrderSeqNo" sourceField="brkConvId" type="string"/>
					<mapField destField="MessageResponseId" value="19"/>
					<mapField destField="TradingMessageDescription" value="GO-TO-MA"/>
					<mapField destField="ResponseNote" sourceField="rejectionReason" type="string" optional="true"/>
					<mapField destField="LastTrader" sourceField="rbosTrader"/>
				</destMessage>				
			</if>
			<else>
				<destMessage type="InquiryRejection">
					<fieldLoopRef name="CopyBrokerFields"/>
					<mapField destField="OrderSeqNo" sourceField="brkConvId" type="string"/>
					<mapField destField="MessageResponseId" value="6"/>
					<mapField destField="TradingMessageDescription" value="DLR-PASS"/>
					<mapField destField="ResponseNote" sourceField="rejectionReason" type="string" optional="true"/>
					<mapField destField="LastTrader" sourceField="rbosTrader"/>
				</destMessage>			
			</else>		
		</sourceMessage>

		<!-- ======== TODO: Messages not originating from the autoquoter ============== -->		

		<!-- Inquiries for which there is no subscription -->
		<sourceMessage type="InquiryMessage">			
			<log name="unknown_instrument" message="Received inquiry for unsubscribed instrument ${sourceMessage.instrumentRef}: sending notification to defer to Ma Viewer"/>
  			<destMessage type="InquiryRejection">
				<fieldLoopRef name="CopyBrokerFields"/>
				<mapField destField="OrderSeqNo" sourceField="brkConvId" type="string"/>
				<mapField destField="MessageResponseId" value="19"/>
				<mapField destField="TradingMessageDescription" value="GO-TO-MA"/>
				<mapField destField="ResponseNote" value="unhandled" type="string"/>
				<mapField destField="LastTrader" sourceField="rbosTrader"/>
			</destMessage>				
		</sourceMessage>		
		
		<sourceMessage type="ConvTermMessage">
			<log name="info" message="Ignoring unhandled ConvTermMessage - not mapped for MA"/>
		</sourceMessage>		

	</outgoing>
	
</messageMap>
