00000276

<?xml version='1.0'?>
<!DOCTYPE MA SYSTEM 'ma.dtd'>
<MA>
<HEADER>
<MESSAGE-ID>1</MESSAGE-ID>
<MESSAGE-TYPE>REQUEST</MESSAGE-TYPE>
<MESSAGE-VERSION>2.7.0</MESSAGE-VERSION>
</HEADER>
<CONNECTION>
<LOGIN>
<USERNAME>rbsemapi</USERNAME>
<PASSWORD>test123</PASSWORD>
</LOGIN>
</CONNECTION>
</MA>~00000421

<?xml version='1.0'?>
<!DOCTYPE MA SYSTEM 'ma.dtd'>
<MA>
<HEADER>
<MESSAGE-ID>1</MESSAGE-ID>
<MESSAGE-TYPE>RESPONSE</MESSAGE-TYPE>
<IN-RESPONSE-TO>1</IN-RESPONSE-TO>
<MESSAGE-VERSION>3.1.0</MESSAGE-VERSION>
</HEADER>
<ADMIN>
<LOGIN-STATUS TRADING-HOUR="Y">
<MESSAGE-ID>1</MESSAGE-ID>
<STATUS-CODE>0</STATUS-CODE>
<TRANSACTION-COUNT>0</TRANSACTION-COUNT>
<MESSAGE-SEQUENCE-NUMBER>0</MESSAGE-SEQUENCE-NUMBER>
</LOGIN-STATUS>
</ADMIN>
</MA>~00000263

<?xml version='1.0'?>
<!DOCTYPE MA SYSTEM 'ma.dtd'>
<MA>
<HEADER>
<MESSAGE-ID>2</MESSAGE-ID>
<MESSAGE-TYPE>ADMIN</MESSAGE-TYPE>
<MESSAGE-VERSION>3.1.0</MESSAGE-VERSION>
</HEADER>
<ADMIN>
<SYSTEM-STATUS>
<SYSTEM-TIME>1249552855210</SYSTEM-TIME>
</SYSTEM-STATUS>
</ADMIN>
</MA>~00000263

<?xml version='1.0'?>
<!DOCTYPE MA SYSTEM 'ma.dtd'>
<MA>
<HEADER>
<MESSAGE-ID>2</MESSAGE-ID>
<MESSAGE-TYPE>ADMIN</MESSAGE-TYPE>
<MESSAGE-VERSION>2.7.0</MESSAGE-VERSION>
</HEADER>
<ADMIN>
<SYSTEM-STATUS>
<SYSTEM-TIME>1249552855008</SYSTEM-TIME>
</SYSTEM-STATUS>
</ADMIN>
</MA>~00000253

<?xml version='1.0'?>
<!DOCTYPE MA SYSTEM 'ma.dtd'>
<MA>
<HEADER>
<MESSAGE-ID>3</MESSAGE-ID>
<MESSAGE-TYPE>REQUEST</MESSAGE-TYPE>
<MESSAGE-VERSION>2.7.0</MESSAGE-VERSION>
</HEADER>
<CONNECTION>
<TRADING-SESSION ID="IQLEVELS" STATUS="ACTIVE" />
</CONNECTION>
</MA>~00000329

<?xml version='1.0'?>
<!DOCTYPE MA SYSTEM 'ma.dtd'>
<MA>
<HEADER>
<MESSAGE-ID>3</MESSAGE-ID>
<MESSAGE-TYPE>RESPONSE</MESSAGE-TYPE>
<IN-RESPONSE-TO>3</IN-RESPONSE-TO>
<MESSAGE-VERSION>3.1.0</MESSAGE-VERSION>
</HEADER>
<ADMIN>
<LOGIN-STATUS TRADING-HOUR="Y">
<MESSAGE-ID>3</MESSAGE-ID>
<STATUS-CODE>3</STATUS-CODE>
</LOGIN-STATUS>
</ADMIN>
</MA>~00000263

<?xml version='1.0'?>
<!DOCTYPE MA SYSTEM 'ma.dtd'>
<MA>
<HEADER>
<MESSAGE-ID>4</MESSAGE-ID>
<MESSAGE-TYPE>ADMIN</MESSAGE-TYPE>
<MESSAGE-VERSION>3.1.0</MESSAGE-VERSION>
</HEADER>
<ADMIN>
<SYSTEM-STATUS>
<SYSTEM-TIME>1249552895209</SYSTEM-TIME>
</SYSTEM-STATUS>
</ADMIN>
</MA>~00000263

<?xml version='1.0'?>
<!DOCTYPE MA SYSTEM 'ma.dtd'>
<MA>
<HEADER>
<MESSAGE-ID>4</MESSAGE-ID>
<MESSAGE-TYPE>ADMIN</MESSAGE-TYPE>
<MESSAGE-VERSION>2.7.0</MESSAGE-VERSION>
</HEADER>
<ADMIN>
<SYSTEM-STATUS>
<SYSTEM-TIME>1249552894992</SYSTEM-TIME>
</SYSTEM-STATUS>
</ADMIN>
</MA>~00000673

<?xml version='1.0'?>
<!DOCTYPE MA SYSTEM 'ma.dtd'>
<MA>
<HEADER>
<MESSAGE-ID>5</MESSAGE-ID>
<MESSAGE-TYPE>REQUEST</MESSAGE-TYPE>
<MESSAGE-VERSION>2.7.0</MESSAGE-VERSION>
<USERNAME>
</USERNAME>
</HEADER>
<INVENTORY ACTION="DELETEALL">
<SENDER-SYSTEM e-dlength="32" e-dtype="string">latam-ecnpricefeed-offshore</SENDER-SYSTEM>
<SECURITY>
<ISIN e-dlength="12" e-dtype="string">DUMMY</ISIN>
</SECURITY>
<QUOTE>
<PRICE PRICE-TYPE="BID">
<SPREAD e-dtype="decimal">0</SPREAD>
<SIZE e-dtype="decimal">0</SIZE>
</PRICE>
<PRICE PRICE-TYPE="OFFER">
<SPREAD e-dtype="decimal">0</SPREAD>
<SIZE e-dtype="decimal">0</SIZE>
</PRICE>
</QUOTE>
<TRADING-BOOK-NAME e-dlength="20" e-dtype="string" />
</INVENTORY>
</MA>~00000730

<?xml version='1.0'?>
<!DOCTYPE MA SYSTEM 'ma.dtd'>
<MA>
<HEADER>
<MESSAGE-ID>6</MESSAGE-ID>
<MESSAGE-TYPE>REQUEST</MESSAGE-TYPE>
<MESSAGE-VERSION>2.7.0</MESSAGE-VERSION>
<USERNAME>
</USERNAME>
</HEADER>
<INSTRUMENT-QUOTE ACTION="UPDATE" FIRM="N">
<SENDER-SYSTEM e-dlength="32" e-dtype="string">latam-ecnpricefeed-offshore</SENDER-SYSTEM>
<SECURITY>
<ISIN e-dlength="12" e-dtype="string">US105756AE07</ISIN>
</SECURITY>
<QUOTE>
<PRICE PRICE-TYPE="BID">
<REAL e-dtype="decimal">520.87</REAL>
<SIZE e-dtype="decimal">1000</SIZE>
</PRICE>
<PRICE PRICE-TYPE="OFFER">
<REAL e-dtype="decimal">511.3</REAL>
<SIZE e-dtype="decimal">1000</SIZE>
</PRICE>
</QUOTE>
<TRADING-BOOK-NAME e-dlength="20" e-dtype="string">latam</TRADING-BOOK-NAME>
</INSTRUMENT-QUOTE>
</MA>~00000731

<?xml version='1.0'?>
<!DOCTYPE MA SYSTEM 'ma.dtd'>
<MA>
<HEADER>
<MESSAGE-ID>7</MESSAGE-ID>
<MESSAGE-TYPE>REQUEST</MESSAGE-TYPE>
<MESSAGE-VERSION>2.7.0</MESSAGE-VERSION>
<USERNAME>
</USERNAME>
</HEADER>
<INSTRUMENT-QUOTE ACTION="UPDATE" FIRM="N">
<SENDER-SYSTEM e-dlength="32" e-dtype="string">latam-ecnpricefeed-offshore</SENDER-SYSTEM>
<SECURITY>
<ISIN e-dlength="12" e-dtype="string">US105756AJ93</ISIN>
</SECURITY>
<QUOTE>
<PRICE PRICE-TYPE="BID">
<REAL e-dtype="decimal">657.54</REAL>
<SIZE e-dtype="decimal">1000</SIZE>
</PRICE>
<PRICE PRICE-TYPE="OFFER">
<REAL e-dtype="decimal">123.87</REAL>
<SIZE e-dtype="decimal">1000</SIZE>
</PRICE>
</QUOTE>
<TRADING-BOOK-NAME e-dlength="20" e-dtype="string">latam</TRADING-BOOK-NAME>
</INSTRUMENT-QUOTE>
</MA>~00000731

<?xml version='1.0'?>
<!DOCTYPE MA SYSTEM 'ma.dtd'>
<MA>
<HEADER>
<MESSAGE-ID>8</MESSAGE-ID>
<MESSAGE-TYPE>REQUEST</MESSAGE-TYPE>
<MESSAGE-VERSION>2.7.0</MESSAGE-VERSION>
<USERNAME>
</USERNAME>
</HEADER>
<INSTRUMENT-QUOTE ACTION="UPDATE" FIRM="N">
<SENDER-SYSTEM e-dlength="32" e-dtype="string">latam-ecnpricefeed-offshore</SENDER-SYSTEM>
<SECURITY>
<ISIN e-dlength="12" e-dtype="string">US105756AK66</ISIN>
</SECURITY>
<QUOTE>
<PRICE PRICE-TYPE="BID">
<REAL e-dtype="decimal">719.44</REAL>
<SIZE e-dtype="decimal">1000</SIZE>
</PRICE>
<PRICE PRICE-TYPE="OFFER">
<REAL e-dtype="decimal">704.61</REAL>
<SIZE e-dtype="decimal">1000</SIZE>
</PRICE>
</QUOTE>
<TRADING-BOOK-NAME e-dlength="20" e-dtype="string">latam</TRADING-BOOK-NAME>
</INSTRUMENT-QUOTE>
</MA>~00000731

<?xml version='1.0'?>
<!DOCTYPE MA SYSTEM 'ma.dtd'>
<MA>
<HEADER>
<MESSAGE-ID>9</MESSAGE-ID>
<MESSAGE-TYPE>REQUEST</MESSAGE-TYPE>
<MESSAGE-VERSION>2.7.0</MESSAGE-VERSION>
<USERNAME>
</USERNAME>
</HEADER>
<INSTRUMENT-QUOTE ACTION="UPDATE" FIRM="N">
<SENDER-SYSTEM e-dlength="32" e-dtype="string">latam-ecnpricefeed-offshore</SENDER-SYSTEM>
<SECURITY>
<ISIN e-dlength="12" e-dtype="string">US105756AL40</ISIN>
</SECURITY>
<QUOTE>
<PRICE PRICE-TYPE="BID">
<REAL e-dtype="decimal">832.09</REAL>
<SIZE e-dtype="decimal">1000</SIZE>
</PRICE>
<PRICE PRICE-TYPE="OFFER">
<REAL e-dtype="decimal">819.97</REAL>
<SIZE e-dtype="decimal">1000</SIZE>
</PRICE>
</QUOTE>
<TRADING-BOOK-NAME e-dlength="20" e-dtype="string">latam</TRADING-BOOK-NAME>
</INSTRUMENT-QUOTE>
</MA>~00000732

<?xml version='1.0'?>
<!DOCTYPE MA SYSTEM 'ma.dtd'>
<MA>
<HEADER>
<MESSAGE-ID>10</MESSAGE-ID>
<MESSAGE-TYPE>REQUEST</MESSAGE-TYPE>
<MESSAGE-VERSION>2.7.0</MESSAGE-VERSION>
<USERNAME>
</USERNAME>
</HEADER>
<INSTRUMENT-QUOTE ACTION="UPDATE" FIRM="N">
<SENDER-SYSTEM e-dlength="32" e-dtype="string">latam-ecnpricefeed-offshore</SENDER-SYSTEM>
<SECURITY>
<ISIN e-dlength="12" e-dtype="string">US105756AP53</ISIN>
</SECURITY>
<QUOTE>
<PRICE PRICE-TYPE="BID">
<REAL e-dtype="decimal">113.01</REAL>
<SIZE e-dtype="decimal">1000</SIZE>
</PRICE>
<PRICE PRICE-TYPE="OFFER">
<REAL e-dtype="decimal">110.66</REAL>
<SIZE e-dtype="decimal">1000</SIZE>
</PRICE>
</QUOTE>
<TRADING-BOOK-NAME e-dlength="20" e-dtype="string">latam</TRADING-BOOK-NAME>
</INSTRUMENT-QUOTE>
</MA>~00000730

<?xml version='1.0'?>
<!DOCTYPE MA SYSTEM 'ma.dtd'>
<MA>
<HEADER>
<MESSAGE-ID>11</MESSAGE-ID>
<MESSAGE-TYPE>REQUEST</MESSAGE-TYPE>
<MESSAGE-VERSION>2.7.0</MESSAGE-VERSION>
<USERNAME>
</USERNAME>
</HEADER>
<INSTRUMENT-QUOTE ACTION="UPDATE" FIRM="N">
<SENDER-SYSTEM e-dlength="32" e-dtype="string">latam-ecnpricefeed-offshore</SENDER-SYSTEM>
<SECURITY>
<ISIN e-dlength="12" e-dtype="string">US105756AR10</ISIN>
</SECURITY>
<QUOTE>
<PRICE PRICE-TYPE="BID">
<REAL e-dtype="decimal">16.53</REAL>
<SIZE e-dtype="decimal">1000</SIZE>
</PRICE>
<PRICE PRICE-TYPE="OFFER">
<REAL e-dtype="decimal">10.01</REAL>
<SIZE e-dtype="decimal">1000</SIZE>
</PRICE>
</QUOTE>
<TRADING-BOOK-NAME e-dlength="20" e-dtype="string">latam</TRADING-BOOK-NAME>
</INSTRUMENT-QUOTE>
</MA>~00000732

<?xml version='1.0'?>
<!DOCTYPE MA SYSTEM 'ma.dtd'>
<MA>
<HEADER>
<MESSAGE-ID>12</MESSAGE-ID>
<MESSAGE-TYPE>REQUEST</MESSAGE-TYPE>
<MESSAGE-VERSION>2.7.0</MESSAGE-VERSION>
<USERNAME>
</USERNAME>
</HEADER>
<INSTRUMENT-QUOTE ACTION="UPDATE" FIRM="N">
<SENDER-SYSTEM e-dlength="32" e-dtype="string">latam-ecnpricefeed-offshore</SENDER-SYSTEM>
<SECURITY>
<ISIN e-dlength="12" e-dtype="string">US105756AT75</ISIN>
</SECURITY>
<QUOTE>
<PRICE PRICE-TYPE="BID">
<REAL e-dtype="decimal">-38.94</REAL>
<SIZE e-dtype="decimal">1000</SIZE>
</PRICE>
<PRICE PRICE-TYPE="OFFER">
<REAL e-dtype="decimal">-72.85</REAL>
<SIZE e-dtype="decimal">1000</SIZE>
</PRICE>
</QUOTE>
<TRADING-BOOK-NAME e-dlength="20" e-dtype="string">latam</TRADING-BOOK-NAME>
</INSTRUMENT-QUOTE>
</MA>~00000736

<?xml version='1.0'?>
<!DOCTYPE MA SYSTEM 'ma.dtd'>
<MA>
<HEADER>
<MESSAGE-ID>13</MESSAGE-ID>
<MESSAGE-TYPE>REQUEST</MESSAGE-TYPE>
<MESSAGE-VERSION>2.7.0</MESSAGE-VERSION>
<USERNAME>
</USERNAME>
</HEADER>
<INSTRUMENT-QUOTE ACTION="UPDATE" FIRM="N">
<SENDER-SYSTEM e-dlength="32" e-dtype="string">latam-ecnpricefeed-offshore</SENDER-SYSTEM>
<SECURITY>
<ISIN e-dlength="12" e-dtype="string">US105756AV22</ISIN>
</SECURITY>
<QUOTE>
<PRICE PRICE-TYPE="BID">
<REAL e-dtype="decimal">-2208.78</REAL>
<SIZE e-dtype="decimal">1000</SIZE>
</PRICE>
<PRICE PRICE-TYPE="OFFER">
<REAL e-dtype="decimal">-2262.57</REAL>
<SIZE e-dtype="decimal">1000</SIZE>
</PRICE>
</QUOTE>
<TRADING-BOOK-NAME e-dlength="20" e-dtype="string">latam</TRADING-BOOK-NAME>
</INSTRUMENT-QUOTE>
</MA>~00000730

<?xml version='1.0'?>
<!DOCTYPE MA SYSTEM 'ma.dtd'>
<MA>
<HEADER>
<MESSAGE-ID>14</MESSAGE-ID>
<MESSAGE-TYPE>REQUEST</MESSAGE-TYPE>
<MESSAGE-VERSION>2.7.0</MESSAGE-VERSION>
<USERNAME>
</USERNAME>
</HEADER>
<INSTRUMENT-QUOTE ACTION="UPDATE" FIRM="N">
<SENDER-SYSTEM e-dlength="32" e-dtype="string">latam-ecnpricefeed-offshore</SENDER-SYSTEM>
<SECURITY>
<ISIN e-dlength="12" e-dtype="string">US105756AX87</ISIN>
</SECURITY>
<QUOTE>
<PRICE PRICE-TYPE="BID">
<REAL e-dtype="decimal">89.11</REAL>
<SIZE e-dtype="decimal">1000</SIZE>
</PRICE>
<PRICE PRICE-TYPE="OFFER">
<REAL e-dtype="decimal">80.67</REAL>
<SIZE e-dtype="decimal">1000</SIZE>
</PRICE>
</QUOTE>
<TRADING-BOOK-NAME e-dlength="20" e-dtype="string">latam</TRADING-BOOK-NAME>
</INSTRUMENT-QUOTE>
</MA>~00000730

<?xml version='1.0'?>
<!DOCTYPE MA SYSTEM 'ma.dtd'>
<MA>
<HEADER>
<MESSAGE-ID>15</MESSAGE-ID>
<MESSAGE-TYPE>REQUEST</MESSAGE-TYPE>
<MESSAGE-VERSION>2.7.0</MESSAGE-VERSION>
<USERNAME>
</USERNAME>
</HEADER>
<INSTRUMENT-QUOTE ACTION="UPDATE" FIRM="N">
<SENDER-SYSTEM e-dlength="32" e-dtype="string">latam-ecnpricefeed-offshore</SENDER-SYSTEM>
<SECURITY>
<ISIN e-dlength="12" e-dtype="string">US105756AY60</ISIN>
</SECURITY>
<QUOTE>
<PRICE PRICE-TYPE="BID">
<REAL e-dtype="decimal">73.94</REAL>
<SIZE e-dtype="decimal">1000</SIZE>
</PRICE>
<PRICE PRICE-TYPE="OFFER">
<REAL e-dtype="decimal">55.63</REAL>
<SIZE e-dtype="decimal">1000</SIZE>
</PRICE>
</QUOTE>
<TRADING-BOOK-NAME e-dlength="20" e-dtype="string">latam</TRADING-BOOK-NAME>
</INSTRUMENT-QUOTE>
</MA>~00000732

<?xml version='1.0'?>
<!DOCTYPE MA SYSTEM 'ma.dtd'>
<MA>
<HEADER>
<MESSAGE-ID>16</MESSAGE-ID>
<MESSAGE-TYPE>REQUEST</MESSAGE-TYPE>
<MESSAGE-VERSION>2.7.0</MESSAGE-VERSION>
<USERNAME>
</USERNAME>
</HEADER>
<INSTRUMENT-QUOTE ACTION="UPDATE" FIRM="N">
<SENDER-SYSTEM e-dlength="32" e-dtype="string">latam-ecnpricefeed-offshore</SENDER-SYSTEM>
<SECURITY>
<ISIN e-dlength="12" e-dtype="string">US105756BJ84</ISIN>
</SECURITY>
<QUOTE>
<PRICE PRICE-TYPE="BID">
<REAL e-dtype="decimal">183.66</REAL>
<SIZE e-dtype="decimal">1000</SIZE>
</PRICE>
<PRICE PRICE-TYPE="OFFER">
<REAL e-dtype="decimal">174.09</REAL>
<SIZE e-dtype="decimal">1000</SIZE>
</PRICE>
</QUOTE>
<TRADING-BOOK-NAME e-dlength="20" e-dtype="string">latam</TRADING-BOOK-NAME>
</INSTRUMENT-QUOTE>
</MA>~00000732

<?xml version='1.0'?>
<!DOCTYPE MA SYSTEM 'ma.dtd'>
<MA>
<HEADER>
<MESSAGE-ID>17</MESSAGE-ID>
<MESSAGE-TYPE>REQUEST</MESSAGE-TYPE>
<MESSAGE-VERSION>2.7.0</MESSAGE-VERSION>
<USERNAME>
</USERNAME>
</HEADER>
<INSTRUMENT-QUOTE ACTION="UPDATE" FIRM="N">
<SENDER-SYSTEM e-dlength="32" e-dtype="string">latam-ecnpricefeed-offshore</SENDER-SYSTEM>
<SECURITY>
<ISIN e-dlength="12" e-dtype="string">US105756BL31</ISIN>
</SECURITY>
<QUOTE>
<PRICE PRICE-TYPE="BID">
<REAL e-dtype="decimal">889.61</REAL>
<SIZE e-dtype="decimal">1000</SIZE>
</PRICE>
<PRICE PRICE-TYPE="OFFER">
<REAL e-dtype="decimal">876.48</REAL>
<SIZE e-dtype="decimal">1000</SIZE>
</PRICE>
</QUOTE>
<TRADING-BOOK-NAME e-dlength="20" e-dtype="string">latam</TRADING-BOOK-NAME>
</INSTRUMENT-QUOTE>
</MA>~00000732

<?xml version='1.0'?>
<!DOCTYPE MA SYSTEM 'ma.dtd'>
<MA>
<HEADER>
<MESSAGE-ID>18</MESSAGE-ID>
<MESSAGE-TYPE>REQUEST</MESSAGE-TYPE>
<MESSAGE-VERSION>2.7.0</MESSAGE-VERSION>
<USERNAME>
</USERNAME>
</HEADER>
<INSTRUMENT-QUOTE ACTION="UPDATE" FIRM="N">
<SENDER-SYSTEM e-dlength="32" e-dtype="string">latam-ecnpricefeed-offshore</SENDER-SYSTEM>
<SECURITY>
<ISIN e-dlength="12" e-dtype="string">US105756BN96</ISIN>
</SECURITY>
<QUOTE>
<PRICE PRICE-TYPE="BID">
<REAL e-dtype="decimal">686.75</REAL>
<SIZE e-dtype="decimal">1000</SIZE>
</PRICE>
<PRICE PRICE-TYPE="OFFER">
<REAL e-dtype="decimal">675.18</REAL>
<SIZE e-dtype="decimal">1000</SIZE>
</PRICE>
</QUOTE>
<TRADING-BOOK-NAME e-dlength="20" e-dtype="string">latam</TRADING-BOOK-NAME>
</INSTRUMENT-QUOTE>
</MA>~00000731

<?xml version='1.0'?>
<!DOCTYPE MA SYSTEM 'ma.dtd'>
<MA>
<HEADER>
<MESSAGE-ID>19</MESSAGE-ID>
<MESSAGE-TYPE>REQUEST</MESSAGE-TYPE>
<MESSAGE-VERSION>2.7.0</MESSAGE-VERSION>
<USERNAME>
</USERNAME>
</HEADER>
<INSTRUMENT-QUOTE ACTION="UPDATE" FIRM="N">
<SENDER-SYSTEM e-dlength="32" e-dtype="string">latam-ecnpricefeed-offshore</SENDER-SYSTEM>
<SECURITY>
<ISIN e-dlength="12" e-dtype="string">US593048AX90</ISIN>
</SECURITY>
<QUOTE>
<PRICE PRICE-TYPE="BID">
<REAL e-dtype="decimal">267.6</REAL>
<SIZE e-dtype="decimal">1000</SIZE>
</PRICE>
<PRICE PRICE-TYPE="OFFER">
<REAL e-dtype="decimal">261.27</REAL>
<SIZE e-dtype="decimal">1000</SIZE>
</PRICE>
</QUOTE>
<TRADING-BOOK-NAME e-dlength="20" e-dtype="string">latam</TRADING-BOOK-NAME>
</INSTRUMENT-QUOTE>
</MA>~00000732

<?xml version='1.0'?>
<!DOCTYPE MA SYSTEM 'ma.dtd'>
<MA>
<HEADER>
<MESSAGE-ID>20</MESSAGE-ID>
<MESSAGE-TYPE>REQUEST</MESSAGE-TYPE>
<MESSAGE-VERSION>2.7.0</MESSAGE-VERSION>
<USERNAME>
</USERNAME>
</HEADER>
<INSTRUMENT-QUOTE ACTION="UPDATE" FIRM="N">
<SENDER-SYSTEM e-dlength="32" e-dtype="string">latam-ecnpricefeed-offshore</SENDER-SYSTEM>
<SECURITY>
<ISIN e-dlength="12" e-dtype="string">US593048BA88</ISIN>
</SECURITY>
<QUOTE>
<PRICE PRICE-TYPE="BID">
<REAL e-dtype="decimal">312.69</REAL>
<SIZE e-dtype="decimal">1000</SIZE>
</PRICE>
<PRICE PRICE-TYPE="OFFER">
<REAL e-dtype="decimal">305.93</REAL>
<SIZE e-dtype="decimal">1000</SIZE>
</PRICE>
</QUOTE>
<TRADING-BOOK-NAME e-dlength="20" e-dtype="string">latam</TRADING-BOOK-NAME>
</INSTRUMENT-QUOTE>
</MA>~00000732

<?xml version='1.0'?>
<!DOCTYPE MA SYSTEM 'ma.dtd'>
<MA>
<HEADER>
<MESSAGE-ID>21</MESSAGE-ID>
<MESSAGE-TYPE>REQUEST</MESSAGE-TYPE>
<MESSAGE-VERSION>2.7.0</MESSAGE-VERSION>
<USERNAME>
</USERNAME>
</HEADER>
<INSTRUMENT-QUOTE ACTION="UPDATE" FIRM="N">
<SENDER-SYSTEM e-dlength="32" e-dtype="string">latam-ecnpricefeed-offshore</SENDER-SYSTEM>
<SECURITY>
<ISIN e-dlength="12" e-dtype="string">US593048BN00</ISIN>
</SECURITY>
<QUOTE>
<PRICE PRICE-TYPE="BID">
<REAL e-dtype="decimal">227.38</REAL>
<SIZE e-dtype="decimal">1000</SIZE>
</PRICE>
<PRICE PRICE-TYPE="OFFER">
<REAL e-dtype="decimal">216.16</REAL>
<SIZE e-dtype="decimal">1000</SIZE>
</PRICE>
</QUOTE>
<TRADING-BOOK-NAME e-dlength="20" e-dtype="string">latam</TRADING-BOOK-NAME>
</INSTRUMENT-QUOTE>
</MA>~00000732

<?xml version='1.0'?>
<!DOCTYPE MA SYSTEM 'ma.dtd'>
<MA>
<HEADER>
<MESSAGE-ID>22</MESSAGE-ID>
<MESSAGE-TYPE>REQUEST</MESSAGE-TYPE>
<MESSAGE-VERSION>2.7.0</MESSAGE-VERSION>
<USERNAME>
</USERNAME>
</HEADER>
<INSTRUMENT-QUOTE ACTION="UPDATE" FIRM="N">
<SENDER-SYSTEM e-dlength="32" e-dtype="string">latam-ecnpricefeed-offshore</SENDER-SYSTEM>
<SECURITY>
<ISIN e-dlength="12" e-dtype="string">US91086QAG38</ISIN>
</SECURITY>
<QUOTE>
<PRICE PRICE-TYPE="BID">
<REAL e-dtype="decimal">256.32</REAL>
<SIZE e-dtype="decimal">1000</SIZE>
</PRICE>
<PRICE PRICE-TYPE="OFFER">
<REAL e-dtype="decimal">250.02</REAL>
<SIZE e-dtype="decimal">1000</SIZE>
</PRICE>
</QUOTE>
<TRADING-BOOK-NAME e-dlength="20" e-dtype="string">latam</TRADING-BOOK-NAME>
</INSTRUMENT-QUOTE>
</MA>~00000732

<?xml version='1.0'?>
<!DOCTYPE MA SYSTEM 'ma.dtd'>
<MA>
<HEADER>
<MESSAGE-ID>23</MESSAGE-ID>
<MESSAGE-TYPE>REQUEST</MESSAGE-TYPE>
<MESSAGE-VERSION>2.7.0</MESSAGE-VERSION>
<USERNAME>
</USERNAME>
</HEADER>
<INSTRUMENT-QUOTE ACTION="UPDATE" FIRM="N">
<SENDER-SYSTEM e-dlength="32" e-dtype="string">latam-ecnpricefeed-offshore</SENDER-SYSTEM>
<SECURITY>
<ISIN e-dlength="12" e-dtype="string">US91086QAJ76</ISIN>
</SECURITY>
<QUOTE>
<PRICE PRICE-TYPE="BID">
<REAL e-dtype="decimal">242.92</REAL>
<SIZE e-dtype="decimal">1000</SIZE>
</PRICE>
<PRICE PRICE-TYPE="OFFER">
<REAL e-dtype="decimal">233.44</REAL>
<SIZE e-dtype="decimal">1000</SIZE>
</PRICE>
</QUOTE>
<TRADING-BOOK-NAME e-dlength="20" e-dtype="string">latam</TRADING-BOOK-NAME>
</INSTRUMENT-QUOTE>
</MA>~00000732

<?xml version='1.0'?>
<!DOCTYPE MA SYSTEM 'ma.dtd'>
<MA>
<HEADER>
<MESSAGE-ID>24</MESSAGE-ID>
<MESSAGE-TYPE>REQUEST</MESSAGE-TYPE>
<MESSAGE-VERSION>2.7.0</MESSAGE-VERSION>
<USERNAME>
</USERNAME>
</HEADER>
<INSTRUMENT-QUOTE ACTION="UPDATE" FIRM="N">
<SENDER-SYSTEM e-dlength="32" e-dtype="string">latam-ecnpricefeed-offshore</SENDER-SYSTEM>
<SECURITY>
<ISIN e-dlength="12" e-dtype="string">US91086QAL23</ISIN>
</SECURITY>
<QUOTE>
<PRICE PRICE-TYPE="BID">
<REAL e-dtype="decimal">276.87</REAL>
<SIZE e-dtype="decimal">1000</SIZE>
</PRICE>
<PRICE PRICE-TYPE="OFFER">
<REAL e-dtype="decimal">267.27</REAL>
<SIZE e-dtype="decimal">1000</SIZE>
</PRICE>
</QUOTE>
<TRADING-BOOK-NAME e-dlength="20" e-dtype="string">latam</TRADING-BOOK-NAME>
</INSTRUMENT-QUOTE>
</MA>~00000732

<?xml version='1.0'?>
<!DOCTYPE MA SYSTEM 'ma.dtd'>
<MA>
<HEADER>
<MESSAGE-ID>25</MESSAGE-ID>
<MESSAGE-TYPE>REQUEST</MESSAGE-TYPE>
<MESSAGE-VERSION>2.7.0</MESSAGE-VERSION>
<USERNAME>
</USERNAME>
</HEADER>
<INSTRUMENT-QUOTE ACTION="UPDATE" FIRM="N">
<SENDER-SYSTEM e-dlength="32" e-dtype="string">latam-ecnpricefeed-offshore</SENDER-SYSTEM>
<SECURITY>
<ISIN e-dlength="12" e-dtype="string">US91086QAN88</ISIN>
</SECURITY>
<QUOTE>
<PRICE PRICE-TYPE="BID">
<REAL e-dtype="decimal">252.69</REAL>
<SIZE e-dtype="decimal">1000</SIZE>
</PRICE>
<PRICE PRICE-TYPE="OFFER">
<REAL e-dtype="decimal">246.27</REAL>
<SIZE e-dtype="decimal">1000</SIZE>
</PRICE>
</QUOTE>
<TRADING-BOOK-NAME e-dlength="20" e-dtype="string">latam</TRADING-BOOK-NAME>
</INSTRUMENT-QUOTE>
</MA>~00000732

<?xml version='1.0'?>
<!DOCTYPE MA SYSTEM 'ma.dtd'>
<MA>
<HEADER>
<MESSAGE-ID>26</MESSAGE-ID>
<MESSAGE-TYPE>REQUEST</MESSAGE-TYPE>
<MESSAGE-VERSION>2.7.0</MESSAGE-VERSION>
<USERNAME>
</USERNAME>
</HEADER>
<INSTRUMENT-QUOTE ACTION="UPDATE" FIRM="N">
<SENDER-SYSTEM e-dlength="32" e-dtype="string">latam-ecnpricefeed-offshore</SENDER-SYSTEM>
<SECURITY>
<ISIN e-dlength="12" e-dtype="string">US91086QAQ10</ISIN>
</SECURITY>
<QUOTE>
<PRICE PRICE-TYPE="BID">
<REAL e-dtype="decimal">236.34</REAL>
<SIZE e-dtype="decimal">1000</SIZE>
</PRICE>
<PRICE PRICE-TYPE="OFFER">
<REAL e-dtype="decimal">224.45</REAL>
<SIZE e-dtype="decimal">1000</SIZE>
</PRICE>
</QUOTE>
<TRADING-BOOK-NAME e-dlength="20" e-dtype="string">latam</TRADING-BOOK-NAME>
</INSTRUMENT-QUOTE>
</MA>~00000732

<?xml version='1.0'?>
<!DOCTYPE MA SYSTEM 'ma.dtd'>
<MA>
<HEADER>
<MESSAGE-ID>27</MESSAGE-ID>
<MESSAGE-TYPE>REQUEST</MESSAGE-TYPE>
<MESSAGE-VERSION>2.7.0</MESSAGE-VERSION>
<USERNAME>
</USERNAME>
</HEADER>
<INSTRUMENT-QUOTE ACTION="UPDATE" FIRM="N">
<SENDER-SYSTEM e-dlength="32" e-dtype="string">latam-ecnpricefeed-offshore</SENDER-SYSTEM>
<SECURITY>
<ISIN e-dlength="12" e-dtype="string">US91086QAS75</ISIN>
</SECURITY>
<QUOTE>
<PRICE PRICE-TYPE="BID">
<REAL e-dtype="decimal">251.31</REAL>
<SIZE e-dtype="decimal">1000</SIZE>
</PRICE>
<PRICE PRICE-TYPE="OFFER">
<REAL e-dtype="decimal">244.65</REAL>
<SIZE e-dtype="decimal">1000</SIZE>
</PRICE>
</QUOTE>
<TRADING-BOOK-NAME e-dlength="20" e-dtype="string">latam</TRADING-BOOK-NAME>
</INSTRUMENT-QUOTE>
</MA>~00000732

<?xml version='1.0'?>
<!DOCTYPE MA SYSTEM 'ma.dtd'>
<MA>
<HEADER>
<MESSAGE-ID>28</MESSAGE-ID>
<MESSAGE-TYPE>REQUEST</MESSAGE-TYPE>
<MESSAGE-VERSION>2.7.0</MESSAGE-VERSION>
<USERNAME>
</USERNAME>
</HEADER>
<INSTRUMENT-QUOTE ACTION="UPDATE" FIRM="N">
<SENDER-SYSTEM e-dlength="32" e-dtype="string">latam-ecnpricefeed-offshore</SENDER-SYSTEM>
<SECURITY>
<ISIN e-dlength="12" e-dtype="string">US91086QAU22</ISIN>
</SECURITY>
<QUOTE>
<PRICE PRICE-TYPE="BID">
<REAL e-dtype="decimal">174.01</REAL>
<SIZE e-dtype="decimal">1000</SIZE>
</PRICE>
<PRICE PRICE-TYPE="OFFER">
<REAL e-dtype="decimal">166.21</REAL>
<SIZE e-dtype="decimal">1000</SIZE>
</PRICE>
</QUOTE>
<TRADING-BOOK-NAME e-dlength="20" e-dtype="string">latam</TRADING-BOOK-NAME>
</INSTRUMENT-QUOTE>
</MA>~00000732

<?xml version='1.0'?>
<!DOCTYPE MA SYSTEM 'ma.dtd'>
<MA>
<HEADER>
<MESSAGE-ID>29</MESSAGE-ID>
<MESSAGE-TYPE>REQUEST</MESSAGE-TYPE>
<MESSAGE-VERSION>2.7.0</MESSAGE-VERSION>
<USERNAME>
</USERNAME>
</HEADER>
<INSTRUMENT-QUOTE ACTION="UPDATE" FIRM="N">
<SENDER-SYSTEM e-dlength="32" e-dtype="string">latam-ecnpricefeed-offshore</SENDER-SYSTEM>
<SECURITY>
<ISIN e-dlength="12" e-dtype="string">US91086QAV05</ISIN>
</SECURITY>
<QUOTE>
<PRICE PRICE-TYPE="BID">
<REAL e-dtype="decimal">258.37</REAL>
<SIZE e-dtype="decimal">1000</SIZE>
</PRICE>
<PRICE PRICE-TYPE="OFFER">
<REAL e-dtype="decimal">251.64</REAL>
<SIZE e-dtype="decimal">1000</SIZE>
</PRICE>
</QUOTE>
<TRADING-BOOK-NAME e-dlength="20" e-dtype="string">latam</TRADING-BOOK-NAME>
</INSTRUMENT-QUOTE>
</MA>~00000732

<?xml version='1.0'?>
<!DOCTYPE MA SYSTEM 'ma.dtd'>
<MA>
<HEADER>
<MESSAGE-ID>30</MESSAGE-ID>
<MESSAGE-TYPE>REQUEST</MESSAGE-TYPE>
<MESSAGE-VERSION>2.7.0</MESSAGE-VERSION>
<USERNAME>
</USERNAME>
</HEADER>
<INSTRUMENT-QUOTE ACTION="UPDATE" FIRM="N">
<SENDER-SYSTEM e-dlength="32" e-dtype="string">latam-ecnpricefeed-offshore</SENDER-SYSTEM>
<SECURITY>
<ISIN e-dlength="12" e-dtype="string">US91086QAW87</ISIN>
</SECURITY>
<QUOTE>
<PRICE PRICE-TYPE="BID">
<REAL e-dtype="decimal">213.41</REAL>
<SIZE e-dtype="decimal">1000</SIZE>
</PRICE>
<PRICE PRICE-TYPE="OFFER">
<REAL e-dtype="decimal">206.99</REAL>
<SIZE e-dtype="decimal">1000</SIZE>
</PRICE>
</QUOTE>
<TRADING-BOOK-NAME e-dlength="20" e-dtype="string">latam</TRADING-BOOK-NAME>
</INSTRUMENT-QUOTE>
</MA>~00000730

<?xml version='1.0'?>
<!DOCTYPE MA SYSTEM 'ma.dtd'>
<MA>
<HEADER>
<MESSAGE-ID>31</MESSAGE-ID>
<MESSAGE-TYPE>REQUEST</MESSAGE-TYPE>
<MESSAGE-VERSION>2.7.0</MESSAGE-VERSION>
<USERNAME>
</USERNAME>
</HEADER>
<INSTRUMENT-QUOTE ACTION="UPDATE" FIRM="N">
<SENDER-SYSTEM e-dlength="32" e-dtype="string">latam-ecnpricefeed-offshore</SENDER-SYSTEM>
<SECURITY>
<ISIN e-dlength="12" e-dtype="string">US917288BA96</ISIN>
</SECURITY>
<QUOTE>
<PRICE PRICE-TYPE="BID">
<REAL e-dtype="decimal">99.22</REAL>
<SIZE e-dtype="decimal">1000</SIZE>
</PRICE>
<PRICE PRICE-TYPE="OFFER">
<REAL e-dtype="decimal">97.32</REAL>
<SIZE e-dtype="decimal">1000</SIZE>
</PRICE>
</QUOTE>
<TRADING-BOOK-NAME e-dlength="20" e-dtype="string">latam</TRADING-BOOK-NAME>
</INSTRUMENT-QUOTE>
</MA>~00000731

<?xml version='1.0'?>
<!DOCTYPE MA SYSTEM 'ma.dtd'>
<MA>
<HEADER>
<MESSAGE-ID>32</MESSAGE-ID>
<MESSAGE-TYPE>REQUEST</MESSAGE-TYPE>
<MESSAGE-VERSION>2.7.0</MESSAGE-VERSION>
<USERNAME>
</USERNAME>
</HEADER>
<INSTRUMENT-QUOTE ACTION="UPDATE" FIRM="N">
<SENDER-SYSTEM e-dlength="32" e-dtype="string">latam-ecnpricefeed-offshore</SENDER-SYSTEM>
<SECURITY>
<ISIN e-dlength="12" e-dtype="string">US91911TAE38</ISIN>
</SECURITY>
<QUOTE>
<PRICE PRICE-TYPE="BID">
<REAL e-dtype="decimal">265.0</REAL>
<SIZE e-dtype="decimal">1000</SIZE>
</PRICE>
<PRICE PRICE-TYPE="OFFER">
<REAL e-dtype="decimal">251.55</REAL>
<SIZE e-dtype="decimal">1000</SIZE>
</PRICE>
</QUOTE>
<TRADING-BOOK-NAME e-dlength="20" e-dtype="string">latam</TRADING-BOOK-NAME>
</INSTRUMENT-QUOTE>
</MA>~
